2024 Spring-Summer IREAD-3 Results,,,,,,,
"Proficiency rates reflect best Spring/Summer result of first-time third grade cohort, including previous year 2nd grade proficient results",,,,,,,
Public/Nonpublic,Corp Id,Corp Name,Sch Id,Sch Name,IREAD PASS N,IREAD TEST N,IREAD Pass%
Public,0015,Adams Central Community Schools,0020,Adams Central Elementary School,75,88,85.2%
Public,0025,North Adams Community Schools,0037,Bellmont Elementary ,77,98,78.6%
Public,0035,South Adams Schools,0025,South Adams Elementary School,81,93,87.1%
Public,0125,MSD Southwest Allen County Schls,0045,Aboite Elementary School,90,92,97.8%
Public,0125,MSD Southwest Allen County Schls,0046,Whispering Meadow Elementary Sch,67,86,77.9%
Public,0125,MSD Southwest Allen County Schls,0064,Lafayette Meadow School,91,97,93.8%
Public,0125,MSD Southwest Allen County Schls,0068,Haverhill Elementary School,61,63,96.8%
Public,0125,MSD Southwest Allen County Schls,0071,Deer Ridge Elementary,72,74,97.3%
Public,0125,MSD Southwest Allen County Schls,0072,Covington Elementary School,103,124,83.1%
Public,0225,Northwest Allen County Schools,0069,Arcola School,37,46,80.4%
Public,0225,Northwest Allen County Schools,0087,Hickory Center Elementary School,58,68,85.3%
Public,0225,Northwest Allen County Schools,0089,Huntertown Elementary School,84,92,91.3%
Public,0225,Northwest Allen County Schools,0092,Perry Hill Elementary School,89,92,96.7%
Public,0225,Northwest Allen County Schools,0094,Oak View Elementary School,57,65,87.7%
Public,0225,Northwest Allen County Schools,0095,Cedar Canyon Elementary School,77,80,96.3%
Public,0225,Northwest Allen County Schools,0096,Eel River Elementary School,47,57,82.5%
Public,0225,Northwest Allen County Schools,0098,Aspen Meadow Elementary School,78,86,90.7%
Public,0235,Fort Wayne Community Schools,0118,Jeff H Towles Intermediate School,63,71,88.7%
Public,0235,Fort Wayne Community Schools,0134,Weisser Park Elementary School,100,118,84.7%
Public,0235,Fort Wayne Community Schools,0136,Fairfield Elementary School,48,88,54.5%
Public,0235,Fort Wayne Community Schools,0137,Merle J Abbett Elementary School,38,71,53.5%
Public,0235,Fort Wayne Community Schools,0141,Adams Elementary School,26,41,63.4%
Public,0235,Fort Wayne Community Schools,0149,Bloomingdale Elementary School,31,44,70.5%
Public,0235,Fort Wayne Community Schools,0153,Brentwood Elementary School,49,61,80.3%
Public,0235,Fort Wayne Community Schools,0154,Fred H Croninger Elementary School,104,104,100.0%
Public,0235,Fort Wayne Community Schools,0157,Forest Park Elementary School,77,101,76.2%
Public,0235,Fort Wayne Community Schools,0161,Franke Park Elementary School,53,61,86.9%
Public,0235,Fort Wayne Community Schools,0162,Glenwood Park Elementary School,77,99,77.8%
Public,0235,Fort Wayne Community Schools,0164,J Wilbur Haley Elementary School,48,76,63.2%
Public,0235,Fort Wayne Community Schools,0178,Harrison Hill Elementary School,71,95,74.7%
Public,0235,Fort Wayne Community Schools,0186,Mabel K Holland Elementary School,61,68,89.7%
Public,0235,Fort Wayne Community Schools,0189,Indian Village Elementary School,38,58,65.5%
Public,0235,Fort Wayne Community Schools,0193,John S Irwin Elementary School,43,46,93.5%
Public,0235,Fort Wayne Community Schools,0197,Lindley Elementary School,35,44,79.5%
Public,0235,Fort Wayne Community Schools,0205,Maplewood Elementary School,79,92,85.9%
Public,0235,Fort Wayne Community Schools,0209,Willard Shambaugh Elementary Sch,40,49,81.6%
Public,0235,Fort Wayne Community Schools,0217,Northcrest Elementary School,57,79,72.2%
Public,0235,Fort Wayne Community Schools,0221,Francis M Price Elementary School,53,78,67.9%
Public,0235,Fort Wayne Community Schools,0233,Saint Joseph Central School,63,71,88.7%
Public,0235,Fort Wayne Community Schools,0239,Robert C Harris Elementary School,34,43,79.1%
Public,0235,Fort Wayne Community Schools,0249,Levan R Scott Academy,35,60,58.3%
Public,0235,Fort Wayne Community Schools,0253,South Wayne Elementary School,34,59,57.6%
Public,0235,Fort Wayne Community Schools,0257,Study Elementary School,17,40,42.5%
Public,0235,Fort Wayne Community Schools,0265,Washington Elementary School,26,33,78.8%
Public,0235,Fort Wayne Community Schools,0269,Washington Center Elementary Sch,80,92,87.0%
Public,0235,Fort Wayne Community Schools,0270,Lincoln Elementary School,83,109,76.1%
Public,0235,Fort Wayne Community Schools,0273,Waynedale Elementary School,45,50,90.0%
Public,0235,Fort Wayne Community Schools,0275,Arlington Elementary School,51,70,72.9%
Public,0255,East Allen County Schools,0043,Prince Chapman Academy,74,144,51.4%
Public,0255,East Allen County Schools,0083,New Haven Primary School,54,54,100.0%
Public,0255,East Allen County Schools,0281,Heritage Elementary School,57,69,82.6%
Public,0255,East Allen County Schools,0291,Cedarville Elementary School,208,217,95.9%
Public,0255,East Allen County Schools,0305,New Haven Intermediate School,56,90,62.2%
Public,0255,East Allen County Schools,0310,Southwick Elementary School,34,34,100.0%
Public,0255,East Allen County Schools,0323,Woodlan Elementary School,76,84,90.5%
Public,0365,Bartholomew Con School Corp,0328,Clifty Creek Elementary School,68,84,81.0%
Public,0365,Bartholomew Con School Corp,0346,CSA Lincoln Campus,51,51,100.0%
Public,0365,Bartholomew Con School Corp,0353,Mount Healthy Elementary School,46,50,92.0%
Public,0365,Bartholomew Con School Corp,0357,Parkside Elementary School,84,97,86.6%
Public,0365,Bartholomew Con School Corp,0363,W D Richards Elementary School,72,87,82.8%
Public,0365,Bartholomew Con School Corp,0366,Rockcreek Elementary School,49,53,92.5%
Public,0365,Bartholomew Con School Corp,0369,Lillian Schmitt Elementary School,92,109,84.4%
Public,0365,Bartholomew Con School Corp,0371,L F Smith Elementary,49,60,81.7%
Public,0365,Bartholomew Con School Corp,0375,CSA Fodrea Campus,36,42,85.7%
Public,0365,Bartholomew Con School Corp,0377,Taylorsville Elementary School,54,74,73.0%
Public,0365,Bartholomew Con School Corp,0392,Southside Elementary School,122,144,84.7%
Public,0370,Flat Rock-Hawcreek School Corp,0409,Hope Elementary School,51,56,91.1%
Public,0395,Benton Community School Corp,0421,Otterbein Elementary School,31,36,86.1%
Public,0395,Benton Community School Corp,0446,Prairie Crossing Elementary School,52,66,78.8%
Public,0515,Blackford County Schools,0494,Blackford Intermediate School,43,68,63.2%
Public,0515,Blackford County Schools,0501,Blackford Primary School,42,42,100.0%
Public,0615,Western Boone Co Com Sch Dist,0521,Granville Wells Elementary School,49,55,89.1%
Public,0615,Western Boone Co Com Sch Dist,0537,Thorntown Elementary School,55,66,83.3%
Public,0630,Zionsville Community Schools,0514,Eagle Elementary School,64,71,90.1%
Public,0630,Zionsville Community Schools,0517,Zionsville Pleasant View Elem Sch,145,146,99.3%
Public,0630,Zionsville Community Schools,0541,Union Elementary School,96,101,95.0%
Public,0630,Zionsville Community Schools,0542,Stonegate Elementary,83,90,92.2%
Public,0630,Zionsville Community Schools,0544,Boone Meadow,82,91,90.1%
Public,0630,Zionsville Community Schools,0546,Trailside Elementary School,97,100,97.0%
Public,0665,Lebanon Community School Corp,0534,Perry Worth Elementary School,73,90,81.1%
Public,0665,Lebanon Community School Corp,0561,Central Elementary School,52,55,94.5%
Public,0665,Lebanon Community School Corp,0565,Harney Elementary School,48,62,77.4%
Public,0665,Lebanon Community School Corp,0569,Hattie B Stokes Elementary School,46,63,73.0%
Public,0670,Brown County School Corporation,0577,Van Buren Elementary School,21,25,84.0%
Public,0670,Brown County School Corporation,0581,Helmsburg Elementary School,41,41,100.0%
Public,0670,Brown County School Corporation,0585,Sprunica Elementary School,36,43,83.7%
Public,0750,Carroll Consolidated School Corp,0629,Carroll Elementary School,59,72,81.9%
Public,0755,Delphi Community School Corp,0641,Delphi Community Elementary School,80,109,73.4%
Public,0775,Pioneer Regional School Corp,0649,Pioneer Elementary School,48,63,76.2%
Public,0815,Lewis Cass Schools ,0695,Lewis Cass Elementary School,86,105,81.9%
Public,0875,Logansport Community Sch Corp,0705,Franklin Elementary School,14,14,100.0%
Public,0875,Logansport Community Sch Corp,0709,Fairview Elementary School,51,82,62.2%
Public,0875,Logansport Community Sch Corp,0711,Landis Elementary School,106,151,70.2%
Public,0875,Logansport Community Sch Corp,0713,Columbia Elementary School,51,86,59.3%
Public,0935,Borden-Henryville School Corporation,0767,Henryville Elementary School,58,70,82.9%
Public,0935,Borden-Henryville School Corporation,0815,William W Borden Elementary School,37,38,97.4%
Public,0945,Silver Creek School Corporation,0789,Silver Creek Elementary School,203,241,84.2%
Public,1000,Clarksville Community School Corp,0845,Clarksville Elementary School,85,113,75.2%
Public,1000,Clarksville Community School Corp,1007,Indiana Gateway Digital Academy,52,126,41.3%
Public,1010,Greater Clark County Schools,0755,W E Wilson Elementary,64,74,86.5%
Public,1010,Greater Clark County Schools,0761,Thomas Jefferson Elementary School,36,38,94.7%
Public,1010,Greater Clark County Schools,0801,Northaven Elementary School,59,80,73.8%
Public,1010,Greater Clark County Schools,0805,Utica Elementary School,93,101,92.1%
Public,1010,Greater Clark County Schools,0807,New Washington Elementary School,38,42,90.5%
Public,1010,Greater Clark County Schools,0825,Jonathan Jennings Elementary Sch,140,164,85.4%
Public,1010,Greater Clark County Schools,0871,Riverside Elementary School,75,86,87.2%
Public,1010,Greater Clark County Schools,0874,Franklin Square Elementary School,51,68,75.0%
Public,1010,Greater Clark County Schools,0879,Parkwood Elementary School,64,102,62.7%
Public,1125,Clay Community Schools,0895,Clay City Elementary School,56,60,93.3%
Public,1125,Clay Community Schools,0901,Jackson Township Elementary School,36,42,85.7%
Public,1125,Clay Community Schools,0907,Staunton Elementary School,53,55,96.4%
Public,1125,Clay Community Schools,0923,Van Buren Elementary School,36,38,94.7%
Public,1125,Clay Community Schools,0941,East Side Elementary School,32,34,94.1%
Public,1125,Clay Community Schools,0942,Forest Park Elementary School,26,30,86.7%
Public,1125,Clay Community Schools,0949,Meridian Street Elementary School,37,44,84.1%
Public,1150,Clinton Central School Corporation,0961,Clinton Central Elementary School,55,64,85.9%
Public,1160,Clinton Prairie School Corporation,0981,Clinton Prairie Elementary School,93,100,93.0%
Public,1170,Community Schools of Frankfort,1015,Green Meadows Intermediate Elem,104,137,75.9%
Public,1170,Community Schools of Frankfort,1020,Suncrest Elementary School,61,79,77.2%
Public,1180,Rossville Con School District,1033,Rossville Elementary School,72,84,85.7%
Public,1300,Crawford County Community Sch Corp,1037,South Crawford Elementary School,21,29,72.4%
Public,1300,Crawford County Community Sch Corp,1045,West Crawford Elementary School,18,24,75.0%
Public,1300,Crawford County Community Sch Corp,1065,East Crawford Elementary School,32,36,88.9%
Public,1315,Barr-Reeve Community Schools Inc,1075,Barr Reeve Elementary School,76,83,91.6%
Public,1375,North Daviess Com Schools,1090,North Daviess Elementary School,88,94,93.6%
Public,1405,Washington Community Schools,1103,Washington Intermediate,102,157,65.0%
Public,1405,Washington Community Schools,1105,Veale Elementary School,14,14,100.0%
Public,1560,Sunman-Dearborn Com Sch Corp,1189,North Dearborn Elementary School,122,131,93.1%
Public,1560,Sunman-Dearborn Com Sch Corp,1193,Bright Elementary School,99,106,93.4%
Public,1560,Sunman-Dearborn Com Sch Corp,7211,Sunman Elementary School,35,46,76.1%
Public,1600,South Dearborn Community Sch Corp,1141,Dillsboro Elementary School,33,38,86.8%
Public,1600,South Dearborn Community Sch Corp,1165,Manchester Elementary School,21,23,91.3%
Public,1600,South Dearborn Community Sch Corp,1197,Aurora Elementary School,60,65,92.3%
Public,1620,Lawrenceburg Community School Corp,1210,Lawrenceburg Primary School,72,72,100.0%
Public,1620,Lawrenceburg Community School Corp,1217,Central Elementary School,67,72,93.1%
Public,1655,Decatur County Community Schools,1265,South Decatur Elementary School,50,57,87.7%
Public,1655,Decatur County Community Schools,1266,North Decatur Elementary School,76,80,95.0%
Public,1730,Greensburg Community Schools,1270,Greensburg Elementary,150,153,98.0%
Public,1805,DeKalb Co Eastern Com Sch Dist,1321,Butler Elementary School,47,51,92.2%
Public,1805,DeKalb Co Eastern Com Sch Dist,1335,Riverdale Elementary School,45,45,100.0%
Public,1820,Garrett-Keyser-Butler Com Sch Corp,1329,J E Ober Elementary School,102,124,82.3%
Public,1835,DeKalb Co Ctl United Sch Dist,1341,Waterloo Elementary School,25,31,80.6%
Public,1835,DeKalb Co Ctl United Sch Dist,1351,James R Watson Elementary School,99,104,95.2%
Public,1835,DeKalb Co Ctl United Sch Dist,1357,McKenney-Harrison Elementary Sch,86,96,89.6%
Public,1835,DeKalb Co Ctl United Sch Dist,1359,Country Meadow Elementary School,33,40,82.5%
Public,1875,Delaware Community School Corp,1365,Royerton Elementary School,88,93,94.6%
Public,1875,Delaware Community School Corp,1409,Eaton Elementary School,39,41,95.1%
Public,1875,Delaware Community School Corp,1520,Albany Elementary School,32,39,82.1%
Public,1885,Wes-Del Community Schools,1413,Wes-Del Elementary School,61,66,92.4%
Public,1895,Liberty-Perry Community Sch Corp,1381,Selma Elementary School,70,84,83.3%
Public,1900,Cowan Community School Corp,1385,Cowan Elementary School,49,61,80.3%
Public,1910,Yorktown Community Schools,1393,Yorktown Elementary School,49,69,71.0%
Public,1910,Yorktown Community Schools,1395,Pleasant View Elementary School,145,145,100.0%
Public,1940,Daleville Community Schools,1405,Daleville Elementary School,73,79,92.4%
Public,1970,Muncie Community Schools,1470,Grissom Elementary School,27,58,46.6%
Public,1970,Muncie Community Schools,1482,South View Elementary School,36,54,66.7%
Public,1970,Muncie Community Schools,1485,Longfellow Elementary School,29,43,67.4%
Public,1970,Muncie Community Schools,1496,North View Elementary School,41,59,69.5%
Public,1970,Muncie Community Schools,1500,Muncie Virtual Academy,***,5,***
Public,1970,Muncie Community Schools,1513,East Washington Academy,63,79,79.7%
Public,1970,Muncie Community Schools,1517,West View Elementary School,58,72,80.6%
Public,1970,Muncie Community Schools,1524,Youth Opportunity Center,***,1,***
Public,2040,Northeast Dubois Co Sch Corp,1549,Northeast Dubois Intermediate School,15,21,71.4%
Public,2040,Northeast Dubois Co Sch Corp,1577,Northeast Dubois Elementary School,28,28,100.0%
Public,2100,Southeast Dubois Co Sch Corp,1563,Pine Ridge Elementary School,47,53,88.7%
Public,2100,Southeast Dubois Co Sch Corp,1581,Ferdinand Elementary School,32,40,80.0%
Public,2110,Southwest Dubois Co Sch Corp,1529,Holland Elementary School,35,36,97.2%
Public,2110,Southwest Dubois Co Sch Corp,1590,Huntingburg Elementary School,102,125,81.6%
Public,2120,Greater Jasper Consolidated Schs,1569,Ireland Elementary School,100,101,99.0%
Public,2120,Greater Jasper Consolidated Schs,1601,Jasper Elementary School,169,185,91.4%
Public,2155,Fairfield Community Schools,1621,Millersburg Elementary- Middle Sch,37,38,97.4%
Public,2155,Fairfield Community Schools,1649,New Paris Elementary School,63,69,91.3%
Public,2155,Fairfield Community Schools,1652,Benton Elementary School,66,68,97.1%
Public,2260,Baugo Community Schools,1705,Jimtown Elementary School,53,53,100.0%
Public,2260,Baugo Community Schools,1707,Jimtown Intermediate School,55,68,80.9%
Public,2270,Concord Community Schools,1721,Concord East Side Elementary Sch,91,112,81.3%
Public,2270,Concord Community Schools,1723,Concord Ox Bow Elementary School,73,86,84.9%
Public,2270,Concord Community Schools,1725,Concord South Side Elementary Sch,51,69,73.9%
Public,2270,Concord Community Schools,1729,Concord West Side Elem School,73,103,70.9%
Public,2275,Middlebury Community Schools,1656,Jefferson Elementary School,98,103,95.1%
Public,2275,Middlebury Community Schools,1697,York Elementary School,54,64,84.4%
Public,2275,Middlebury Community Schools,1732,Middlebury Elementary School,43,46,93.5%
Public,2275,Middlebury Community Schools,1734,Orchard View School,79,83,95.2%
Public,2285,Wa-Nee Community Schools,1735,Wakarusa Elementary School,86,96,89.6%
Public,2285,Wa-Nee Community Schools,1743,Nappanee Elementary School,60,62,96.8%
Public,2285,Wa-Nee Community Schools,1747,Woodview Elementary School,55,68,80.9%
Public,2305,Elkhart Community Schools,1617,Cleveland Elementary School,49,73,67.1%
Public,2305,Elkhart Community Schools,1673,Osolo Elementary School,45,66,68.2%
Public,2305,Elkhart Community Schools,1679,Eastwood Elementary School,45,63,71.4%
Public,2305,Elkhart Community Schools,1681,Mary Feeser Elementary School,55,73,75.3%
Public,2305,Elkhart Community Schools,1693,Bristol Elementary School,36,43,83.7%
Public,2305,Elkhart Community Schools,1752,Elkhart Alternative Education,***,6,***
Public,2305,Elkhart Community Schools,1765,Beardsley Elementary School,32,61,52.5%
Public,2305,Elkhart Community Schools,1769,Mary Beck Elementary School,29,53,54.7%
Public,2305,Elkhart Community Schools,1773,Mary Daly Elementary School,36,77,46.8%
Public,2305,Elkhart Community Schools,1785,Pinewood Elementary School,46,67,68.7%
Public,2305,Elkhart Community Schools,1789,Monger Elementary School,49,69,71.0%
Public,2305,Elkhart Community Schools,1797,Riverview Elementary School,41,55,74.5%
Public,2305,Elkhart Community Schools,1801,Roosevelt STEAM Academy ,40,73,54.8%
Public,2305,Elkhart Community Schools,1817,Woodland Elementary School,43,67,64.2%
Public,2315,Goshen Community Schools,1633,Model Elementary School,71,99,71.7%
Public,2315,Goshen Community Schools,1641,Waterford Elementary School,61,84,72.6%
Public,2315,Goshen Community Schools,1829,Chamberlain Elementary School,34,52,65.4%
Public,2315,Goshen Community Schools,1833,Chandler Elementary School,10,10,100.0%
Public,2315,Goshen Community Schools,1843,Parkside Elementary School,37,51,72.5%
Public,2315,Goshen Community Schools,1847,Prairie View Elementary School,53,65,81.5%
Public,2315,Goshen Community Schools,1849,West Goshen Elementary School,41,73,56.2%
Public,2395,Fayette County School Corporation,1869,Everton Elementary School,29,35,82.9%
Public,2395,Fayette County School Corporation,1897,Eastview Elementary School,26,33,78.8%
Public,2395,Fayette County School Corporation,1909,Frazee Elementary School,41,47,87.2%
Public,2395,Fayette County School Corporation,1913,Grandview Elementary School,37,45,82.2%
Public,2395,Fayette County School Corporation,1921,Fayette Central Elementary,44,49,89.8%
Public,2400,New Albany-Floyd Co Con Sch,1929,Georgetown Elementary School,107,121,88.4%
Public,2400,New Albany-Floyd Co Con Sch,1943,Slate Run Elementary School,50,61,82.0%
Public,2400,New Albany-Floyd Co Con Sch,1949,Fairmont Elementary School,42,52,80.8%
Public,2400,New Albany-Floyd Co Con Sch,1953,Greenville Elementary School,111,120,92.5%
Public,2400,New Albany-Floyd Co Con Sch,1957,Grant Line Elementary School,85,89,95.5%
Public,2400,New Albany-Floyd Co Con Sch,1961,Green Valley Elementary School,64,86,74.4%
Public,2400,New Albany-Floyd Co Con Sch,1966,Floyds Knobs Elementary School,112,116,96.6%
Public,2400,New Albany-Floyd Co Con Sch,1974,Mount Tabor Elementary School,94,104,90.4%
Public,2400,New Albany-Floyd Co Con Sch,1981,S Ellen Jones Elementary School,26,38,68.4%
Public,2435,Attica Consolidated School Corp,2057,Attica Elementary School,32,33,97.0%
Public,2440,Covington Community School Corp,2009,Covington Elementary School,52,61,85.2%
Public,2455,Southeast Fountain School Corp,2021,Southeast Fountain Elementary,77,85,90.6%
Public,2475,Franklin County Community Sch Corp,2082,Laurel School,26,35,74.3%
Public,2475,Franklin County Community Sch Corp,2125,Brookville Elementary School,51,63,81.0%
Public,2475,Franklin County Community Sch Corp,2127,Mount Carmel School,28,28,100.0%
Public,2645,Rochester Community School Corp,2185,George M Riddle Elementary School,116,132,87.9%
Public,2650,Caston School Corporation,2157,Caston Elementary School,50,63,79.4%
Public,2725,East Gibson School Corporation,2189,Wood Memorial Intermediate School,28,36,77.8%
Public,2725,East Gibson School Corporation,2201,Francisco Elementary School,***,7,***
Public,2725,East Gibson School Corporation,2237,Wood Memorial Primary School,14,15,93.3%
Public,2735,North Gibson School Corporation,2223,Princeton Comm Intermediate School,103,127,81.1%
Public,2765,South Gibson School Corporation,2205,Haubstadt Community School,25,27,92.6%
Public,2765,South Gibson School Corporation,2214,Fort Branch Community School,48,55,87.3%
Public,2765,South Gibson School Corporation,2241,Owensville Community School,33,39,84.6%
Public,2815,Eastbrook Community Sch Corp,2263,Eastbrook South Elementary,46,55,83.6%
Public,2815,Eastbrook Community Sch Corp,2264,Eastbrook North Elementary,45,49,91.8%
Public,2825,Madison-Grant United School Corp,2329,Park Elementary School,54,63,85.7%
Public,2825,Madison-Grant United School Corp,2834,Virtual Preparatory Academy of Indiana at Madison-Grant K-5,15,31,48.4%
Public,2855,Mississinewa Community School Corp,2346,Northview Elementary School,115,146,78.8%
Public,2865,Marion Community Schools,2369,Allen Elementary School,44,59,74.6%
Public,2865,Marion Community Schools,2393,John W Kendall Elem School,39,57,68.4%
Public,2865,Marion Community Schools,2405,Riverview Elementary School,56,71,78.9%
Public,2865,Marion Community Schools,2409,Frances Slocum Elem School,46,58,79.3%
Public,2920,Bloomfield School District,2417,Bloomfield Elementary School,59,68,86.8%
Public,2940,Eastern Greene Schools,2433,Eastern Greene Elementary School,64,78,82.1%
Public,2950,Linton-Stockton School Corporation,2441,Linton-Stockton Elementary,87,100,87.0%
Public,2960,MSD Shakamak Schools,2449,Shakamak Elementary School,41,43,95.3%
Public,2980,White River Valley School District,2460,White River Valley Elementary Sch,51,67,76.1%
Public,3005,Hamilton Southeastern Schools,2464,Deer Creek Elementary,110,117,94.0%
Public,3005,Hamilton Southeastern Schools,2466,Brooks School Elementary,95,101,94.1%
Public,3005,Hamilton Southeastern Schools,2468,New Britton Elementary School,114,121,94.2%
Public,3005,Hamilton Southeastern Schools,2469,Fishers Elementary School,89,96,92.7%
Public,3005,Hamilton Southeastern Schools,2470,Cumberland Road Elem School,95,100,95.0%
Public,3005,Hamilton Southeastern Schools,2471,Hoosier Road Elementary School,91,96,94.8%
Public,3005,Hamilton Southeastern Schools,2473,Fall Creek Elementary School,109,113,96.5%
Public,3005,Hamilton Southeastern Schools,2474,Geist Elementary School,138,141,97.9%
Public,3005,Hamilton Southeastern Schools,2475,Lantern Road Elementary School,93,98,94.9%
Public,3005,Hamilton Southeastern Schools,2481,Harrison Parkway Elementary School,102,123,82.9%
Public,3005,Hamilton Southeastern Schools,2482,Sand Creek Elementary,79,87,90.8%
Public,3005,Hamilton Southeastern Schools,2483,Thorpe Creek Elementary,134,138,97.1%
Public,3005,Hamilton Southeastern Schools,2484,Southeastern Elementary School,166,174,95.4%
Public,3025,Hamilton Heights School Corp,2478,Hamilton Heights Elementary School,133,161,82.6%
Public,3030,Westfield-Washington Schools,2492,Shamrock Springs Elementary School,119,134,88.8%
Public,3030,Westfield-Washington Schools,2494,Carey Ridge Elementary School,112,133,84.2%
Public,3030,Westfield-Washington Schools,2495,Washington Woods Elementary School,127,148,85.8%
Public,3030,Westfield-Washington Schools,2496,Oak Trace Elementary School,109,114,95.6%
Public,3030,Westfield-Washington Schools,2498,Monon Trail Elementary School,111,120,92.5%
Public,3030,Westfield-Washington Schools,2504,Maple Glen Elementary,124,132,93.9%
Public,3055,Sheridan Community Schools,2465,Sheridan Elementary School,73,89,82.0%
Public,3060,Carmel Clay Schools,2507,Woodbrook Elementary School,91,97,93.8%
Public,3060,Carmel Clay Schools,2508,Cherry Tree Elementary School,117,125,93.6%
Public,3060,Carmel Clay Schools,2509,Carmel Elementary School,99,117,84.6%
Public,3060,Carmel Clay Schools,2510,College Wood Elementary School,111,115,96.5%
Public,3060,Carmel Clay Schools,2512,Smoky Row Elementary School,96,103,93.2%
Public,3060,Carmel Clay Schools,2515,Prairie Trace Elementary School,112,117,95.7%
Public,3060,Carmel Clay Schools,2516,Mohawk Trails Elementary School,82,97,84.5%
Public,3060,Carmel Clay Schools,2518,Forest Dale Elementary School,95,104,91.3%
Public,3060,Carmel Clay Schools,2522,Towne Meadow Elementary School,78,85,91.8%
Public,3060,Carmel Clay Schools,2526,West Clay Elementary School,99,104,95.2%
Public,3060,Carmel Clay Schools,3071,Clay Center Elementary School,108,125,86.4%
Public,3070,Noblesville Schools,2523,Hinkle Creek Elementary School,125,142,88.0%
Public,3070,Noblesville Schools,2529,North Elementary School,61,68,89.7%
Public,3070,Noblesville Schools,2533,Stony Creek Elementary School,98,109,89.9%
Public,3070,Noblesville Schools,2537,Noble Crossing Elementary School,125,134,93.3%
Public,3070,Noblesville Schools,2538,Hazel Dell Elementary School,85,95,89.5%
Public,3070,Noblesville Schools,2539,Promise Road Elementary,118,132,89.4%
Public,3070,Noblesville Schools,2547,White River Elementary School,84,103,81.6%
Public,3115,New Palestine Community Schools,2563,Brandywine Elementary School,62,67,92.5%
Public,3115,New Palestine Community Schools,2564,New Palestine Elementary School,95,97,97.9%
Public,3115,New Palestine Community Schools,2567,Sugar Creek Elementary Sch,102,112,91.1%
Public,3125,Greenfield-Central Com Schools,2581,Eden Elementary School,45,46,97.8%
Public,3125,Greenfield-Central Com Schools,2588,JB Stephens Elementary School,91,103,88.3%
Public,3125,Greenfield-Central Com Schools,2597,Harris Elementary School,72,84,85.7%
Public,3125,Greenfield-Central Com Schools,2609,Weston Elementary School,66,75,88.0%
Public,3135,Mt Vernon Community School Corp,2558,Fortville Elementary School,116,122,95.1%
Public,3135,Mt Vernon Community School Corp,2561,Mt Comfort Elementary School,82,93,88.2%
Public,3135,Mt Vernon Community School Corp,2570,McCordsville Elementary School,112,120,93.3%
Public,3145,Eastern Hancock Co Com Sch Corp,2586,Eastern Hancock Elementary School,81,87,93.1%
Public,3160,Lanesville Community School Corp,2611,Lanesville Elementary School,73,74,98.6%
Public,3180,North Harrison Com School Corp,2621,Morgan Elementary School,63,71,88.7%
Public,3180,North Harrison Com School Corp,2633,North Harrison Elementary School,83,95,87.4%
Public,3190,South Harrison Com Schools,2645,Corydon Elementary School,140,171,81.9%
Public,3190,South Harrison Com Schools,2649,New Middletown Elementary School,15,16,93.8%
Public,3190,South Harrison Com Schools,2653,Heth-Washington Elementary School,18,21,85.7%
Public,3190,South Harrison Com Schools,2667,South Central Elementary,40,44,90.9%
Public,3295,North West Hendricks Schools,2684,Pittsboro Primary School,66,66,100.0%
Public,3295,North West Hendricks Schools,2685,North Salem Elementary School,42,42,100.0%
Public,3295,North West Hendricks Schools,2725,Pittsboro Elementary School,31,32,96.9%
Public,3305,Brownsburg Community School Corp,2706,Brown Elementary School,86,90,95.6%
Public,3305,Brownsburg Community School Corp,2709,Brownsburg High School,***,1,***
Public,3305,Brownsburg Community School Corp,2711,Eagle Elementary School,77,84,91.7%
Public,3305,Brownsburg Community School Corp,2714,Reagan Elementary School,74,78,94.9%
Public,3305,Brownsburg Community School Corp,2718,Delaware Trail Elementary School,72,74,97.3%
Public,3305,Brownsburg Community School Corp,2722,Crossroads Elementary School,88,94,93.6%
Public,3305,Brownsburg Community School Corp,2723,White Lick Elementary School,76,77,98.7%
Public,3305,Brownsburg Community School Corp,2727,Cardinal Elementary School,98,105,93.3%
Public,3305,Brownsburg Community School Corp,2744,Lincoln Elementary School,97,102,95.1%
Public,3315,Avon Community School Corp,2726,River Birch Elementary School,122,144,84.7%
Public,3315,Avon Community School Corp,2733,Maple Elementary School,156,176,88.6%
Public,3315,Avon Community School Corp,2735,Sycamore Elementary School,110,117,94.0%
Public,3315,Avon Community School Corp,2738,Cedar Elementary School,123,132,93.2%
Public,3315,Avon Community School Corp,2739,Pine Tree Elementary School,72,92,78.3%
Public,3315,Avon Community School Corp,2740,Hickory Elementary School,103,117,88.0%
Public,3325,Danville Community School Corp,2721,North Elementary School,129,129,100.0%
Public,3325,Danville Community School Corp,2745,South Elementary School,82,86,95.3%
Public,3330,Plainfield Community School Corp,2748,Clarks Creek Elementary,61,80,76.3%
Public,3330,Plainfield Community School Corp,2751,Central Elementary School,89,98,90.8%
Public,3330,Plainfield Community School Corp,2761,Van Buren Elementary School,81,93,87.1%
Public,3330,Plainfield Community School Corp,2763,Brentwood Elementary School,68,75,90.7%
Public,3330,Plainfield Community School Corp,3338,Guilford Elementary,68,71,95.8%
Public,3335,Mill Creek Community Sch Corp,2675,Mill Creek East Elementary,46,52,88.5%
Public,3335,Mill Creek Community Sch Corp,2677,Mill Creek West Elementary,45,52,86.5%
Public,3405,Blue River Valley Schools,2803,Blue River Valley Elementary Sch,32,40,80.0%
Public,3415,South Henry School Corp,2777,Tri Elementary School,44,48,91.7%
Public,3435,Shenandoah School Corporation,2815,Shenandoah Elementary School,75,88,85.2%
Public,3445,New Castle Community School Corp,2832,Eastwood Elementary School,30,45,66.7%
Public,3445,New Castle Community School Corp,2847,Parker Elementary School,39,47,83.0%
Public,3445,New Castle Community School Corp,2849,James Whitcomb Riley Elem School,33,33,100.0%
Public,3445,New Castle Community School Corp,2853,Sunnyside Elementary School,***,3,***
Public,3445,New Castle Community School Corp,2861,Westwood Elementary School,36,41,87.8%
Public,3445,New Castle Community School Corp,2865,Wilbur Wright Elementary School,44,48,91.7%
Public,3455,C A Beard Memorial School Corp,2887,Knightstown Elementary School,72,82,87.8%
Public,3460,Taylor Community School Corp,2895,Taylor Elementary School,55,81,67.9%
Public,3470,Northwestern School Corp,2904,Northwestern Elementary School,75,80,93.8%
Public,3470,Northwestern School Corp,2905,Howard Elementary School,35,40,87.5%
Public,3480,Eastern Howard School Corporation,2909,Eastern Elementary School,92,117,78.6%
Public,3490,Western School Corporation,2923,Western Intermediate School,162,184,88.0%
Public,3500,Kokomo School Corporation,2943,Sycamore Elementary School,51,60,85.0%
Public,3500,Kokomo School Corporation,2945,Bon Air Elementary School,20,20,100.0%
Public,3500,Kokomo School Corporation,2947,Boulevard Elementary School,46,54,85.2%
Public,3500,Kokomo School Corporation,2961,Elwood Haynes Elementary School,37,56,66.1%
Public,3500,Kokomo School Corporation,2969,Lafayette Park Elementary School,48,67,71.6%
Public,3500,Kokomo School Corporation,2981,Maple Crest STEM Elementary School,***,8,***
Public,3500,Kokomo School Corporation,2993,Pettit Park School,28,49,57.1%
Public,3500,Kokomo School Corporation,3005,Wallace Elementary School,60,64,93.8%
Public,3625,Huntington Co Com Sch Corp,3021,Andrews Elementary School,47,52,90.4%
Public,3625,Huntington Co Com Sch Corp,3029,Roanoke Elementary School,61,69,88.4%
Public,3625,Huntington Co Com Sch Corp,3035,Salamonie Elementary School,41,48,85.4%
Public,3625,Huntington Co Com Sch Corp,3077,Flint Springs Elementary,62,74,83.8%
Public,3625,Huntington Co Com Sch Corp,3081,Lincoln Elementary School,46,58,79.3%
Public,3625,Huntington Co Com Sch Corp,3086,Horace Mann Elementary,46,58,79.3%
Public,3640,Medora Community School Corp,3095,Medora STEM Academy,***,6,***
Public,3675,Seymour Community Schools,3105,Cortland Elementary School,23,25,92.0%
Public,3675,Seymour Community Schools,3135,Margaret R Brown Elementary School,31,104,29.8%
Public,3675,Seymour Community Schools,3141,Emerson Elementary School,40,51,78.4%
Public,3675,Seymour Community Schools,3153,Seymour-Jackson Elementary School,62,117,53.0%
Public,3675,Seymour Community Schools,3157,Seymour-Redding Elementary School,84,129,65.1%
Public,3695,Brownstown Cnt Com Sch Corp,3129,Brownstown Elementary School,84,90,93.3%
Public,3710,Crothersville Community Schools,3122,Crothersville Elementary School,24,39,61.5%
Public,3785,Kankakee Valley School Corp,3184,DeMotte Elementary School,124,143,86.7%
Public,3785,Kankakee Valley School Corp,3197,Wheatfield Elementary School,81,90,90.0%
Public,3815,Rensselaer Central School Corp,3205,Van Rensselaer Elementary School,89,104,85.6%
Public,3945,Jay School Corporation,3241,Bloomfield Elementary School,34,39,87.2%
Public,3945,Jay School Corporation,3247,Redkey Elementary School,35,41,85.4%
Public,3945,Jay School Corporation,3273,East Jay Elementary,45,58,77.6%
Public,3945,Jay School Corporation,3287,East Elementary School,79,79,100.0%
Public,3945,Jay School Corporation,3289,West Jay Elementary,28,32,87.5%
Public,3995,Madison Consolidated Schools,3301,Deputy Elementary School,17,19,89.5%
Public,3995,Madison Consolidated Schools,3321,Rykers' Ridge Elementary School,27,32,84.4%
Public,3995,Madison Consolidated Schools,3329,Lydia Middleton Elementary School,57,61,93.4%
Public,3995,Madison Consolidated Schools,3333,Anderson Elementary School,49,67,73.1%
Public,4000,Southwestern-Jefferson Co Con,3341,Southwestern Elementary School,84,91,92.3%
Public,4015,Jennings County School Corporation,3349,Sand Creek Elementary School,28,32,87.5%
Public,4015,Jennings County School Corporation,3357,Scipio Elementary School,27,30,90.0%
Public,4015,Jennings County School Corporation,3361,Graham Creek Elementary School,33,35,94.3%
Public,4015,Jennings County School Corporation,3385,Hayden Elementary School,30,36,83.3%
Public,4015,Jennings County School Corporation,3389,Brush Creek Elementary School,33,36,91.7%
Public,4015,Jennings County School Corporation,3397,North Vernon Elementary School,60,81,74.1%
Public,4145,Clark-Pleasant Community Sch Corp,3401,Clark Elementary School,76,88,86.4%
Public,4145,Clark-Pleasant Community Sch Corp,3422,Grassy Creek Elementary School,84,102,82.4%
Public,4145,Clark-Pleasant Community Sch Corp,3425,Whiteland Elementary School,52,55,94.5%
Public,4145,Clark-Pleasant Community Sch Corp,3429,Break-O-Day Elementary School,89,94,94.7%
Public,4145,Clark-Pleasant Community Sch Corp,3430,Pleasant Crossing Elementary,77,89,86.5%
Public,4145,Clark-Pleasant Community Sch Corp,4172,Ray Crowe Elementary,76,93,81.7%
Public,4205,Center Grove Community School Corp,3434,Sugar Grove Elementary School,112,123,91.1%
Public,4205,Center Grove Community School Corp,3435,Center Grove Elementary School,116,119,97.5%
Public,4205,Center Grove Community School Corp,3438,Walnut Grove Elementary School,101,116,87.1%
Public,4205,Center Grove Community School Corp,3439,Maple Grove Elementary School,112,124,90.3%
Public,4205,Center Grove Community School Corp,3440,North Grove Elementary School,101,109,92.7%
Public,4205,Center Grove Community School Corp,3444,Pleasant Grove Elementary School,110,114,96.5%
Public,4215,Edinburgh Community School Corp,3452,East Side Elementary School,50,64,78.1%
Public,4225,Franklin Community School Corp,3413,Needham Elementary School,60,70,85.7%
Public,4225,Franklin Community School Corp,3433,Union Elementary School,42,42,100.0%
Public,4225,Franklin Community School Corp,3461,Northwood Elementary School,82,104,78.8%
Public,4225,Franklin Community School Corp,3465,Webb Elementary School,50,58,86.2%
Public,4225,Franklin Community School Corp,3467,Creekside Elementary School,82,103,79.6%
Public,4245,Greenwood Community Sch Corp,3477,Greenwood Northeast Elementary Sch,66,74,89.2%
Public,4245,Greenwood Community Sch Corp,3479,Westwood Elementary School,75,76,98.7%
Public,4245,Greenwood Community Sch Corp,3481,V O Isom Central Elem School,53,56,94.6%
Public,4245,Greenwood Community Sch Corp,3483,Southwest Elementary School,69,75,92.0%
Public,4255,Nineveh-Hensley-Jackson United,3411,Indian Creek Intermediate School,133,146,91.1%
Public,4315,North Knox School Corp,3545,North Knox Intermediate,73,88,83.0%
Public,4325,South Knox School Corp,3489,South Knox Elementary School,90,95,94.7%
Public,4335,Vincennes Community School Corp,3509,Benjamin Franklin Elementary Sch,58,60,96.7%
Public,4335,Vincennes Community School Corp,3573,James Whitcomb Riley Elem Sch,19,23,82.6%
Public,4335,Vincennes Community School Corp,3577,Tecumseh-Harrison Elementary Sch,56,63,88.9%
Public,4335,Vincennes Community School Corp,3581,Francis Vigo Elementary School,43,49,87.8%
Public,4345,Wawasee Community School Corp,3625,North Webster Elementary School,58,58,100.0%
Public,4345,Wawasee Community School Corp,3635,Milford Elementary School,34,36,94.4%
Public,4345,Wawasee Community School Corp,3637,Syracuse Elementary School,79,95,83.2%
Public,4415,Warsaw Community Schools,3589,Claypool Elementary School,45,56,80.4%
Public,4415,Warsaw Community Schools,3608,Eisenhower Elementary School,66,70,94.3%
Public,4415,Warsaw Community Schools,3610,Harrison Elementary School,52,65,80.0%
Public,4415,Warsaw Community Schools,3613,Leesburg Elementary School,69,88,78.4%
Public,4415,Warsaw Community Schools,3661,Jefferson Elementary School,45,51,88.2%
Public,4415,Warsaw Community Schools,3665,Lincoln Elementary School,56,77,72.7%
Public,4415,Warsaw Community Schools,3673,Madison Elementary School,54,67,80.6%
Public,4415,Warsaw Community Schools,3677,Washington Elementary School,74,87,85.1%
Public,4445,Tippecanoe Valley School Corp,2139,Akron Elementary School,52,62,83.9%
Public,4445,Tippecanoe Valley School Corp,3603,Mentone Elementary School,55,70,78.6%
Public,4455,Whitko Community School Corp,3642,Pierceton Elementary School,36,50,72.0%
Public,4455,Whitko Community School Corp,9173,South Whitley Elementary School,40,46,87.0%
Public,4515,Prairie Heights Community Sch Corp,3686,Prairie Heights Elementary School,105,121,86.8%
Public,4525,Westview School Corporation,3698,Topeka Elementary School,39,48,81.3%
Public,4525,Westview School Corporation,3704,Meadowview Elementary School,59,59,100.0%
Public,4525,Westview School Corporation,3714,Shipshewana-Scott Elementary Sch,59,63,93.7%
Public,4535,Lakeland School Corporation,3739,Lakeland Intermediate School,69,93,74.2%
Public,4570,NW Indiana Special Education Coop,4287,Eagle Park Community School,***,2,***
Public,4580,Hanover Community School Corp,3780,Red Cedars Elementary,190,210,90.5%
Public,4590,River Forest Community Sch Corp,3797,Henry S Evans Elementary School,40,51,78.4%
Public,4590,River Forest Community Sch Corp,3805,John I Meister Elementary School,58,72,80.6%
Public,4600,Merrillville Community School Corp,3821,Henry P Fieler Elementary School,80,94,85.1%
Public,4600,Merrillville Community School Corp,3822,Homer Iddings Elementary School,74,105,70.5%
Public,4600,Merrillville Community School Corp,3826,Edgar L Miller Elementary School,35,42,83.3%
Public,4600,Merrillville Community School Corp,3827,John Wood Elementary School,46,58,79.3%
Public,4600,Merrillville Community School Corp,3829,Jonas E Salk Elementary School,98,120,81.7%
Public,4615,Lake Central School Corporation,3837,Kolling Elementary School,113,121,93.4%
Public,4615,Lake Central School Corporation,3839,George Bibich Elementary School,93,98,94.9%
Public,4615,Lake Central School Corporation,3840,James H Watson Elementary School,106,114,93.0%
Public,4615,Lake Central School Corporation,3843,Protsman Elementary School,109,120,90.8%
Public,4615,Lake Central School Corporation,4349,Homan Elementary School,67,75,89.3%
Public,4615,Lake Central School Corporation,4351,Peifer Elementary School,74,84,88.1%
Public,4645,Tri-Creek School Corporation,3753,Oak Hill Elementary School,88,103,85.4%
Public,4645,Tri-Creek School Corporation,3845,Lake Prairie Elementary School,68,69,98.6%
Public,4645,Tri-Creek School Corporation,3848,Three Creeks Elem School,79,83,95.2%
Public,4650,Lake Ridge New Tech Schools,3885,Longfellow New Tech Elementary Sch,52,83,62.7%
Public,4660,Crown Point Community School Corp,3769,Douglas MacArthur Elem School,74,74,100.0%
Public,4660,Crown Point Community School Corp,3773,Dwight D Eisenhower Elem School,90,94,95.7%
Public,4660,Crown Point Community School Corp,3854,Winfield Elementary School,96,104,92.3%
Public,4660,Crown Point Community School Corp,3903,Lake Street Elementary School,90,96,93.8%
Public,4660,Crown Point Community School Corp,3905,Solon Robinson Elementary School,74,78,94.9%
Public,4660,Crown Point Community School Corp,3907,Jerry Ross Elementary School,97,107,90.7%
Public,4660,Crown Point Community School Corp,3913,Timothy Ball Elementary School,76,93,81.7%
Public,4670,School City of East Chicago,3941,Benjamin Harrison Elementary Sch,23,49,46.9%
Public,4670,School City of East Chicago,3945,Abraham Lincoln Elementary School,21,33,63.6%
Public,4670,School City of East Chicago,3953,William McKinley Elementary School,47,78,60.3%
Public,4670,School City of East Chicago,3961,George Washington Elementary Sch,31,57,54.4%
Public,4680,Lake Station Community Schools,3973,Alexander Hamilton Elementary Sch,25,29,86.2%
Public,4680,Lake Station Community Schools,3975,Virgil I Bailey Elementary School,36,47,76.6%
Public,4690,Gary Community School Corp,4053,Banneker Elementary at Marquette,35,53,66.0%
Public,4690,Gary Community School Corp,4061,Beveridge Elementary School,20,46,43.5%
Public,4690,Gary Community School Corp,4068,Gary Virtual Academy,***,6,***
Public,4690,Gary Community School Corp,4086,Frankie Woods McCullough Academy,41,83,49.4%
Public,4690,Gary Community School Corp,4155,Glen Park Acad for Excel in Lrn,42,102,41.2%
Public,4690,Gary Community School Corp,4169,Daniel Hale Williams Elem Sch,45,88,51.1%
Public,4700,Griffith Public Schools,4171,Beiriger Elementary School,65,83,78.3%
Public,4700,Griffith Public Schools,4189,Elsie Wadsworth Elementary School,75,75,100.0%
Public,4710,School City of Hammond,4422,Joseph Hess Elementary School,58,84,69.0%
Public,4710,School City of Hammond,4449,Thomas A Edison Elementary School,67,91,73.6%
Public,4710,School City of Hammond,4451,Benjamin Franklin Elementary Sch,16,30,53.3%
Public,4710,School City of Hammond,4453,Warren G Harding Elementary School,52,77,67.5%
Public,4710,School City of Hammond,4455,Washington Irving Elementary Sch,74,109,67.9%
Public,4710,School City of Hammond,4457,Thomas Jefferson Elementary School,39,68,57.4%
Public,4710,School City of Hammond,4459,Kenwood Elementary School,17,32,53.1%
Public,4710,School City of Hammond,4463,Abraham Lincoln Elementary School,46,70,65.7%
Public,4710,School City of Hammond,4465,Annie Burns-Hicks Elementary School,38,69,55.1%
Public,4710,School City of Hammond,4469,Morton Elementary School,39,83,47.0%
Public,4710,School City of Hammond,4479,Lew Wallace Elementary School,35,40,87.5%
Public,4710,School City of Hammond,4484,Frank O'Bannon Elementary School,38,69,55.1%
Public,4720,School Town of Highland,4285,Judith Morton Johnston Elementary,35,45,77.8%
Public,4720,School Town of Highland,4290,Mildred Merkley Elementary School,42,49,85.7%
Public,4720,School Town of Highland,4301,Southridge Elementary School,69,79,87.3%
Public,4720,School Town of Highland,4303,Allen J Warren Elementary School,44,50,88.0%
Public,4730,School City of Hobart,4317,Liberty Elementary School,76,92,82.6%
Public,4730,School City of Hobart,4325,Veterans Elementary School at Mundell,91,111,82.0%
Public,4730,School City of Hobart,4327,Joan Martin Elementary School,70,86,81.4%
Public,4740,School Town of Munster,4337,James B Eads Elementary School,84,86,97.7%
Public,4740,School Town of Munster,4341,Ernest R Elliott Elementary School,72,82,87.8%
Public,4740,School Town of Munster,4343,Frank H Hammond Elementary School,100,105,95.2%
Public,4760,School City of Whiting,4361,Nathan Hale Elementary School,57,66,86.4%
Public,4805,New Prairie United School Corp,4679,Prairie View Elementary School,47,51,92.2%
Public,4805,New Prairie United School Corp,4693,Rolling Prairie Elementary School,73,76,96.1%
Public,4805,New Prairie United School Corp,7349,Olive Township Elementary School,78,81,96.3%
Public,4860,MSD of New Durham Township,4699,Westville Elementary School,77,84,91.7%
Public,4915,Tri-Township Cons School Corp,4696,Tri-Township Elementary School,27,28,96.4%
Public,4925,Michigan City Area Schools,4373,Coolspring Elementary School,32,40,80.0%
Public,4925,Michigan City Area Schools,4713,Springfield Elementary School,36,47,76.6%
Public,4925,Michigan City Area Schools,4805,Edgewood Elementary School,31,41,75.6%
Public,4925,Michigan City Area Schools,4811,Lake Hills Elementary School,25,41,61.0%
Public,4925,Michigan City Area Schools,4821,Joy Elementary School,34,49,69.4%
Public,4925,Michigan City Area Schools,4825,Knapp Elementary School,37,52,71.2%
Public,4925,Michigan City Area Schools,4833,Marsh Elementary School,31,38,81.6%
Public,4925,Michigan City Area Schools,6829,Pine Elementary School,54,68,79.4%
Public,4940,South Central Com School Corp,4734,South Central Elementary School,73,76,96.1%
Public,4945,La Porte Community School Corp,4707,Indian Trail Elementary School,41,48,85.4%
Public,4945,La Porte Community School Corp,4721,Kingsford Heights Elementary Sch,24,28,85.7%
Public,4945,La Porte Community School Corp,4727,Kingsbury Elementary School,39,41,95.1%
Public,4945,La Porte Community School Corp,4749,Hailmann Elementary School,58,66,87.9%
Public,4945,La Porte Community School Corp,4753,F Willard Crichfield Elementary,67,69,97.1%
Public,4945,La Porte Community School Corp,4757,Lincoln Elementary School,32,34,94.1%
Public,4945,La Porte Community School Corp,4767,Riley Elementary School,43,50,86.0%
Public,4945,La Porte Community School Corp,4773,Handley Elementary School,70,76,92.1%
Public,5075,North Lawrence Com Schools,4864,Needmore Elementary School,25,28,89.3%
Public,5075,North Lawrence Com Schools,4885,Dollens Elementary,28,37,75.7%
Public,5075,North Lawrence Com Schools,4889,Shawswick Elementary School,47,66,71.2%
Public,5075,North Lawrence Com Schools,4909,Lincoln Elementary School,36,45,80.0%
Public,5075,North Lawrence Com Schools,4932,Parkview Elementary School,61,72,84.7%
Public,5085,Mitchell Community Schools,4861,Burris Elementary School,25,46,54.3%
Public,5085,Mitchell Community Schools,4863,Hatfield Elementary School,50,50,100.0%
Public,5245,Frankton-Lapel Community Schools,5009,Frankton Elementary School,93,111,83.8%
Public,5245,Frankton-Lapel Community Schools,5025,Lapel Elementary School,84,90,93.3%
Public,5255,South Madison Com Sch Corp,4935,East Elementary School,101,108,93.5%
Public,5255,South Madison Com Sch Corp,5061,Pendleton Elementary School,112,123,91.1%
Public,5255,South Madison Com Sch Corp,5064,Maple Ridge Elementary School,101,109,92.7%
Public,5265,Alexandria Community School Corp,5065,Alexandria Monroe Elementary School,78,92,84.8%
Public,5275,Anderson Community School Corp,4953,Edgewood Elementary School,24,37,64.9%
Public,5275,Anderson Community School Corp,4977,Tenth Street Elementary School,49,79,62.0%
Public,5275,Anderson Community School Corp,5033,Valley Grove Elementary School,47,83,56.6%
Public,5275,Anderson Community School Corp,5102,Eastside Elementary School,74,101,73.3%
Public,5275,Anderson Community School Corp,5142,Anderson Elementary School,33,78,42.3%
Public,5275,Anderson Community School Corp,5146,Erskine Elementary School,56,73,76.7%
Public,5280,Elwood Community School Corp,5151,Elwood Intermediate School,57,78,73.1%
Public,5280,Elwood Community School Corp,5157,Elwood Elementary School,26,26,100.0%
Public,5300,MSD Decatur Township,5178,Gold Academy,57,75,76.0%
Public,5300,MSD Decatur Township,5179,Blue Academy,81,96,84.4%
Public,5300,MSD Decatur Township,5180,Decatur High Ability Academy,24,24,100.0%
Public,5300,MSD Decatur Township,5185,Stephen Decatur Elementary School,54,90,60.0%
Public,5300,MSD Decatur Township,5187,Valley Mills Elementary School,57,79,72.2%
Public,5300,MSD Decatur Township,5189,West Newton Elementary School,58,71,81.7%
Public,5300,MSD Decatur Township,5192,Lynwood Elementary,43,59,72.9%
Public,5310,Franklin Township Com Sch Corp,5194,South Creek Elementary,166,197,84.3%
Public,5310,Franklin Township Com Sch Corp,5198,Thompson Crossing Elementary Sch,161,190,84.7%
Public,5310,Franklin Township Com Sch Corp,5200,Mary Adams Elementary School,122,129,94.6%
Public,5310,Franklin Township Com Sch Corp,5201,Acton Elementary School,126,150,84.0%
Public,5310,Franklin Township Com Sch Corp,5202,Arlington Elementary School,102,129,79.1%
Public,5310,Franklin Township Com Sch Corp,5205,Bunker Hill Elementary School,127,138,92.0%
Public,5330,MSD Lawrence Township,5281,Brook Park Elementary School,51,97,52.6%
Public,5330,MSD Lawrence Township,5283,Mary Evelyn Castle Elementary Sch,98,143,68.5%
Public,5330,MSD Lawrence Township,5285,Crestview Elementary School,78,107,72.9%
Public,5330,MSD Lawrence Township,5287,Amy Beverland Elementary,128,148,86.5%
Public,5330,MSD Lawrence Township,5289,Harrison Hill Elementary School,68,132,51.5%
Public,5330,MSD Lawrence Township,5293,Indian Creek Elementary School,61,127,48.0%
Public,5330,MSD Lawrence Township,5294,Forest Glen Elementary School,100,113,88.5%
Public,5330,MSD Lawrence Township,5295,Winding Ridge Elementary School,53,95,55.8%
Public,5330,MSD Lawrence Township,5296,Oaklandon Elementary School,42,71,59.2%
Public,5330,MSD Lawrence Township,5298,Skiles Test Elementary School,55,84,65.5%
Public,5330,MSD Lawrence Township,5299,Sunnyside Elementary School,47,96,49.0%
Public,5340,Perry Township Schools,5321,William Henry Burkhart Elementary,66,92,71.7%
Public,5340,Perry Township Schools,5322,Mary Bryan Elementary School,106,127,83.5%
Public,5340,Perry Township Schools,5325,Clinton Young Elementary School,57,104,54.8%
Public,5340,Perry Township Schools,5333,Glenns Valley Elementary School,86,105,81.9%
Public,5340,Perry Township Schools,5337,Abraham Lincoln Elementary School,74,114,64.9%
Public,5340,Perry Township Schools,5338,Douglas MacArthur Elementary Sch,90,118,76.3%
Public,5340,Perry Township Schools,5345,Homecroft Elementary School,57,81,70.4%
Public,5340,Perry Township Schools,5347,Southport Elementary School,71,95,74.7%
Public,5340,Perry Township Schools,5351,Winchester Village Elementary,67,114,58.8%
Public,5340,Perry Township Schools,5366,Jeremiah Gray Elementary School,63,102,61.8%
Public,5340,Perry Township Schools,5372,Rosa Parks Elementary School,105,136,77.2%
Public,5350,MSD Pike Township,5349,Fishback Creek Public Academy,58,63,92.1%
Public,5350,MSD Pike Township,5352,Deer Run Elementary,73,95,76.8%
Public,5350,MSD Pike Township,5354,College Park Elementary School,53,78,67.9%
Public,5350,MSD Pike Township,5357,Central Elementary School,59,93,63.4%
Public,5350,MSD Pike Township,5358,Eagle Creek Elementary School,66,84,78.6%
Public,5350,MSD Pike Township,5359,Eastbrook Elementary School,51,80,63.8%
Public,5350,MSD Pike Township,5360,Guion Creek Elementary School,64,95,67.4%
Public,5350,MSD Pike Township,5363,Snacks Crossing Elementary School,53,73,72.6%
Public,5350,MSD Pike Township,5378,New Augusta Public Academy - South,57,67,85.1%
Public,5360,MSD Warren Township,5369,Eastridge Elementary School,58,67,86.6%
Public,5360,MSD Warren Township,5370,Hawthorne Elementary School,56,75,74.7%
Public,5360,MSD Warren Township,5373,Grassy Creek Elementary School,83,99,83.8%
Public,5360,MSD Warren Township,5375,Lakeside Elementary School,79,108,73.1%
Public,5360,MSD Warren Township,5377,Lowell Elementary School,80,94,85.1%
Public,5360,MSD Warren Township,5379,Warren Online Academy,11,12,91.7%
Public,5360,MSD Warren Township,5386,Pleasant Run Elementary School,79,96,82.3%
Public,5360,MSD Warren Township,5389,Sunny Heights Elementary School,84,101,83.2%
Public,5360,MSD Warren Township,5391,Brookview Elementary School,77,93,82.8%
Public,5360,MSD Warren Township,5397,Liberty Park Elementary School,64,76,84.2%
Public,5370,MSD Washington Township,5403,Allisonville Elementary School,96,109,88.1%
Public,5370,MSD Washington Township,5406,Crooked Creek Elementary School,54,64,84.4%
Public,5370,MSD Washington Township,5407,Clearwater Elementary School,114,118,96.6%
Public,5370,MSD Washington Township,5408,Willow Lake Elementary School,92,121,76.0%
Public,5370,MSD Washington Township,5418,Greenbriar Elementary School,52,80,65.0%
Public,5370,MSD Washington Township,5427,Nora Elementary School,58,69,84.1%
Public,5370,MSD Washington Township,5430,Spring Mill Elementary School,72,80,90.0%
Public,5370,MSD Washington Township,5436,Fox Hill Elementary School,92,110,83.6%
Public,5375,MSD Wayne Township,5223,Maplewood Elementary School,47,85,55.3%
Public,5375,MSD Wayne Township,5227,Chapel Glen Elementary School,82,129,63.6%
Public,5375,MSD Wayne Township,5241,Garden City Elementary School,48,106,45.3%
Public,5375,MSD Wayne Township,5257,McClelland Elementary School,83,113,73.5%
Public,5375,MSD Wayne Township,5261,Rhoades Elementary School,52,85,61.2%
Public,5375,MSD Wayne Township,5265,Robey Elementary School,93,107,86.9%
Public,5375,MSD Wayne Township,5267,North Wayne Elementary School,73,110,66.4%
Public,5375,MSD Wayne Township,5270,Stout Field Elementary School,59,90,65.6%
Public,5375,MSD Wayne Township,5271,Sanders School,***,2,***
Public,5375,MSD Wayne Township,5273,Westlake Elementary School,58,90,64.4%
Public,5375,MSD Wayne Township,5274,Chapelwood Elementary School,73,98,74.5%
Public,5375,MSD Wayne Township,5446,Bridgeport Elementary School,59,99,59.6%
Public,5380,Beech Grove City Schools,5457,Central Elementary School,147,185,79.5%
Public,5385,Indianapolis Public Schools,5498,Cold Spring School,31,46,67.4%
Public,5385,Indianapolis Public Schools,5514,Washington Irving Neighborhood School 14,20,29,69.0%
Public,5385,Indianapolis Public Schools,5515,Thomas Gregg Neighborhood School 15,45,101,44.6%
Public,5385,Indianapolis Public Schools,5531,"James A. Garfield School 31, a STEM School",21,28,75.0%
Public,5385,Indianapolis Public Schools,5534,"Eleanor Skillen School 34, a Montessori School",23,41,56.1%
Public,5385,Indianapolis Public Schools,5538,"Mary Nicholson School 70 Center for Inquiry, an IB World School",47,54,87.0%
Public,5385,Indianapolis Public Schools,5539,"William McKinley School 39, an Exploratory School",39,55,70.9%
Public,5385,Indianapolis Public Schools,5543,"James Whitcomb Riley School 43, a Visual and Performing Arts School",14,41,34.1%
Public,5385,Indianapolis Public Schools,5546,"Daniel Webster School 46, an Exploratory School",20,46,43.5%
Public,5385,Indianapolis Public Schools,5549,"William Penn Middle School, a STEM School",34,54,63.0%
Public,5385,Indianapolis Public Schools,5551,"James Russell Lowell School 51, a Montessori School",17,55,30.9%
Public,5385,Indianapolis Public Schools,5554,"Brookside School 54, an Exploratory School",40,61,65.6%
Public,5385,Indianapolis Public Schools,5555,"Eliza Baker School 55, a Butler Lab Reggio Emilia School",35,45,77.8%
Public,5385,Indianapolis Public Schools,5556,Francis W Parker School 56,***,5,***
Public,5385,Indianapolis Public Schools,5557,"George W. Julian School 57 Center for Inquiry, an Inquiry School",17,20,85.0%
Public,5385,Indianapolis Public Schools,5558,"Ralph Waldo Emerson School 58, an Exploratory School",18,43,41.9%
Public,5385,Indianapolis Public Schools,5560,"William Bell School 60, a Butler Lab Reggio Emilia School",49,69,71.0%
Public,5385,Indianapolis Public Schools,5565,Raymond F Brandes School 65,***,4,***
Public,5385,Indianapolis Public Schools,5570,Edison School of the Arts 47,49,77,63.6%
Public,5385,Indianapolis Public Schools,5574,"Theodore Potter School 74, a Dual Language School",19,34,55.9%
Public,5385,Indianapolis Public Schools,5577,"Merle Sidener Academy 59, a High Ability School",30,31,96.8%
Public,5385,Indianapolis Public Schools,5579,"Carl Wilde School 79 Center For Inquiry, an Inquiry School",45,82,54.9%
Public,5385,Indianapolis Public Schools,5582,"Christian Park School 82, an Exploratory School",23,45,51.1%
Public,5385,Indianapolis Public Schools,5583,Floro Torrence School 83,***,3,***
Public,5385,Indianapolis Public Schools,5587,"George Washington Carver School 87, a Montessori School",33,39,84.6%
Public,5385,Indianapolis Public Schools,5588,"Anna Brochhausen School 88, a STEM School",19,47,40.4%
Public,5385,Indianapolis Public Schools,5590,"Ernie Pyle School 90, a Paideia School",26,44,59.1%
Public,5385,Indianapolis Public Schools,5591,"Rousseau McClellan School 91, a Montessori School",53,61,86.9%
Public,5385,Indianapolis Public Schools,5596,"Meredith Nicholson School 96, an Exploratory School",37,69,53.6%
Public,5385,Indianapolis Public Schools,5605,"Charles Warren Fairbanks School 105, an Exploratory School",15,61,24.6%
Public,5385,Indianapolis Public Schools,5606,"Robert Lee Frost School 106, a STEM School",35,56,62.5%
Public,5385,Indianapolis Public Schools,5607,"Lew Wallace School 107, an Exploratory School",35,70,50.0%
Public,5385,Indianapolis Public Schools,5609,"Jonathan Jennings School 109, an Exploratory School",24,36,66.7%
Public,5385,Indianapolis Public Schools,5614,Paul I Miller School 114,***,7,***
Public,5385,Indianapolis Public Schools,5619,George S Buck School 94,***,9,***
Public,5385,Indianapolis Public Schools,5623,Sankofa School of Success at Arlington Woods School 99,19,50,38.0%
Public,5385,Indianapolis Public Schools,5635,"Benjamin Harrison School 2 Center for Inquiry, an IB World School",42,54,77.8%
Public,5385,Indianapolis Public Schools,5659,"Joseph J. Bingham School 84 Center for Inquiry, an IB World School",46,51,90.2%
Public,5385,Indianapolis Public Schools,5662,"Clarence Farrington School 61, an Exploratory School",17,71,23.9%
Public,5385,Indianapolis Public Schools,5668,"Charity Dye School 27 Center for Inquiry, an IB World School",36,45,80.0%
Public,5385,Indianapolis Public Schools,5674,"Fredrick Douglas School 19, an Exploratory School",37,63,58.7%
Public,5390,Southside Sp Srvs Of Marion Co,5320,RISE Learning Center,***,6,***
Public,5400,School Town of Speedway,5893,James A Allison Elementary Sch 3,30,31,96.8%
Public,5400,School Town of Speedway,5897,Carl G Fisher Elementary School 1,11,11,100.0%
Public,5400,School Town of Speedway,5901,Arthur C Newby Elementary School 2,25,28,89.3%
Public,5400,School Town of Speedway,5905,Frank H Wheeler Elementary Sch 4,34,40,85.0%
Public,5455,Culver Community Schools Corp,5928,Culver Elementary School,53,61,86.9%
Public,5470,Argos Community Schools,5936,Argos Community Elementary,50,56,89.3%
Public,5480,Bremen Public Schools,5943,Bremen Elementary/Middle School,81,98,82.7%
Public,5485,Plymouth Community School Corp,5933,Menominee Elementary School,51,66,77.3%
Public,5485,Plymouth Community School Corp,5961,Jefferson Elementary School,36,50,72.0%
Public,5485,Plymouth Community School Corp,5965,Washington Discovery Academy,32,48,66.7%
Public,5485,Plymouth Community School Corp,5969,Webster Elementary School,58,64,90.6%
Public,5495,Triton School Corporation,5922,Triton Elementary School,64,75,85.3%
Public,5520,Shoals Community School Corp,5989,Shoals Community Elementary School,21,31,67.7%
Public,5525,Loogootee Community Sch Corp,5997,Loogootee Elementary School,50,65,76.9%
Public,5615,Maconaquah School Corp,6035,Maconaquah Elementary School,107,137,78.1%
Public,5620,North Miami Community Schools,6051,North Miami Elementary School,45,47,95.7%
Public,5625,Oak Hill United School Corp,6073,Converse Elementary School,61,61,100.0%
Public,5625,Oak Hill United School Corp,6081,Sweetser Elementary School,44,53,83.0%
Public,5635,Peru Community Schools,6093,Blair Pointe Upper Elementary,44,64,68.8%
Public,5635,Peru Community Schools,6097,Elmwood Primary Learning Center,62,62,100.0%
Public,5705,Richland-Bean Blossom C S C,6151,Edgewood Primary School,112,112,100.0%
Public,5705,Richland-Bean Blossom C S C,6153,Edgewood Intermediate School,86,107,80.4%
Public,5740,Monroe County Community Sch Corp,6123,Unionville Elementary School,29,32,90.6%
Public,5740,Monroe County Community Sch Corp,6134,Lakeview Elementary School,46,50,92.0%
Public,5740,Monroe County Community Sch Corp,6157,Grandview Elementary School,40,52,76.9%
Public,5740,Monroe County Community Sch Corp,6162,Highland Park Elementary School,33,47,70.2%
Public,5740,Monroe County Community Sch Corp,6164,Summit Elementary School,65,83,78.3%
Public,5740,Monroe County Community Sch Corp,6173,Binford Elementary School,90,96,93.8%
Public,5740,Monroe County Community Sch Corp,6181,Arlington Heights Elementary Sch,24,31,77.4%
Public,5740,Monroe County Community Sch Corp,6187,Childs Elementary School,67,70,95.7%
Public,5740,Monroe County Community Sch Corp,6189,Clear Creek Elementary School,35,46,76.1%
Public,5740,Monroe County Community Sch Corp,6197,Fairview Elementary School,44,62,71.0%
Public,5740,Monroe County Community Sch Corp,6213,Marlin Elementary School,35,37,94.6%
Public,5740,Monroe County Community Sch Corp,6225,Templeton Elementary School,32,49,65.3%
Public,5740,Monroe County Community Sch Corp,6226,University Elementary School,56,62,90.3%
Public,5835,North Montgomery Com Sch Corp,6240,Pleasant Hill Elementary School,33,46,71.7%
Public,5835,North Montgomery Com Sch Corp,6243,Lester B Sommer Elementary School,36,43,83.7%
Public,5835,North Montgomery Com Sch Corp,6246,Sugar Creek Elementary School,45,51,88.2%
Public,5845,South Montgomery Com Sch Corp,6233,Ladoga Elementary School,26,26,100.0%
Public,5845,South Montgomery Com Sch Corp,6258,Walnut Elementary School,23,25,92.0%
Public,5845,South Montgomery Com Sch Corp,6269,New Market Elementary School,74,78,94.9%
Public,5855,Crawfordsville Community Schools,6301,Meredith Nicholson Elementary Sch,141,175,80.6%
Public,5900,Monroe-Gregg School District,6323,Monrovia Elementary School,102,122,83.6%
Public,5910,Eminence Community School Corp,6327,Eminence Elementary School,15,17,88.2%
Public,5925,MSD Martinsville Schools,6309,Green Township Elementary School,24,27,88.9%
Public,5925,MSD Martinsville Schools,6337,Brooklyn STEM Academy,37,40,92.5%
Public,5925,MSD Martinsville Schools,6341,Centerton Elementary School,21,24,87.5%
Public,5925,MSD Martinsville Schools,6344,South Elementary School of Communications,50,55,90.9%
Public,5925,MSD Martinsville Schools,6349,Charles L Smith Fine Arts Academy,60,70,85.7%
Public,5925,MSD Martinsville Schools,6357,Paragon Elementary School,34,36,94.4%
Public,5925,MSD Martinsville Schools,6361,Poston Road Elementary School,33,45,73.3%
Public,5930,Mooresville Con School Corp,6375,Neil Armstrong Elementary School,53,68,77.9%
Public,5930,Mooresville Con School Corp,6381,Newby Memorial Elementary School,39,42,92.9%
Public,5930,Mooresville Con School Corp,6385,North Madison Elementary School,90,98,91.8%
Public,5930,Mooresville Con School Corp,6387,Northwood Elementary School,52,61,85.2%
Public,5930,Mooresville Con School Corp,6393,Waverly Elementary School,37,41,90.2%
Public,5945,North Newton School Corp,6397,Morocco Elementary School,17,17,100.0%
Public,5945,North Newton School Corp,6405,Lake Village Elementary School,20,22,90.9%
Public,5945,North Newton School Corp,6409,Lincoln Elementary School,34,42,81.0%
Public,5995,South Newton School Corp,6431,South Newton Elementary School,67,76,88.2%
Public,6055,Central Noble Com School Corp,6454,Central Noble Elementary School,57,85,67.1%
Public,6060,East Noble School Corporation,6457,Avilla Elementary School,64,77,83.1%
Public,6060,East Noble School Corporation,6465,Rome City Elementary School,26,30,86.7%
Public,6060,East Noble School Corporation,6477,North Side Elementary School,37,44,84.1%
Public,6060,East Noble School Corporation,6478,South Side Elementary School,27,50,54.0%
Public,6060,East Noble School Corporation,6485,Wayne Center Elem School,55,65,84.6%
Public,6065,West Noble School Corporation,6510,West Noble Elementary School,118,172,68.6%
Public,6080,Rising Sun-Ohio Co Com,6511,Ohio County Elementary School,39,54,72.2%
Public,6145,Orleans Community Schools,6577,Orleans Elementary School,52,63,82.5%
Public,6155,Paoli Community School Corp,6587,Throop Elementary School,94,106,88.7%
Public,6160,Springs Valley Com School Corp,6591,Springs Valley Elementary School,42,46,91.3%
Public,6195,Spencer-Owen Community Schools,6601,Patricksburg Elementary School,14,19,73.7%
Public,6195,Spencer-Owen Community Schools,6605,Gosport Elementary School,20,21,95.2%
Public,6195,Spencer-Owen Community Schools,6617,Spencer Elementary School,59,66,89.4%
Public,6195,Spencer-Owen Community Schools,6619,McCormick's Creek Elementary Sch,52,53,98.1%
Public,6260,Southwest Parke Com Sch Corp,6621,Rosedale Elementary School,44,47,93.6%
Public,6260,Southwest Parke Com Sch Corp,6629,Montezuma Elementary School,17,22,77.3%
Public,6325,Perry Central Com Schools Corp,6705,Perry Central Elementary School,88,91,96.7%
Public,6340,Cannelton City Schools,6733,Cannelton Elementary & High School,10,12,83.3%
Public,6350,Tell City-Troy Twp School Corp,6745,William Tell Elementary School,88,97,90.7%
Public,6375,North Central Parke Comm Schl Corp,6645,Rockville Elementary School,42,55,76.4%
Public,6375,North Central Parke Comm Schl Corp,6647,Turkey Run Elementary School,39,41,95.1%
Public,6445,Pike County School Corp,6808,Winslow Elementary School,28,36,77.8%
Public,6445,Pike County School Corp,6809,Petersburg Elementary School,62,66,93.9%
Public,6455,Porter County Education Services,6811,Porter County Education Services,***,1,***
Public,6460,MSD Boone Township,6815,Hebron Elementary School,62,69,89.9%
Public,6470,Duneland School Corporation,6817,Jackson Elementary School,62,63,98.4%
Public,6470,Duneland School Corporation,6819,Brummitt Elementary School,75,81,92.6%
Public,6470,Duneland School Corporation,6823,Liberty Elementary School,80,87,92.0%
Public,6470,Duneland School Corporation,6928,Bailly Elementary School,86,94,91.5%
Public,6470,Duneland School Corporation,6941,Newton Yost Elementary School,74,80,92.5%
Public,6510,East Porter County School Corp,6828,Morgan Township Elementary School,55,59,93.2%
Public,6510,East Porter County School Corp,6835,Kouts Elementary School,47,49,95.9%
Public,6510,East Porter County School Corp,6852,Washington Twp Elementary School,63,80,78.8%
Public,6520,Porter Township School Corp,6840,Porter Lakes Elementary School,87,92,94.6%
Public,6530,Union Township School Corp,6845,Union Center Elementary School,60,64,93.8%
Public,6530,Union Township School Corp,6846,John Simatovich Elementary School,40,42,95.2%
Public,6550,Portage Township Schools,6857,Wallace Aylesworth Elementary,59,81,72.8%
Public,6550,Portage Township Schools,6861,Crisman Elementary School,47,59,79.7%
Public,6550,Portage Township Schools,6865,Central Elementary School,41,62,66.1%
Public,6550,Portage Township Schools,6869,Ethel R Jones Elementary School,49,61,80.3%
Public,6550,Portage Township Schools,6874,Rowena Kyle Elementary School,74,86,86.0%
Public,6550,Portage Township Schools,6876,Paul Saylor Elementary School,34,43,79.1%
Public,6550,Portage Township Schools,6877,George L Myers Elementary School,39,50,78.0%
Public,6550,Portage Township Schools,6879,South Haven Elementary School,39,47,83.0%
Public,6560,Valparaiso Community Schools,6888,Thomas Jefferson Elementary School,38,40,95.0%
Public,6560,Valparaiso Community Schools,6891,Central Elementary School,22,23,95.7%
Public,6560,Valparaiso Community Schools,6893,Flint Lake Elementary School,91,95,95.8%
Public,6560,Valparaiso Community Schools,6897,Cooks Corners Elementary School,69,77,89.6%
Public,6560,Valparaiso Community Schools,6903,Heavilin Elementary School,77,81,95.1%
Public,6560,Valparaiso Community Schools,6913,Memorial Elementary School,84,86,97.7%
Public,6560,Valparaiso Community Schools,6917,Northview Elementary School,45,49,91.8%
Public,6560,Valparaiso Community Schools,6921,Parkview Elementary School,31,33,93.9%
Public,6590,MSD Mount Vernon,6961,West Elementary School,47,54,87.0%
Public,6590,MSD Mount Vernon,6965,Farmersville Elementary School,40,45,88.9%
Public,6590,MSD Mount Vernon,6969,Marrs Elementary School,50,51,98.0%
Public,6600,MSD North Posey Co Schools,6985,North Elementary School,46,48,95.8%
Public,6600,MSD North Posey Co Schools,6989,South Terrace Elementary,47,49,95.9%
Public,6620,Eastern Pulaski Community Sch Corp,6994,Eastern Pulaski Elementary School,63,73,86.3%
Public,6630,West Central School Corp,7027,West Central Elementary School,38,51,74.5%
Public,6705,South Putnam Community Schools,7055,Central Elementary School,36,45,80.0%
Public,6705,South Putnam Community Schools,7057,Fillmore Elementary School,18,18,100.0%
Public,6715,North Putnam Community Schools,7041,Bainbridge Elementary School,42,53,79.2%
Public,6715,North Putnam Community Schools,7045,Roachdale Elementary School,29,31,93.5%
Public,6750,Cloverdale Community Schools,7079,Cloverdale Distance Learning Academy,150,184,81.5%
Public,6750,Cloverdale Community Schools,7082,Cloverdale Elementary School,64,71,90.1%
Public,6755,Greencastle Community School Corp,7102,Tzouanakis Intermediate School,112,140,80.0%
Public,6795,Union School Corporation,7117,Union Elementary School,12,16,75.0%
Public,6795,Union School Corporation,7122,Indiana Digital Elementary,110,260,42.3%
Public,6805,Randolph Southern School Corp,7113,Randolph Southern Elementary Sch,33,42,78.6%
Public,6820,Monroe Central School Corp,7152,Monroe Central Elementary School,85,93,91.4%
Public,6825,Randolph Central School Corp,7145,Willard Elementary School,68,82,82.9%
Public,6825,Randolph Central School Corp,7146,Deerfield Elementary School,34,36,94.4%
Public,6835,Randolph Eastern School Corp,7164,North Side Elementary School,47,60,78.3%
Public,6865,South Ripley Com Sch Corp,7178,South Ripley Elementary School,60,61,98.4%
Public,6895,Batesville Community School Corp,7218,Batesville Primary School,87,87,100.0%
Public,6895,Batesville Community School Corp,7229,Batesville Intermediate School,69,73,94.5%
Public,6900,Jac-Cen-Del Community Sch Corp,7203,Jac-Cen-Del Elementary School,50,54,92.6%
Public,6910,Milan Community Schools,7209,Milan Elementary School,59,72,81.9%
Public,6995,Rush County Schools,7233,Milroy Elementary School,12,16,75.0%
Public,6995,Rush County Schools,7253,Arlington Elementary School,20,22,90.9%
Public,6995,Rush County Schools,7271,Rushville Elementary School,58,70,82.9%
Public,6995,Rush County Schools,7272,Rushville Elementary School West,18,18,100.0%
Public,7150,John Glenn School Corporation,7456,North Liberty School,68,73,93.2%
Public,7150,John Glenn School Corporation,7457,Walkerton Elementary School,82,85,96.5%
Public,7175,Penn-Harris-Madison School Corp,7323,Walt Disney Elementary School,64,87,73.6%
Public,7175,Penn-Harris-Madison School Corp,7324,Prairie Vista Elementary School,86,88,97.7%
Public,7175,Penn-Harris-Madison School Corp,7329,Mary Frank Harris Elementary Sch,64,68,94.1%
Public,7175,Penn-Harris-Madison School Corp,7341,Madison Elementary School,17,22,77.3%
Public,7175,Penn-Harris-Madison School Corp,7361,Elm Road Elementary School,58,75,77.3%
Public,7175,Penn-Harris-Madison School Corp,7365,Elsie Rogers Elementary School,55,64,85.9%
Public,7175,Penn-Harris-Madison School Corp,7377,Moran Elementary School,64,75,85.3%
Public,7175,Penn-Harris-Madison School Corp,7379,Bittersweet Elementary School,68,80,85.0%
Public,7175,Penn-Harris-Madison School Corp,7383,Horizon Elementary School,101,106,95.3%
Public,7175,Penn-Harris-Madison School Corp,7386,Meadow's Edge Elementary School,58,77,75.3%
Public,7175,Penn-Harris-Madison School Corp,7390,Northpoint Elementary School,104,109,95.4%
Public,7200,School City of Mishawaka,7459,Fred J Hums Elementary School,48,53,90.6%
Public,7200,School City of Mishawaka,7469,Battell Elementary School,35,44,79.5%
Public,7200,School City of Mishawaka,7473,Beiger Elementary School,50,60,83.3%
Public,7200,School City of Mishawaka,7478,Liberty Elementary School,47,64,73.4%
Public,7200,School City of Mishawaka,7481,Emmons Elementary School,42,59,71.2%
Public,7200,School City of Mishawaka,7485,Lasalle Elementary School,46,67,68.7%
Public,7200,School City of Mishawaka,7499,Twin Branch Elementary School,39,43,90.7%
Public,7205,South Bend Community School Corp,7248,South Bend Virtual School,***,2,***
Public,7205,South Bend Community School Corp,7417,Warren Elementary School,12,25,48.0%
Public,7205,South Bend Community School Corp,7425,Clay International Academy,24,36,66.7%
Public,7205,South Bend Community School Corp,7435,Darden Elementary School,48,63,76.2%
Public,7205,South Bend Community School Corp,7441,Swanson Traditional School,65,67,97.0%
Public,7205,South Bend Community School Corp,7533,Coquillard Elementary School ,14,43,32.6%
Public,7205,South Bend Community School Corp,7545,Harrison Elementary School,46,107,43.0%
Public,7205,South Bend Community School Corp,7546,Marshall Traditional School,41,47,87.2%
Public,7205,South Bend Community School Corp,7555,Kennedy Academy,96,105,91.4%
Public,7205,South Bend Community School Corp,7561,Lincoln Elementary School,39,54,72.2%
Public,7205,South Bend Community School Corp,7569,McKinley Elementary School,41,67,61.2%
Public,7205,South Bend Community School Corp,7573,Madison S.T.E.A.M. Academy ,48,98,49.0%
Public,7205,South Bend Community School Corp,7577,Marquette Montessori Academy,27,37,73.0%
Public,7205,South Bend Community School Corp,7585,Monroe Elementary School,39,68,57.4%
Public,7205,South Bend Community School Corp,7588,Wilson Elementary School,23,52,44.2%
Public,7205,South Bend Community School Corp,7593,Muessel Elementary School,17,46,37.0%
Public,7205,South Bend Community School Corp,7601,Nuner Fine Arts Academy,25,57,43.9%
Public,7215,Union-North United School Corp,7400,LaVille Elementary School,80,102,78.4%
Public,7230,Scott County School District 1,7630,Austin Elementary School,66,95,69.5%
Public,7255,Scott County School District 2,7633,Johnson Elementary School,33,35,94.3%
Public,7255,Scott County School District 2,7637,Lexington Elementary School,38,41,92.7%
Public,7255,Scott County School District 2,7649,Scottsburg Elem School,71,83,85.5%
Public,7255,Scott County School District 2,7653,Vienna-Finley Elementary School,57,64,89.1%
Public,7285,Shelby Eastern Schools,7663,Morristown Elementary School,40,52,76.9%
Public,7285,Shelby Eastern Schools,7667,Waldron Elementary School,35,41,85.4%
Public,7350,Northwestern Con School Corp,7691,Triton Central Elementary School,80,92,87.0%
Public,7360,Southwestern Con Sch Shelby Co,7703,Southwestern Elementary School,33,40,82.5%
Public,7365,Shelbyville Central Schools,7725,Coulston Elementary School,55,73,75.3%
Public,7365,Shelbyville Central Schools,7729,Thomas A Hendricks Elementary Sch,71,90,78.9%
Public,7365,Shelbyville Central Schools,7733,William F Loper Elementary School,101,109,92.7%
Public,7385,North Spencer County Sch Corp,7751,Chrisney Elementary School,27,28,96.4%
Public,7385,North Spencer County Sch Corp,7753,David Turnham Education Center,40,47,85.1%
Public,7385,North Spencer County Sch Corp,7755,Nancy Hanks Elementary School,26,26,100.0%
Public,7385,North Spencer County Sch Corp,7767,Lincoln Trail Elementary School,49,53,92.5%
Public,7445,South Spencer County Sch Corp,7789,Luce Elementary School,30,31,96.8%
Public,7445,South Spencer County Sch Corp,7803,Rockport-Ohio Elementary School,55,58,94.8%
Public,7495,Oregon-Davis School Corp,7818,Oregon-Davis Elementary School,27,29,93.1%
Public,7515,North Judson-San Pierre Sch Corp,7851,North Judson-San Pierre Elem Sch,53,58,91.4%
Public,7525,Knox Community School Corp,7845,Knox Community Elementary School,112,133,84.2%
Public,7605,Fremont Community Schools,7881,Fremont Elementary School,67,79,84.8%
Public,7610,Hamilton Community Schools,7889,Hamilton Community Elementary Sch,26,28,92.9%
Public,7615,MSD Steuben County,7897,Carlin Park Elementary School,35,41,85.4%
Public,7615,MSD Steuben County,7899,Ryan Park Elementary School,48,59,81.4%
Public,7615,MSD Steuben County,7901,Hendry Park Elementary School,59,71,83.1%
Public,7615,MSD Steuben County,7905,Pleasant Lake Montessori School,13,16,81.3%
Public,7645,Northeast School Corp,7921,Northeast North Elementary School,29,31,93.5%
Public,7645,Northeast School Corp,7941,Northeast East Elementary School,15,18,83.3%
Public,7715,Southwest School Corporation,7953,Carlisle Elementary School,17,22,77.3%
Public,7715,Southwest School Corporation,7965,Sullivan Elementary School,89,108,82.4%
Public,7775,Switzerland County School Corp,7985,Jefferson-Craig Elementary School,64,78,82.1%
Public,7775,Switzerland County School Corp,7994,Switzerland Co Elementary School,34,39,87.2%
Public,7855,Lafayette School Corporation,8089,Edgelea Elementary School,74,81,91.4%
Public,7855,Lafayette School Corporation,8091,Glen Acres Elementary School,92,102,90.2%
Public,7855,Lafayette School Corporation,8103,Miami Elementary School,87,97,89.7%
Public,7855,Lafayette School Corporation,8104,Thomas Miller Elementary School,51,61,83.6%
Public,7855,Lafayette School Corporation,8105,Murdock Elementary School,42,49,85.7%
Public,7855,Lafayette School Corporation,8108,Oakland Elementary School,42,49,85.7%
Public,7855,Lafayette School Corporation,8117,Vinton Elementary School,72,81,88.9%
Public,7855,Lafayette School Corporation,8119,Amelia Earhart Elementary School,80,83,96.4%
Public,7865,Tippecanoe School Corp,8005,Mayflower Mill Elementary School,93,117,79.5%
Public,7865,Tippecanoe School Corp,8006,Wyandotte Elementary,69,83,83.1%
Public,7865,Tippecanoe School Corp,8007,Hershey Elementary School,78,84,92.9%
Public,7865,Tippecanoe School Corp,8009,Mintonye Elementary School,76,87,87.4%
Public,7865,Tippecanoe School Corp,8017,Dayton Elementary School,50,56,89.3%
Public,7865,Tippecanoe School Corp,8019,Burnett Creek Elementary School,111,126,88.1%
Public,7865,Tippecanoe School Corp,8021,Wea Ridge Elementary School,78,90,86.7%
Public,7865,Tippecanoe School Corp,8024,Battle Ground Elementary School,88,105,83.8%
Public,7865,Tippecanoe School Corp,8035,James Cole Elementary School,55,57,96.5%
Public,7865,Tippecanoe School Corp,8042,Klondike Elementary School,122,160,76.3%
Public,7865,Tippecanoe School Corp,8111,Woodland Elementary School,81,90,90.0%
Public,7875,West Lafayette Com School Corp,8138,West Lafayette Elementary School,159,175,90.9%
Public,7935,Tri-Central Community Schools,8154,Tri Central Elementary,54,58,93.1%
Public,7945,Tipton Community School Corp,8163,Tipton Elementary School,84,90,93.3%
Public,7950,Union Co/Clg Corner Joint Sch Dist,8209,Liberty Elementary School,51,54,94.4%
Public,7950,Union Co/Clg Corner Joint Sch Dist,8213,College Corner Union Elem School,47,56,83.9%
Public,7995,Evansville Vanderburgh School Corp,8207,EVSC Virtual Academy,***,6,***
Public,7995,Evansville Vanderburgh School Corp,8225,Cynthia Heights Elementary School,72,78,92.3%
Public,7995,Evansville Vanderburgh School Corp,8229,Scott Elementary School,73,79,92.4%
Public,7995,Evansville Vanderburgh School Corp,8231,Oak Hill Elementary,66,69,95.7%
Public,7995,Evansville Vanderburgh School Corp,8242,McCutchanville Elementary School,113,131,86.3%
Public,7995,Evansville Vanderburgh School Corp,8251,Lincoln School,15,34,44.1%
Public,7995,Evansville Vanderburgh School Corp,8261,Caze Elementary School,50,68,73.5%
Public,7995,Evansville Vanderburgh School Corp,8265,Cedar Hall Community School,34,56,60.7%
Public,7995,Evansville Vanderburgh School Corp,8270,Academy for Innovative Studies,***,9,***
Public,7995,Evansville Vanderburgh School Corp,8285,Delaware Elementary School,29,39,74.4%
Public,7995,Evansville Vanderburgh School Corp,8289,Dexter Elementary School,27,58,46.6%
Public,7995,Evansville Vanderburgh School Corp,8293,Fairlawn Elementary School,35,78,44.9%
Public,7995,Evansville Vanderburgh School Corp,8301,Glenwood Leadership Academy,18,47,38.3%
Public,7995,Evansville Vanderburgh School Corp,8309,Harper Elementary School,43,65,66.2%
Public,7995,Evansville Vanderburgh School Corp,8317,Hebron Elementary School,76,107,71.0%
Public,7995,Evansville Vanderburgh School Corp,8321,Stockwell Elementary School,70,87,80.5%
Public,7995,Evansville Vanderburgh School Corp,8325,Highland Elementary School,109,134,81.3%
Public,7995,Evansville Vanderburgh School Corp,8329,Lodge Community School,21,48,43.8%
Public,7995,Evansville Vanderburgh School Corp,8353,Evans School,38,63,60.3%
Public,7995,Evansville Vanderburgh School Corp,8357,Stringtown Elementary School,37,52,71.2%
Public,7995,Evansville Vanderburgh School Corp,8361,Tekoppel Elementary School,61,84,72.6%
Public,7995,Evansville Vanderburgh School Corp,8365,Vogel Elementary School,59,66,89.4%
Public,7995,Evansville Vanderburgh School Corp,8376,Daniel Wertz Elementary School,27,37,73.0%
Public,7995,Evansville Vanderburgh School Corp,8381,West Terrace Elementary School,90,99,90.9%
Public,8010,North Vermillion Com Sch Corp,8403,North Vermillion Elementary School,30,37,81.1%
Public,8020,South Vermillion Com Sch Corp,8409,Central Elementary School,55,68,80.9%
Public,8020,South Vermillion Com Sch Corp,8431,Ernie Pyle Elementary School,12,12,100.0%
Public,8020,South Vermillion Com Sch Corp,8435,Van Duyn Elementary School,39,41,95.1%
Public,8030,Vigo County School Corp,8483,Vigo Virtual School Academy,***,6,***
Public,8030,Vigo County School Corp,8497,Sugar Creek Consolidated Elem Sch,48,65,73.8%
Public,8030,Vigo County School Corp,8505,Davis Park Elementary School,42,57,73.7%
Public,8030,Vigo County School Corp,8510,Adelaide De Vaney Elementary Sch,53,63,84.1%
Public,8030,Vigo County School Corp,8511,Dixie Bee Elementary School,87,99,87.9%
Public,8030,Vigo County School Corp,8517,Farrington Grove Elementary School,34,51,66.7%
Public,8030,Vigo County School Corp,8521,Fayette Elementary School,35,39,89.7%
Public,8030,Vigo County School Corp,8525,Rio Grande Elementary School,59,70,84.3%
Public,8030,Vigo County School Corp,8533,Benjamin Franklin Elem School,46,65,70.8%
Public,8030,Vigo County School Corp,8537,Blanche E Fuqua Elementary School,41,51,80.4%
Public,8030,Vigo County School Corp,8543,Hoosier Prairie Elementary School,50,58,86.2%
Public,8030,Vigo County School Corp,8549,Lost Creek Elementary School,102,111,91.9%
Public,8030,Vigo County School Corp,8575,Ouabache Elementary School,35,50,70.0%
Public,8030,Vigo County School Corp,8593,Riley Elementary School,38,46,82.6%
Public,8030,Vigo County School Corp,8605,Sugar Grove Elementary School,32,46,69.6%
Public,8030,Vigo County School Corp,8607,Terre Town Elementary School,61,79,77.2%
Public,8045,Manchester Community Schools,8633,Manchester Elementary School,69,82,84.1%
Public,8050,MSD Wabash County Schools,8656,Southwood Elementary School,43,55,78.2%
Public,8050,MSD Wabash County Schools,8657,Sharp Creek Elementary School,59,62,95.2%
Public,8060,Wabash City Schools,8706,O J Neighbours Elementary School,71,92,77.2%
Public,8115,MSD Warren County,8729,Williamsport Elementary School,25,30,83.3%
Public,8115,MSD Warren County,8733,Pine Village Elementary School,24,27,88.9%
Public,8115,MSD Warren County,8744,Warren Central Elementary School,50,60,83.3%
Public,8130,Warrick County School Corp,8761,Yankeetown Elementary School,41,47,87.2%
Public,8130,Warrick County School Corp,8764,John H Castle Elementary School,170,188,90.4%
Public,8130,Warrick County School Corp,8769,Elberfeld Elementary School,23,26,88.5%
Public,8130,Warrick County School Corp,8773,Lynnville Elementary School,31,33,93.9%
Public,8130,Warrick County School Corp,8777,Loge Elementary School,59,60,98.3%
Public,8130,Warrick County School Corp,8785,Tennyson Elementary School,13,13,100.0%
Public,8130,Warrick County School Corp,8801,Oakdale Elementary School,51,57,89.5%
Public,8130,Warrick County School Corp,8813,Chandler Elementary School,91,97,93.8%
Public,8130,Warrick County School Corp,8817,Newburgh Elementary School,92,99,92.9%
Public,8130,Warrick County School Corp,8819,Sharon Elementary School,104,110,94.5%
Public,8205,Salem Community Schools,8864,Bradie Shrum Elementary,89,124,71.8%
Public,8215,East Washington School Corp,8904,East Washington Elementary School,81,100,81.0%
Public,8220,West Washington School Corp,8894,West Washington Elementary School,66,67,98.5%
Public,8305,Nettle Creek School Corporation,8989,Hagerstown Elementary School,67,78,85.9%
Public,8355,Western Wayne Schools,8971,Western Wayne Elementary School,40,50,80.0%
Public,8360,Centerville-Abington Com Schs,8983,Centerville-Abington Elem School,78,95,82.1%
Public,8360,Centerville-Abington Com Schs,8984,Rose Hamilton Elementary School,36,36,100.0%
Public,8375,Northeastern Wayne Schools,8928,Northeastern Elementary School,74,78,94.9%
Public,8385,Richmond Community Schools,9013,Charles Elementary School,49,56,87.5%
Public,8385,Richmond Community Schools,9014,Crestdale Elementary School,46,54,85.2%
Public,8385,Richmond Community Schools,9017,Fairview Elementary School,27,44,61.4%
Public,8385,Richmond Community Schools,9038,Starr Elementary School,30,51,58.8%
Public,8385,Richmond Community Schools,9045,Vaile Elementary School,37,63,58.7%
Public,8385,Richmond Community Schools,9053,Westview Elementary School,29,39,74.4%
Public,8385,Richmond Community Schools,9056,Community Youth Services,***,7,***
Public,8425,Southern Wells Com Schools,9057,Southern Wells Elementary School,65,76,85.5%
Public,8435,Norwell Community Schools,9081,Ossian Elementary,74,84,88.1%
Public,8435,Norwell Community Schools,9085,Lancaster Central School,75,91,82.4%
Public,8445,MSD Bluffton-Harrison,9098,Bluffton-Harrison Elementary Sch,128,146,87.7%
Public,8515,North White School Corp,9119,North White Elementary School,49,69,71.0%
Public,8525,Frontier School Corporation,9113,Frontier Elementary,41,52,78.8%
Public,8535,Tri-County School Corporation,9143,Tri-County Intermediate School,47,53,88.7%
Public,8565,Twin Lakes School Corp,9129,Eastlawn Elementary School,24,32,75.0%
Public,8565,Twin Lakes School Corp,9157,Oaklawn Elementary School,52,71,73.2%
Public,8565,Twin Lakes School Corp,9163,Meadowlawn Elementary School,49,65,75.4%
Public,8625,Smith-Green Community Schools,9197,Churubusco Elementary School,86,88,97.7%
Public,8665,Whitley County Con Schools,9178,Little Turtle Elementary School,74,92,80.4%
Public,8665,Whitley County Con Schools,9179,Coesse School,39,45,86.7%
Public,8665,Whitley County Con Schools,9186,Northern Heights Elementary School,78,80,97.5%
Public,8665,Whitley County Con Schools,9196,Mary Raber Elementary School,26,30,86.7%
Public,8675,Invent Learning Hub,9532,Invent Learning Hub,13,21,61.9%
Public,8685,PLA at George H Fisher School 93,5593,PLA at George H Fisher School 93,27,52,51.9%
Public,8690,Dynamic Minds Academy,8692,Dynamic Minds Academy,***,5,***
Public,8950,Phalen Leadership Academy at Francis Scott Key School 103,5603,Phalen at Francis Scott Key 103,46,86,53.5%
Public,8980,The PATH School,9971,The PATH School,40,77,51.9%
Public,9000,Phalen Virtual Leadership Academy,9992,Phalen Virtual Leadership Academy,10,15,66.7%
Public,9004,Paramount School of Excellence South Bend,9008,Paramount School of Excellence South Bend,21,28,75.0%
Public,9022,Paramount School of Excellence Lafayette,9016,Paramount School of Excellence Lafayette,6,16,37.5%
Public,9027,Success Academy at Boys and Girls Club,1132,Success Academy at Boys and Girls Club,5,15,33.3%
Public,9030,Otwell Miller Academy,2019,Otwell Miller Academy,16,17,94.1%
Public,9043,Premier Arts Academy,9042,Premier Arts Academy,28,29,96.6%
Public,9054,The Genius School,9924,The Genius School,13,17,76.5%
Public,9060,Paramount Cottage Home,0139,Paramount Cottage Home,61,81,75.3%
Public,9065,Allegiant Preparatory Academy,1002,Allegiant Preparatory Academy,25,25,100.0%
Public,9085,pilotED Schools,1006,Bethel Park Elementary | pilotED Schools,31,43,72.1%
Public,9090,Matchbook Learning  ,1041,Matchbook Learning,28,75,37.3%
Public,9130,Adelante Schools,9993,Emma Donnan Elementary and Middle,23,32,71.9%
Public,9150,Circle City Prep Charter School,1126,Circle City Preparatory Elementary School,29,43,67.4%
Public,9310,Charter School of the Dunes,1535,Charter School of the Dunes,42,79,53.2%
Public,9320,Community Montessori Inc,1536,Community Montessori,22,36,61.1%
Public,9330,Irvington Community School,1531,Irvington Community Elementary School,38,54,70.4%
Public,9350,Timothy L Johnson Academy,1539,Timothy L Johnson Academy,35,58,60.3%
Public,9365,Enlace Academy,5667,Enlace Academy,30,74,40.5%
Public,9380,Christel House Academy South,5874,Christel House Academy South,35,50,70.0%
Public,9395,Christel House Academy West,5871,Christel House Academy West,38,54,70.4%
Public,9410,KIPP Indy Unite Elementary,5741,KIPP Indy Unite Elementary,54,107,50.5%
Public,9425,Tindley Genesis Academy,5621,Tindley Genesis Academy,39,64,60.9%
Public,9430,Tindley Summit Academy,5629,Tindley Summit Academy,19,33,57.6%
Public,9460,Thea Bowman Leadership Academy,4022,Thea Bowman Leadership Academy,40,61,65.6%
Public,9465,Rural Community Schools Inc,7951,Rural Community Academy,***,6,***
Public,9485,SE Neighborhood Sch of Excellence,5868,SE Neighborhood Sch of Excellence,42,68,61.8%
Public,9495,Joshua Academy,8203,Joshua Academy,34,42,81.0%
Public,9531,Paramount Online Academy,9701,Paramount Online Academy,9,13,69.2%
Public,9533,Promise Prep,9703,PLA@Promise Prep,7,17,41.2%
Public,9534,Indy Steam Academy,9704,Indy Steam Academy,18,26,69.2%
Public,9535,Gary Lighthouse Charter School,4130,Gary Lighthouse Charter School,60,79,75.9%
Public,9536,Lawrence County Independent Schools,9706,Lawrence County Independent Schools,18,21,85.7%
Public,9537,The Nature School of Central Indiana,9707,The Nature School of Central Indiana,12,14,85.7%
Public,9538,Herron Preparatory Academy,9702,Herron Preparatory Academy,33,35,94.3%
Public,9545,21st Century Charter Sch of Gary,4164,21st Century Charter Sch of Gary,54,76,71.1%
Public,9555,East Chicago Urban Enterprise Academy,3935,East Chicago Urban Enterprise Academy,41,48,85.4%
Public,9575,Victory College Prep,5523,Victory College Prep,55,72,76.4%
Public,9595,East Chicago Lighthouse Charter,3971,East Chicago Lighthouse,40,51,78.4%
Public,9605,IN Sch for the Blind & Vis Imprd,C460,IN Sch for the Blind & Vis Imprd,***,2,***
Public,9610,Indiana School For The Deaf,C695,Indiana School For The Deaf,1,24,4.2%
Public,9615,Andrew J Brown Academy,5488,Andrew J Brown Academy,33,68,48.5%
Public,9620,Burris Laboratory School,1441,Burris Laboratory School,39,41,95.1%
Public,9645,Avondale Meadows Academy,5716,Avondale Meadows Academy,33,53,62.3%
Public,9665,Geist Montessori Academy,2572,Geist Montessori Academy,36,42,85.7%
Public,9680,Paramount Brookside ,5508,Paramount Brookside ,93,100,93.0%
Public,9685,Aspire Charter Academy,4043,Aspire Charter Academy,38,62,61.3%
Public,9690,Renaissance Academy Charter School,4711,Renaissance Academy Charter School,35,37,94.6%
Public,9722,Springville Community Academy,9107,Springville Community Academy,18,20,90.0%
Public,9725,Canaan Community Academy,3312,Canaan Community Academy,10,19,52.6%
Public,9735,Inspire Academy - A Sch of Inquiry,1518,Inspire Academy - A Sch of Inquiry,10,20,50.0%
Public,9737,Liberty Grove Schools,9002,Liberty Grove Schools,14,34,41.2%
Public,9785,IN Math & Science Academy,5837,IN Math & Science Academy,58,63,92.1%
Public,9790,Anderson Preparatory Academy,5092,Anderson Preparatory Academy,37,50,74.0%
Public,9835,The Bloomington Project School,6215,The Bloomington Project School,32,36,88.9%
Public,9870,Discovery Charter School,6824,Discovery Charter School,68,79,86.1%
Public,9875,Rock Creek Community Academy,0771,Rock Creek Community Academy,55,58,94.8%
Public,9895,IN Math & Science Academy - North,5444,IN Math & Science Academy - North,29,41,70.7%
Public,9905,Indiana Connections Academy,7944,Indiana Connections Academy,96,155,61.9%
Public,9920,Damar Charter Academy,5191,Damar Charter Academy,***,2,***
Public,9925,Phalen Leadership Academy - IN Inc,5496,Phalen Leadership Academy - IN Inc,15,27,55.6%
Public,9935,Vision Academy,5899,Vision Academy,26,46,56.5%
Public,9950,Dugger Union Community School Corp,7952,Dugger Union Community School Corp,34,43,79.1%
Public,9954,Phalen Leadership Academy at Louis B Russell School 48,5548,Louis B Russell Jr School 48,24,40,60.0%
Public,9955,Mays Community Academy,7231,Mays Community Academy,12,14,85.7%
Public,9960,Success Academy Primary School,7562,Success Academy Primary School,66,93,71.0%
Public,9970,ACE Preparatory Academy,1111,ACE Preparatory Academy,19,21,90.5%
Public,9975,Global Preparatory Academy,1112,Global Preparatory Academy,55,96,57.3%
Public,9980,Steel City Academy,1113,Steel City Academy,14,20,70.0%
Public,9985,Seven Oaks Classical School,1114,Seven Oaks Classical School,46,50,92.0%
Public,9990,Higher Institute of Arts & Tech,1116,Higher Institute of Arts & Tech,12,25,48.0%
Nonpublic,-999,Independent Non-Public Schools,A004,Hagia Sophia Classical Academy,***,2,***
Nonpublic,-999,Independent Non-Public Schools,A102,Maple Creek Adventist Academy,***,1,***
Nonpublic,-999,Independent Non-Public Schools,A119,Dana Christian School Corporation,***,2,***
Nonpublic,-999,Independent Non-Public Schools,A121,Evansville Adventist Academy,***,4,***
Nonpublic,-999,Independent Non-Public Schools,A126,Edinburgh Christian School,***,3,***
Nonpublic,-999,Independent Non-Public Schools,A138,Hillsboro Christian Academy,***,4,***
Nonpublic,-999,Independent Non-Public Schools,A142,Emmanuel Christian School of Fort Wayne,11,13,84.6%
Nonpublic,-999,Independent Non-Public Schools,A149,Apogee School For The Gifted ,***,4,***
Nonpublic,-999,Independent Non-Public Schools,A172,Blackhawk Christian Elementary Sch,71,73,97.3%
Nonpublic,-999,Independent Non-Public Schools,A236,Cornerstone College Prep Sch,***,6,***
Nonpublic,-999,Independent Non-Public Schools,A249,Central Christian School,17,17,100.0%
Nonpublic,-999,Independent Non-Public Schools,A260,Aboite Christian School,***,2,***
Nonpublic,-999,Independent Non-Public Schools,A275,Crossroad Child & Family Services,***,1,***
Nonpublic,-999,Independent Non-Public Schools,A303,FaithPrep Indiana,***,2,***
Nonpublic,-999,Independent Non-Public Schools,A304,GEO Focus Academy,***,6,***
Nonpublic,-999,Independent Non-Public Schools,A308,Islamic Academy of Kendallville,4,14,28.6%
Nonpublic,-999,Independent Non-Public Schools,A311,Saint Thomas More Academy,19,20,95.0%
Nonpublic,-999,Independent Non-Public Schools,A317,Liberty Academy of Columbus,***,2,***
Nonpublic,-999,Independent Non-Public Schools,A324,Montessori Science Academy,***,2,***
Nonpublic,-999,Independent Non-Public Schools,A450,Columbus Christian School Inc,40,44,90.9%
Nonpublic,-999,Independent Non-Public Schools,A724,Good Shepherd Christian Academy,***,3,***
Nonpublic,-999,Independent Non-Public Schools,A740,Lakewood Park Christian School,45,48,93.8%
Nonpublic,-999,Independent Non-Public Schools,A746,Heritage Hall Christian School,16,18,88.9%
Nonpublic,-999,Independent Non-Public Schools,A875,Clinton Christian School,20,20,100.0%
Nonpublic,-999,Independent Non-Public Schools,A990,Elkhart Christian Academy,37,38,97.4%
Nonpublic,-999,Independent Non-Public Schools,B015,Bethany Christian School,16,17,94.1%
Nonpublic,-999,Independent Non-Public Schools,B045,Christian Academy of Indiana,78,78,100.0%
Nonpublic,-999,Independent Non-Public Schools,B085,Covington Christian School,***,1,***
Nonpublic,-999,Independent Non-Public Schools,B129,Life Christian STEAM Academy,***,6,***
Nonpublic,-999,Independent Non-Public Schools,B136,The King's Academy,9,11,81.8%
Nonpublic,-999,Independent Non-Public Schools,B145,Lakeview Christian School Inc,13,14,92.9%
Nonpublic,-999,Independent Non-Public Schools,B160,Eman Schools,36,36,100.0%
Nonpublic,-999,Independent Non-Public Schools,B161,Fishers Christian Academy,16,16,100.0%
Nonpublic,-999,Independent Non-Public Schools,B195,Cicero Adventist School,***,4,***
Nonpublic,-999,Independent Non-Public Schools,B205,Union Bible College & Academy,***,3,***
Nonpublic,-999,Independent Non-Public Schools,B248,Legacy Christian School,22,22,100.0%
Nonpublic,-999,Independent Non-Public Schools,B251,Indy West Early Learning Center,12,13,92.3%
Nonpublic,-999,Independent Non-Public Schools,B290,Bethesda Christian School,37,39,94.9%
Nonpublic,-999,Independent Non-Public Schools,B295,Indy West Christian School,40,42,95.2%
Nonpublic,-999,Independent Non-Public Schools,B299,Legacy Learning Center,19,19,100.0%
Nonpublic,-999,Independent Non-Public Schools,B302,Guidance Islamic School,***,2,***
Nonpublic,-999,Independent Non-Public Schools,B455,Sandy Creek Christian Academy ,11,11,100.0%
Nonpublic,-999,Independent Non-Public Schools,B470,DeMotte Christian School,36,38,94.7%
Nonpublic,-999,Independent Non-Public Schools,B483,Jay County Christian Academy,15,15,100.0%
Nonpublic,-999,Independent Non-Public Schools,B493,Christian Academy of Madison,14,14,100.0%
Nonpublic,-999,Independent Non-Public Schools,B549,Greenwood Christian School,21,21,100.0%
Nonpublic,-999,Independent Non-Public Schools,B595,Lakeland Christian Academy,28,31,90.3%
Nonpublic,-999,Independent Non-Public Schools,B771,Crown Point Christian School,89,93,95.7%
Nonpublic,-999,Independent Non-Public Schools,B806,Ambassador Christian Academy,16,22,72.7%
Nonpublic,-999,Independent Non-Public Schools,B815,Calumet Christian School,11,12,91.7%
Nonpublic,-999,Independent Non-Public Schools,B821,Indiana Horizon Academy,11,12,91.7%
Nonpublic,-999,Independent Non-Public Schools,B951,Morning Star Academy,***,4,***
Nonpublic,-999,Independent Non-Public Schools,C020,Highland Christian School,66,67,98.5%
Nonpublic,-999,Independent Non-Public Schools,C112,Door Prairie Adventist School,***,1,***
Nonpublic,-999,Independent Non-Public Schools,C175,Indiana Christian Academy,19,21,90.5%
Nonpublic,-999,Independent Non-Public Schools,C215,Cross Street Christian School,***,5,***
Nonpublic,-999,Independent Non-Public Schools,C226,Liberty Christian Elementary,13,18,72.2%
Nonpublic,-999,Independent Non-Public Schools,C250,Anderson Christian School,***,1,***
Nonpublic,-999,Independent Non-Public Schools,C271,Curtis Wilson Primary School,10,10,100.0%
Nonpublic,-999,Independent Non-Public Schools,C275,Heritage Christian School,95,98,96.9%
Nonpublic,-999,Independent Non-Public Schools,C281,Cornerstone Baptist Academy,***,5,***
Nonpublic,-999,Independent Non-Public Schools,C282,Horizon Christian School,23,23,100.0%
Nonpublic,-999,Independent Non-Public Schools,C325,Suburban Christian School,63,65,96.9%
Nonpublic,-999,Independent Non-Public Schools,C349,Southport Presbyterian Chrst Sch,***,9,***
Nonpublic,-999,Independent Non-Public Schools,C375,Traders Point Christian Schools,42,42,100.0%
Nonpublic,-999,Independent Non-Public Schools,C396,Burge Terrace Christian School,15,17,88.2%
Nonpublic,-999,Independent Non-Public Schools,C455,Indianapolis Junior Academy,***,7,***
Nonpublic,-999,Independent Non-Public Schools,C475,Hasten Hebrew Acad of Indianapolis,12,13,92.3%
Nonpublic,-999,Independent Non-Public Schools,C495,Colonial Christian School,19,20,95.0%
Nonpublic,-999,Independent Non-Public Schools,C513,Islamic Academy of Indianapolis,10,11,90.9%
Nonpublic,-999,Independent Non-Public Schools,C514,Crosspointe Christian Academy,15,19,78.9%
Nonpublic,-999,Independent Non-Public Schools,C519,Chapel Hill Christian School,2,10,20.0%
Nonpublic,-999,Independent Non-Public Schools,C561,Trinity Christian School,9,10,90.0%
Nonpublic,-999,Independent Non-Public Schools,C563,Shepherd Community Academy ,14,17,82.4%
Nonpublic,-999,Independent Non-Public Schools,C575,Central Christian Academy,10,12,83.3%
Nonpublic,-999,Independent Non-Public Schools,C580,Calvary Christian School,20,21,95.2%
Nonpublic,-999,Independent Non-Public Schools,C589,The Independence Academy,***,2,***
Nonpublic,-999,Independent Non-Public Schools,C628,MTI School of Knowledge,21,36,58.3%
Nonpublic,-999,Independent Non-Public Schools,C679,Indianapolis Southside Christian Academy,***,8,***
Nonpublic,-999,Independent Non-Public Schools,C690,Capitol City SDA Church School,***,5,***
Nonpublic,-999,Independent Non-Public Schools,C699,TP Schools,35,35,100.0%
Nonpublic,-999,Independent Non-Public Schools,C791,School for Community Learning,***,8,***
Nonpublic,-999,Independent Non-Public Schools,C850,Grace Baptist Christian School,***,8,***
Nonpublic,-999,Independent Non-Public Schools,C910,Covenant Christian School,***,8,***
Nonpublic,-999,Independent Non-Public Schools,C927,Lighthouse Christian Academy,24,25,96.0%
Nonpublic,-999,Independent Non-Public Schools,C933,Clear Creek Christian School,18,18,100.0%
Nonpublic,-999,Independent Non-Public Schools,C940,Tabernacle Christian School,28,32,87.5%
Nonpublic,-999,Independent Non-Public Schools,C965,Mooresville Christian Academy,44,44,100.0%
Nonpublic,-999,Independent Non-Public Schools,C966,Greenwood Christian Academy,46,47,97.9%
Nonpublic,-999,Independent Non-Public Schools,D063,Emmanuel Baptist Academy,***,5,***
Nonpublic,-999,Independent Non-Public Schools,D073,Victory Christian Academy,18,19,94.7%
Nonpublic,-999,Independent Non-Public Schools,D080,Portage Christian School,16,20,80.0%
Nonpublic,-999,Independent Non-Public Schools,D158,North Liberty Christian School,***,4,***
Nonpublic,-999,Independent Non-Public Schools,D189,Covenant Christian School,27,27,100.0%
Nonpublic,-999,Independent Non-Public Schools,D195,South Bend Hebrew Day School,15,17,88.2%
Nonpublic,-999,Independent Non-Public Schools,D249,New Vision Christian Academy,***,5,***
Nonpublic,-999,Independent Non-Public Schools,D300,South Bend Jr Academy School,***,4,***
Nonpublic,-999,Independent Non-Public Schools,D305,Community Baptist Christian School,17,18,94.4%
Nonpublic,-999,Independent Non-Public Schools,D310,Granger Christian School,16,16,100.0%
Nonpublic,-999,Independent Non-Public Schools,D315,"Michiana Christian Academy, Inc.",***,4,***
Nonpublic,-999,Independent Non-Public Schools,D329,Grace Christian Academy Inc,7,10,70.0%
Nonpublic,-999,Independent Non-Public Schools,D440,Lafayette Christian School,34,35,97.1%
Nonpublic,-999,Independent Non-Public Schools,D452,Faith Christian School,51,51,100.0%
Nonpublic,-999,Independent Non-Public Schools,D489,Evansville Christian Sch Newburgh,70,71,98.6%
Nonpublic,-999,Independent Non-Public Schools,D525,Evansville Day School,21,21,100.0%
Nonpublic,-999,Independent Non-Public Schools,D845,Richmond Adventist Elementary School,***,2,***
Nonpublic,-999,Independent Non-Public Schools,D862,Community Christian School,12,12,100.0%
Nonpublic,-999,Independent Non-Public Schools,D875,Kingdom Academy of Bluffton Inc,10,11,90.9%
Nonpublic,-999,Independent Non-Public Schools,D912,Al Haqq Foundation Academy ,7,11,63.6%
Nonpublic,-999,Independent Non-Public Schools,D913,Israel School of Excellence ,8,13,61.5%
Nonpublic,-999,Independent Non-Public Schools,D914,International Leadership Schools,33,39,84.6%
Nonpublic,-999,Independent Non-Public Schools,D918,Alyssum Montessori School,***,3,***
Nonpublic,9200,Archdiocese of Indianapolis,A425,St Bartholomew School,34,41,82.9%
Nonpublic,9200,Archdiocese of Indianapolis,A550,St John Paul II Catholic School,32,32,100.0%
Nonpublic,9200,Archdiocese of Indianapolis,A560,Saint Anthony of Padua,22,22,100.0%
Nonpublic,9200,Archdiocese of Indianapolis,A570,Sacred Heart School,20,20,100.0%
Nonpublic,9200,Archdiocese of Indianapolis,A680,Saint Nicholas School,19,22,86.4%
Nonpublic,9200,Archdiocese of Indianapolis,A700,Saint Lawrence School,31,32,96.9%
Nonpublic,9200,Archdiocese of Indianapolis,A730,Saint Mary's School,36,36,100.0%
Nonpublic,9200,Archdiocese of Indianapolis,B035,Saint Gabriel Catholic School,18,21,85.7%
Nonpublic,9200,Archdiocese of Indianapolis,B050,Holy Family School,21,21,100.0%
Nonpublic,9200,Archdiocese of Indianapolis,B060,Our Lady Of Perpetual Help School,35,36,97.2%
Nonpublic,9200,Archdiocese of Indianapolis,B067,St Mary of-the-Knobs Catholic Sch,25,25,100.0%
Nonpublic,9200,Archdiocese of Indianapolis,B095,Saint Michael School,27,30,90.0%
Nonpublic,9200,Archdiocese of Indianapolis,B265,Saint Michael School,19,19,100.0%
Nonpublic,9200,Archdiocese of Indianapolis,B280,Saint Joseph School,11,12,91.7%
Nonpublic,9200,Archdiocese of Indianapolis,B285,Saint Malachy School,51,53,96.2%
Nonpublic,9200,Archdiocese of Indianapolis,B300,Saint Susanna School,21,22,95.5%
Nonpublic,9200,Archdiocese of Indianapolis,B440,Saint Ambrose School,13,14,92.9%
Nonpublic,9200,Archdiocese of Indianapolis,B510,Pope John XXIII Elementary School,39,41,95.1%
Nonpublic,9200,Archdiocese of Indianapolis,B515,Saint Mary's School,24,24,100.0%
Nonpublic,9200,Archdiocese of Indianapolis,B518,St Rose of Lima School,***,4,***
Nonpublic,9200,Archdiocese of Indianapolis,B535,Our Lady of the Greenwood School,35,37,94.6%
Nonpublic,9200,Archdiocese of Indianapolis,B540,SS Francis and Clare Catholic Sch,32,32,100.0%
Nonpublic,9200,Archdiocese of Indianapolis,C160,Saint Vincent DePaul School,22,22,100.0%
Nonpublic,9200,Archdiocese of Indianapolis,C265,Nativity Catholic School,39,47,83.0%
Nonpublic,9200,Archdiocese of Indianapolis,C280,Saint Lawrence School,9,21,42.9%
Nonpublic,9200,Archdiocese of Indianapolis,C295,Saint Barnabas School,56,60,93.3%
Nonpublic,9200,Archdiocese of Indianapolis,C300,Saint Jude Elementary School,48,48,100.0%
Nonpublic,9200,Archdiocese of Indianapolis,C305,Saint Mark School,44,48,91.7%
Nonpublic,9200,Archdiocese of Indianapolis,C310,Saint Roch School,23,23,100.0%
Nonpublic,9200,Archdiocese of Indianapolis,C390,Holy Spirit School,38,48,79.2%
Nonpublic,9200,Archdiocese of Indianapolis,C435,Saint Luke School,64,65,98.5%
Nonpublic,9200,Archdiocese of Indianapolis,C440,Saint Matthew School,31,31,100.0%
Nonpublic,9200,Archdiocese of Indianapolis,C445,Saint Monica School,32,40,80.0%
Nonpublic,9200,Archdiocese of Indianapolis,C450,Saint Pius X School,54,54,100.0%
Nonpublic,9200,Archdiocese of Indianapolis,C545,Holy Name Catholic School,21,24,87.5%
Nonpublic,9200,Archdiocese of Indianapolis,C585,Christ The King School,49,49,100.0%
Nonpublic,9200,Archdiocese of Indianapolis,C590,Holy Angels Catholic School,11,14,78.6%
Nonpublic,9200,Archdiocese of Indianapolis,C595,Holy Cross Central School,***,3,***
Nonpublic,9200,Archdiocese of Indianapolis,C600,Immaculate Heart of Mary School,47,47,100.0%
Nonpublic,9200,Archdiocese of Indianapolis,C605,Our Lady Of Lourdes School,11,14,78.6%
Nonpublic,9200,Archdiocese of Indianapolis,C615,St Anthony Catholic School,14,22,63.6%
Nonpublic,9200,Archdiocese of Indianapolis,C625,Central Catholic School,12,27,44.4%
Nonpublic,9200,Archdiocese of Indianapolis,C645,Saint Joan Of Arc School,12,18,66.7%
Nonpublic,9200,Archdiocese of Indianapolis,C650,St Michael St Gabriel Archangels School,26,39,66.7%
Nonpublic,9200,Archdiocese of Indianapolis,C655,Saint Philip Neri School,21,28,75.0%
Nonpublic,9200,Archdiocese of Indianapolis,C665,Saint Simon The Apostle School,57,57,100.0%
Nonpublic,9200,Archdiocese of Indianapolis,C670,St Therese Little Flower School,23,32,71.9%
Nonpublic,9200,Archdiocese of Indianapolis,C675,Saint Thomas Aquinas School,19,19,100.0%
Nonpublic,9200,Archdiocese of Indianapolis,C795,Saint Christopher School,20,20,100.0%
Nonpublic,9200,Archdiocese of Indianapolis,C900,Saint Charles Borromeo School,38,39,97.4%
Nonpublic,9200,Archdiocese of Indianapolis,D130,Saint Louis School,27,28,96.4%
Nonpublic,9200,Archdiocese of Indianapolis,D140,Saint Mary Elementary School,18,20,90.0%
Nonpublic,9200,Archdiocese of Indianapolis,D335,Saint Joseph School,14,14,100.0%
Nonpublic,9200,Archdiocese of Indianapolis,D720,Saint Patrick School,34,35,97.1%
Nonpublic,9200,Archdiocese of Indianapolis,D840,Seton Catholic Intermediate School,19,21,90.5%
Nonpublic,9205,Diocese of Gary,B755,Aquinas School at St Andrew's,23,26,88.5%
Nonpublic,9205,Diocese of Gary,B775,Saint Michael School,21,21,100.0%
Nonpublic,9205,Diocese of Gary,B780,Saint John Evangelist School,35,35,100.0%
Nonpublic,9205,Diocese of Gary,B835,Saint Mary Catholic Comm School,56,56,100.0%
Nonpublic,9205,Diocese of Gary,B865,St Stanislaus School,17,18,94.4%
Nonpublic,9205,Diocese of Gary,B930,Saint Mary School,22,22,100.0%
Nonpublic,9205,Diocese of Gary,B950,Saint Casimir School,40,41,97.6%
Nonpublic,9205,Diocese of Gary,B960,Saint John Bosco School,19,22,86.4%
Nonpublic,9205,Diocese of Gary,B965,Saint John The Baptist School,19,20,95.0%
Nonpublic,9205,Diocese of Gary,C025,Our Lady Of Grace School,12,14,85.7%
Nonpublic,9205,Diocese of Gary,C060,Saint Thomas More School,47,49,95.9%
Nonpublic,9205,Diocese of Gary,C105,Notre Dame Catholic School,25,26,96.2%
Nonpublic,9205,Diocese of Gary,C110,Queen Of All Saints School,17,20,85.0%
Nonpublic,9205,Diocese of Gary,C120,Saint Stanislaus Kostka School,***,5,***
Nonpublic,9205,Diocese of Gary,D050,Saint Patrick School,29,29,100.0%
Nonpublic,9205,Diocese of Gary,D065,Nativity of Our Savior School,17,19,89.5%
Nonpublic,9205,Diocese of Gary,D085,Saint Paul Catholic School,28,30,93.3%
Nonpublic,9210,Diocese of Lafayette Catholic Sch,A470,Sacred Heart School,8,10,80.0%
Nonpublic,9210,Diocese of Lafayette Catholic Sch,A795,St. Michael Catholic School,18,19,94.7%
Nonpublic,9210,Diocese of Lafayette Catholic Sch,B155,Saint Paul Parish School,18,18,100.0%
Nonpublic,9210,Diocese of Lafayette Catholic Sch,B215,Our Lady Of Mt Carmel School,74,74,100.0%
Nonpublic,9210,Diocese of Lafayette Catholic Sch,B216,Saint Maria Goretti School,46,48,95.8%
Nonpublic,9210,Diocese of Lafayette Catholic Sch,B227,Saint Louis de Montfort School,55,56,98.2%
Nonpublic,9210,Diocese of Lafayette Catholic Sch,B246,Our Lady of Grace School,48,49,98.0%
Nonpublic,9210,Diocese of Lafayette Catholic Sch,B395,Sts Joan of Arc & Patrick School,29,33,87.9%
Nonpublic,9210,Diocese of Lafayette Catholic Sch,B475,Saint Augustine School,11,11,100.0%
Nonpublic,9210,Diocese of Lafayette Catholic Sch,C190,Saint Mary School,15,15,100.0%
Nonpublic,9210,Diocese of Lafayette Catholic Sch,C211,Holy Cross School,16,18,88.9%
Nonpublic,9210,Diocese of Lafayette Catholic Sch,D425,Saint Lawrence Elementary School,24,25,96.0%
Nonpublic,9210,Diocese of Lafayette Catholic Sch,D430,Saint Mary Cathedral School,30,34,88.2%
Nonpublic,9215,Diocese of Evansville,A665,Washington Catholic Elementary Sch,18,18,100.0%
Nonpublic,9215,Diocese of Evansville,A871,Holy Trinity Catholic School,32,33,97.0%
Nonpublic,9215,Diocese of Evansville,B105,St Joseph School,15,15,100.0%
Nonpublic,9215,Diocese of Evansville,B115,Holy Cross School,15,15,100.0%
Nonpublic,9215,Diocese of Evansville,B120,Saint James School,23,23,100.0%
Nonpublic,9215,Diocese of Evansville,B125,Saints Peter & Paul School,26,27,96.3%
Nonpublic,9215,Diocese of Evansville,B565,Flaget Elementary School,28,29,96.6%
Nonpublic,9215,Diocese of Evansville,D095,St Matthew School,***,6,***
Nonpublic,9215,Diocese of Evansville,D100,St Philip School,22,23,95.7%
Nonpublic,9215,Diocese of Evansville,D105,Saint Wendel School,23,23,100.0%
Nonpublic,9215,Diocese of Evansville,D370,St Bernard Catholic School,14,14,100.0%
Nonpublic,9215,Diocese of Evansville,D545,Annuc Cthlc Sch @ Christ the King,21,22,95.5%
Nonpublic,9215,Diocese of Evansville,D550,Corpus Christi School,22,23,95.7%
Nonpublic,9215,Diocese of Evansville,D555,Good Shepherd School,47,47,100.0%
Nonpublic,9215,Diocese of Evansville,D560,Holy Redeemer School,24,26,92.3%
Nonpublic,9215,Diocese of Evansville,D565,Holy Rosary School,31,31,100.0%
Nonpublic,9215,Diocese of Evansville,D570,Annunciation Cthlc at Holy Spirit,7,14,50.0%
Nonpublic,9215,Diocese of Evansville,D580,Westside Catholic School,13,16,81.3%
Nonpublic,9215,Diocese of Evansville,D590,St Benedict Cathedral School,25,25,100.0%
Nonpublic,9215,Diocese of Evansville,D605,Saint Joseph School,14,14,100.0%
Nonpublic,9215,Diocese of Evansville,D610,Resurrection School,38,38,100.0%
Nonpublic,9215,Diocese of Evansville,D815,Saint John The Baptist School,38,39,97.4%
Nonpublic,9220,Diocese of Fort Wayne - South Bend,A035,Saint Joseph School,23,23,100.0%
Nonpublic,9220,Diocese of Fort Wayne - South Bend,A104,Saint Elizabeth Ann Seton Catholic Sch,53,56,94.6%
Nonpublic,9220,Diocese of Fort Wayne - South Bend,A106,Our Lady School,18,18,100.0%
Nonpublic,9220,Diocese of Fort Wayne - South Bend,A130,Most Precious Blood School,21,25,84.0%
Nonpublic,9220,Diocese of Fort Wayne - South Bend,A135,Queen Of Angels School,12,12,100.0%
Nonpublic,9220,Diocese of Fort Wayne - South Bend,A145,Saint Charles Borromeo School,76,86,88.4%
Nonpublic,9220,Diocese of Fort Wayne - South Bend,A150,Saint John The Baptist School,20,20,100.0%
Nonpublic,9220,Diocese of Fort Wayne - South Bend,A155,Saint Joseph Catholic School,9,17,52.9%
Nonpublic,9220,Diocese of Fort Wayne - South Bend,A160,Saint Jude Elementary School,38,39,97.4%
Nonpublic,9220,Diocese of Fort Wayne - South Bend,A175,Saint Therese School,***,7,***
Nonpublic,9220,Diocese of Fort Wayne - South Bend,A180,Saint Vincent DePaul School,93,93,100.0%
Nonpublic,9220,Diocese of Fort Wayne - South Bend,A270,Saint Aloysius Catholic School,11,11,100.0%
Nonpublic,9220,Diocese of Fort Wayne - South Bend,A340,Saint Rose of Lima School,15,15,100.0%
Nonpublic,9220,Diocese of Fort Wayne - South Bend,A350,St Joseph Hessen Cassel Cath Sch,13,13,100.0%
Nonpublic,9220,Diocese of Fort Wayne - South Bend,A355,Saint John The Baptist Catholic,19,22,86.4%
Nonpublic,9220,Diocese of Fort Wayne - South Bend,A360,Saint Louis Besancon Catholic Sch,14,14,100.0%
Nonpublic,9220,Diocese of Fort Wayne - South Bend,A735,Saint Joseph School,15,16,93.8%
Nonpublic,9220,Diocese of Fort Wayne - South Bend,A975,St Thomas The Apostle School,25,26,96.2%
Nonpublic,9220,Diocese of Fort Wayne - South Bend,A980,St Vincent de Paul School,18,24,75.0%
Nonpublic,9220,Diocese of Fort Wayne - South Bend,B020,St John Evangelist School,22,22,100.0%
Nonpublic,9220,Diocese of Fort Wayne - South Bend,B418,Huntington Catholic School,14,15,93.3%
Nonpublic,9220,Diocese of Fort Wayne - South Bend,B605,Sacred Heart School,22,23,95.7%
Nonpublic,9220,Diocese of Fort Wayne - South Bend,C855,Saint Michael School,19,20,95.0%
Nonpublic,9220,Diocese of Fort Wayne - South Bend,C980,Saint Mary Elementary School,14,14,100.0%
Nonpublic,9220,Diocese of Fort Wayne - South Bend,D164,St Pius X Catholic School,66,67,98.5%
Nonpublic,9220,Diocese of Fort Wayne - South Bend,D177,Mishawaka Catholic School,36,37,97.3%
Nonpublic,9220,Diocese of Fort Wayne - South Bend,D198,Queen of Peace School,11,12,91.7%
Nonpublic,9220,Diocese of Fort Wayne - South Bend,D230,Christ The King School,54,55,98.2%
Nonpublic,9220,Diocese of Fort Wayne - South Bend,D235,Corpus Christi School,20,20,100.0%
Nonpublic,9220,Diocese of Fort Wayne - South Bend,D240,Holy Cross School,42,49,85.7%
Nonpublic,9220,Diocese of Fort Wayne - South Bend,D245,Holy Family School,20,31,64.5%
Nonpublic,9220,Diocese of Fort Wayne - South Bend,D250,Our Lady Of Hungary School,10,19,52.6%
Nonpublic,9220,Diocese of Fort Wayne - South Bend,D255,Saint Adalbert School,17,19,89.5%
Nonpublic,9220,Diocese of Fort Wayne - South Bend,D260,Saint Anthony De Padua School,22,22,100.0%
Nonpublic,9220,Diocese of Fort Wayne - South Bend,D265,Saint John The Baptist School,6,13,46.2%
Nonpublic,9220,Diocese of Fort Wayne - South Bend,D270,Saint Joseph School,41,42,97.6%
Nonpublic,9220,Diocese of Fort Wayne - South Bend,D275,Saint Jude Catholic School,23,23,100.0%
Nonpublic,9220,Diocese of Fort Wayne - South Bend,D285,Saint Matthew Cathedral School,35,37,94.6%
Nonpublic,9220,Diocese of Fort Wayne - South Bend,D805,Saint Bernard Elementary School,***,5,***
Nonpublic,9230,Lutheran Schools of Indiana,A040,St Peter Immanuel Lutheran School,***,7,***
Nonpublic,9230,Lutheran Schools of Indiana,A045,Wyneken Memorial Lutheran School,15,15,100.0%
Nonpublic,9230,Lutheran Schools of Indiana,A200,Suburban Bethlehem Lutheran School,20,20,100.0%
Nonpublic,9230,Lutheran Schools of Indiana,A205,Concordia Lutheran School,37,40,92.5%
Nonpublic,9230,Lutheran Schools of Indiana,A215,Emmanuel St Michael Lutheran Sch,39,40,97.5%
Nonpublic,9230,Lutheran Schools of Indiana,A220,Emmaus Lutheran School,***,8,***
Nonpublic,9230,Lutheran Schools of Indiana,A225,Holy Cross Lutheran School,31,40,77.5%
Nonpublic,9230,Lutheran Schools of Indiana,A235,Lutheran South Unity School,17,19,89.5%
Nonpublic,9230,Lutheran Schools of Indiana,A245,Saint Paul Lutheran School,12,12,100.0%
Nonpublic,9230,Lutheran Schools of Indiana,A248,Ascension Lutheran School,***,6,***
Nonpublic,9230,Lutheran Schools of Indiana,A250,Saint Peter's Lutheran School,25,27,92.6%
Nonpublic,9230,Lutheran Schools of Indiana,A365,St John-Emmanuel Lutheran School,***,8,***
Nonpublic,9230,Lutheran Schools of Indiana,A370,Central Lutheran School,34,37,91.9%
Nonpublic,9230,Lutheran Schools of Indiana,A375,Woodburn Lutheran School,11,13,84.6%
Nonpublic,9230,Lutheran Schools of Indiana,A430,White Creek Lutheran School,12,13,92.3%
Nonpublic,9230,Lutheran Schools of Indiana,A435,Saint Peters Lutheran School,42,47,89.4%
Nonpublic,9230,Lutheran Schools of Indiana,A695,Saint John Ev Lutheran School,***,3,***
Nonpublic,9230,Lutheran Schools of Indiana,A985,Trinity Lutheran School,22,25,88.0%
Nonpublic,9230,Lutheran Schools of Indiana,B260,Zion Lutheran School,21,21,100.0%
Nonpublic,9230,Lutheran Schools of Indiana,B275,Saint John Lutheran School,***,6,***
Nonpublic,9230,Lutheran Schools of Indiana,B367,Redeemer Lutheran School,16,17,94.1%
Nonpublic,9230,Lutheran Schools of Indiana,B445,Immanuel Lutheran School,26,28,92.9%
Nonpublic,9230,Lutheran Schools of Indiana,B450,Saint John Lutheran School,10,10,100.0%
Nonpublic,9230,Lutheran Schools of Indiana,B465,Lutheran Central School,18,18,100.0%
Nonpublic,9230,Lutheran Schools of Indiana,B850,Trinity Lutheran School,20,21,95.2%
Nonpublic,9230,Lutheran Schools of Indiana,B892,Ascension Lutheran Christian Schl,***,5,***
Nonpublic,9230,Lutheran Schools of Indiana,C050,Trinity Lutheran School,***,7,***
Nonpublic,9230,Lutheran Schools of Indiana,C065,St Paul's Lutheran School,***,7,***
Nonpublic,9230,Lutheran Schools of Indiana,C150,Saint John Lutheran School,11,11,100.0%
Nonpublic,9230,Lutheran Schools of Indiana,C267,Holy Cross Lutheran School,44,44,100.0%
Nonpublic,9230,Lutheran Schools of Indiana,C315,Calvary Lutheran School,24,26,92.3%
Nonpublic,9230,Lutheran Schools of Indiana,C395,Trinity Lutheran School,15,16,93.8%
Nonpublic,9230,Lutheran Schools of Indiana,C400,Saint John Ev Lutheran School,12,17,70.6%
Nonpublic,9230,Lutheran Schools of Indiana,C512,Our Shepherd Lutheran School,14,14,100.0%
Nonpublic,9230,Lutheran Schools of Indiana,C680,Emmaus Lutheran School,***,3,***
Nonpublic,9230,Lutheran Schools of Indiana,C825,Saint Paul Lutheran School,***,3,***
Nonpublic,9230,Lutheran Schools of Indiana,C985,St John Lutheran School,13,15,86.7%
Nonpublic,9230,Lutheran Schools of Indiana,D090,Immanuel Lutheran School,21,22,95.5%
Nonpublic,9230,Lutheran Schools of Indiana,D317,Resurrection Lutheran Academy,8,12,66.7%
Nonpublic,9230,Lutheran Schools of Indiana,D375,Saint Peter Lutheran School,15,15,100.0%
Nonpublic,9230,Lutheran Schools of Indiana,D435,Saint James Lutheran School,18,18,100.0%
Nonpublic,9230,Lutheran Schools of Indiana,D625,Evansville Lutheran School,18,19,94.7%
Nonpublic,9240,The Oaks Academy,B297,The Oaks Academy - Brookside,42,45,93.3%
Nonpublic,9240,The Oaks Academy,C773,The Oaks Academy - Fall Creek,62,62,100.0%
