month_date_yyyymm,county_fips,county_name,median_listing_price,median_listing_price_mm,median_listing_price_yy,active_listing_count,active_listing_count_mm,active_listing_count_yy,median_days_on_market,median_days_on_market_mm,median_days_on_market_yy,new_listing_count,new_listing_count_mm,new_listing_count_yy,price_increased_count,price_increased_count_mm,price_increased_count_yy,price_reduced_count,price_reduced_count_mm,price_reduced_count_yy,pending_listing_count,pending_listing_count_mm,pending_listing_count_yy,median_listing_price_per_square_foot,median_listing_price_per_square_foot_mm,median_listing_price_per_square_foot_yy,median_square_feet,median_square_feet_mm,median_square_feet_yy,average_listing_price,average_listing_price_mm,average_listing_price_yy,total_listing_count,total_listing_count_mm,total_listing_count_yy,pending_ratio,pending_ratio_mm,pending_ratio_yy,quality_flag
202502,39041,"delaware, oh",567700,0.0324,-0.0228,249,0,0.1293,47,-0.3427,0.2129,180,0.0345,-0.0722,12,-0.3333,0.5,88,0.0476,0.1892,221,0.2244,0.4212,228,0.024,0.0219,2569,0.0305,-0.0285,685465,0.0337,-0.0425,471,0.098,0.258,0.8876,0.1627,0.1823,0
202502,20117,"marshall, ks",139900,-0.0465,-0.0418,14,-0.0345,-0.3778,83,0.1538,0.1263,4,1,-0.3333,0,,,2,-0.6667,,8,0.2308,3,93,-0.0091,-0.1498,1462,0.0465,0.0978,211862,0.211,0.1058,22,0.0732,-0.102,0.5714,0.1232,0.4825,0
202502,45087,"union, sc",190250,-0.0269,0.1898,56,0.098,0.4359,54,-0.3087,-0.3153,28,1,0.75,0,,,16,0.1429,0.6,21,0,-0.2407,128,0.0063,0.0064,1666,-0.0369,0.3103,300841,-0.0595,0.0944,79,0.1214,0.2077,0.3661,-0.0359,-0.3262,1
202502,48267,"kimble, tx",464450,-0.0458,-0.3664,22,0.2222,0.4194,126,-0.0454,-0.2219,2,-0.5,-0.5,0,,,4,0,,1,0,0,248,-0.0226,-0.2654,1832,-0.1218,0.0218,527916,-0.0217,-0.3808,23,0.2162,0.3235,0.0455,-0.0101,-0.0191,1
202502,28089,"madison, ms",410825,-0.0101,0.0337,427,0.0035,0.3577,79,-0.1243,0.0782,160,0.194,0,4,-0.5,-0.6,96,0.0909,0,175,0.3258,0.1041,194,0.0098,0.031,2261,0.0039,-0.0588,538489,-0.0037,-0.0158,602,0.0731,0.2839,0.4098,0.0996,-0.0941,0
202502,42065,"jefferson, pa",190475,-0.0207,0.0296,66,0,-0.0704,98,-0.0076,-0.1372,14,-0.2222,-0.3,0,,,10,0.25,0.25,25,0.4,-0.125,114,0,0.1455,1617,0.0218,0.0084,227541,-0.087,-0.2084,90,0.0468,-0.1005,0.3712,0.1061,-0.0232,0
202502,13049,"charlton, ga",227500,0.2646,-0.1874,36,0.0588,1.4,82,0.038,0.4643,14,1.3333,0.4,2,,,8,0.3333,0.3333,6,0.1,-0.5,151,0.315,0.0077,1568,0,-0.0873,271158,-0.0041,-0.2249,41,0.0649,0.5769,0.1528,0.0057,-0.5806,1
202502,20085,"jackson, ks",234750,-0.0403,0.1451,19,0.3103,0.2258,74,-0.2687,-0.3017,12,,0.5,0,,,0,-1,-1,5,0.4286,1.5,120,-0.0139,-0.1714,1754,-0.0082,0.1244,275126,0.0116,0.0074,25,0.3243,0.4,0.2632,0.0218,0.1341,0
202502,39055,"geauga, oh",448725,0.032,0.1448,78,-0.1702,0.2,82,0.0684,0.5046,56,0.5556,0,0,,,20,-0.375,1.5,71,0.029,0.0071,166,-0.0395,0.0099,2671,0.0293,0.0516,809220,0.1076,0.5351,151,-0.0767,0.1066,0.9103,0.1762,-0.1744,0
202502,04005,"coconino, az",750458,-0.0028,0.0176,356,0.0085,0.1808,84,-0.1117,0.2416,164,0.6735,0.2813,6,0.5,0.5,74,0.1935,0.5417,120,0.232,0.1435,398,-0.0023,0.0029,1993,-0.006,-0.0311,1176702,0.0456,0.095,471,0.0572,0.1731,0.3357,0.0609,-0.0109,0
202502,48059,"callahan, tx",237450,0.0019,-0.1913,55,-0.0091,0.3625,116,-0.1047,0.462,20,0.1111,1,0,,,10,-0.5833,-0.2857,19,0.4615,0.027,146,-0.0055,-0.0929,1587,-0.0094,-0.1565,290915,0.0151,-0.2106,73,0.0815,0.2479,0.3486,0.1123,-0.1139,1
202502,22071,"orleans, la",350000,0.0001,0,1888,0.0175,0.0807,95,0.0053,0.0618,418,0.1943,0.1237,4,0,0,424,0.3677,0.1099,343,0.2455,0.0571,225,0.0195,0.0072,1685,0.0072,0.003,532999,0.0457,0.0139,2231,0.046,0.0807,0.1814,0.0332,-0.0041,0
202502,17153,"pulaski, il",171150,0.2119,0.8035,12,0.2,1,93,-0.1983,0.488,2,0,0,0,,,0,-1,,3,0.25,-0.1667,92,0.5989,0.4878,1702,-0.0028,-0.05,154574,0.1933,0.2746,15,0.1538,0.6667,0.2083,0.0083,-0.2917,1
202502,12113,"santa rosa, fl",395000,0.0143,0.0027,1096,-0.0153,0.1376,83,0.0313,0.1957,396,0.3113,-0.1121,42,-0.16,-0.747,442,0.3642,0.2629,458,0.1974,-0.0022,206,0.0027,0.0016,1898,0.0037,-0.0032,529470,0.0076,-0.0059,1545,0.0293,0.0907,0.4181,0.0743,-0.0586,0
202502,35019,"guadalupe, nm",256250,-0.0509,-0.7288,8,0.0714,2.75,119,0.197,-0.0742,0,-1,,0,,,0,,,2,1,0,190,-0.0444,-0.1516,2064,0,-0.4088,814547,-0.0465,-0.138,9,0.125,1.25,0.2667,0.1238,-0.7333,1
202502,17169,"schuyler, il",217700,0.1491,0.1398,8,-0.2857,-0.3182,89,-0.0846,0.75,4,1,-0.3333,0,,,0,-1,,4,0.6,-0.3333,112,0.0903,-0.0025,1953,0.043,-0.0128,279021,0.0995,0.0638,11,-0.16,-0.3824,0.5333,0.2952,-0.0121,0
202502,40129,"roger mills, ok",236000,0.0559,0.0489,8,-0.0625,0,72,-0.2764,-0.6659,0,-1,-1,0,,,0,,,3,0,-0.4,97,0.0974,-0.0815,2143,0.0823,0.0964,302538,0.0709,-0.043,11,-0.0455,-0.125,0.4,0.025,-0.2667,1
202502,51153,"prince william, va",596450,0.0443,-0.0379,360,0.1305,0.6567,17,-0.3592,-0.3333,424,0.3947,0.0984,12,0.5,-0.4545,96,1,0.6552,373,0.225,-0.1693,259,-0.0015,0.0108,2188,0.0083,-0.0628,681080,0.0501,-0.0129,744,0.1838,0.1188,1.0376,0.08,-1.0316,1
202502,22025,"catahoula, la",213750,-0.0339,0.1523,18,-0.0278,0.75,146,0.0998,-0.0283,0,,,0,,,4,0,1,3,,0.6667,158,0.309,0.6439,1650,-0.0471,-0.138,317978,-0.0178,0.2458,18,0,0.5652,0.1429,,-0.0071,0
202502,20193,"thomas, ks",353750,-0.1184,-0.09,8,0.0714,-0.25,89,0.2353,-0.1377,2,0,-0.6667,0,,,0,,,5,1,1,163,-0.003,0.6621,2016,0,-0.0473,573333,-0.0475,0.975,13,0.3,0.04,0.6667,0.3095,0.4167,0
202502,20151,"pratt, ks",162075,0.06,-0.0437,32,-0.0303,0.4884,126,0.0913,0.1332,4,-0.3333,-0.3333,0,,,6,2,,6,0.8333,-0.5217,75,0.0343,-0.139,1913,0.0508,-0.1756,186213,0.0372,-0.0712,37,0.0137,0.1045,0.1719,0.081,-0.363,0
202502,06071,"san bernardino, ca",529000,0.0076,0.0173,4709,0.0351,0.4613,66,-0.1484,0.1478,2204,0.1373,0.1539,136,0.0462,0,1314,0.228,0.7381,1773,0.1684,-0.0434,333,0.0084,0.0058,1634,0.0072,0.0086,644347,0.0206,-0.0316,6477,0.0685,0.2821,0.3764,0.043,-0.1986,0
202502,37067,"forsyth, nc",341200,-0.0127,-0.0035,748,-0.0235,0.3481,54,-0.1787,0.1489,424,0.1844,0.0872,16,1,-0.3333,338,0.2707,0.8778,582,0.2216,0.1402,173,-0.0277,0.0306,1826,0.0223,-0.0471,449699,-0.0156,0.0843,1327,0.0793,0.2508,0.7779,0.1561,-0.1418,0
202502,48031,"blanco, tx",612450,-0.0122,0.0153,137,0.0187,-0.0387,140,0.0164,0.24,24,0.5,-0.3684,0,,,38,0.9,0.2667,16,0.069,0.8235,284,-0.088,0.0157,2123,0.0431,0.0134,997930,-0.021,-0.0165,150,0.0204,0.0067,0.1136,0.0053,0.0537,0
202502,21133,"letcher, ky",103675,-0.1532,-0.0508,10,-0.1667,0,136,0.1599,0.2506,2,0,-0.6667,0,,,4,,,2,-0.3333,-0.5,69,-0.1386,-0.1849,1655,-0.0961,0.1441,144050,-0.221,-0.2304,11,-0.2667,-0.2667,0.2,-0.05,-0.2,0
202502,12086,"miami-dade, fl",625000,0,-0.0565,17892,0.0663,0.4064,79,-0.0539,0.1367,4516,0.0391,0.1228,212,0.0291,-0.0702,4070,0.1114,0.4371,3073,0.1893,-0.1803,492,-0.002,-0.0608,1321,0.0004,-0.0347,1560485,-0.0068,-0.1305,20955,0.0824,0.2724,0.1717,0.0178,-0.1229,0
202502,13079,"crawford, ga",320000,0.0802,0.4798,10,0.25,0.6667,72,-0.1355,-0.2447,2,-0.5,0,0,,,0,-1,-1,7,-0.1875,0.625,202,0.1199,0.3837,1808,0.2362,-0.226,384945,0.1068,0.3341,17,0.0645,0.65,0.65,-0.35,-0.0167,0
202502,29051,"cole, mo",306075,-0.007,-0.1437,88,0,0.3435,40,-0.2727,-0.0123,72,0.3333,0.0588,0,,,22,0.1,0.2222,76,0.2583,0.0486,136,-0.0103,-0.0562,2059,0.0093,-0.0341,371458,-0.0277,-0.1222,161,0.0956,0.1978,0.858,0.1761,-0.2413,1
202502,08011,"bent, co",138375,-0.11,-0.1214,21,0.0789,0.4138,86,-0.0284,-0.3925,2,-0.5,-0.5,0,,,6,0,2,1,-0.6,-0.6667,129,-0.0466,0.2012,1146,-0.0305,-0.2197,236533,-0.0991,0.275,22,0,0.2647,0.0488,-0.0828,-0.1581,1
202502,28097,"montgomery, ms",138000,-0.1375,-0.1154,37,0.058,0.825,85,-0.1732,-0.311,8,0,0,0,,,4,-0.5,0,5,0,0.125,88,0.0095,-0.0249,1609,-0.0493,-0.1462,152040,-0.0687,-0.0504,40,0.0256,0.6667,0.1233,-0.0071,-0.0767,1
202502,40009,"beckham, ok",229675,0.0097,0.3962,105,0.0885,0.1547,91,-0.2331,-0.2061,24,0.0909,0.0909,0,,,20,-0.1667,0,36,0.2241,0.3654,123,0.0177,0.1499,1768,-0.0016,0.1223,236172,0.0032,0.0072,140,0.116,0.1577,0.3397,0.0376,0.0524,0
202502,47083,"houston, tn",339675,0.0296,-0.0287,22,0.0732,0.3333,78,0.1183,-0.2121,10,0.6667,,0,,,10,0.25,1.5,7,-0.4091,0,197,-0.0266,0.0833,2117,0.3028,0.1282,387360,-0.0011,0.1146,29,-0.0938,0.2609,0.2955,-0.2411,-0.0985,0
202502,12017,"citrus, fl",322400,-0.008,-0.0233,1604,0.0831,0.3709,73,-0.0201,0.1587,494,0.0511,0.0556,38,0.5833,0.9,720,0.3534,0.6822,366,0.153,-0.102,191,-0.0045,-0.0212,1686,-0.0004,-0.011,399968,-0.0102,-0.0086,1960,0.0944,0.246,0.2279,0.0138,-0.12,0
202502,01043,"cullman, al",285000,-0.0043,-0.0025,358,0.0127,0.2281,86,-0.0058,-0.0312,132,0.5349,0.1786,2,,0,76,-0.05,0,128,0.1852,-0.0588,160,0.0041,-0.0414,1801,-0.0022,-0.0144,490532,0.0281,-0.1563,478,0.0529,0.126,0.3575,0.052,-0.109,0
202502,25013,"hampden, ma",325000,-0.0096,0.0569,343,-0.0866,0.3971,41,-0.2711,0.2813,258,0.1121,0.0488,0,,-1,112,-0.1111,0.4737,77,0.252,0.1493,225,0.0092,0.0358,1538,0.0007,0.0016,389706,0.01,0.0163,425,-0.0286,0.3671,0.2245,0.0607,-0.0484,0
202502,55067,"langlade, wi",189800,-0.0138,-0.1637,43,0.1169,0.3651,71,-0.007,-0.0309,16,-0.2,-0.2727,0,,,4,-0.6667,0,23,-0.08,0.15,131,0.0231,-0.1681,1605,-0.0363,-0.1643,275677,0.129,-0.2204,65,0.0488,0.303,0.5349,-0.1145,-0.1,1
202502,54105,"wirt, wv",281750,0.0963,1.0354,8,-0.0588,1.2857,101,-0.0218,2.9126,2,,,0,,,0,,,4,0.75,0.1667,163,0.0689,0.2239,2052,0.0356,-0.0087,912573,2.1445,4.146,11,0.0476,1.2,0.4375,0.2022,-0.4196,1
202502,05003,"ashley, ar",133000,0.037,-0.031,31,-0.1029,0.0893,108,0.1195,-0.0379,4,0,-0.5,0,,,4,-0.5,0,8,0.1429,0.7778,73,0.0331,0.0176,1738,-0.0451,-0.0647,143825,-0.0149,-0.0446,39,-0.061,0.1846,0.2623,0.0564,0.1016,0
202502,13013,"barrow, ga",390754,0.0195,-0.0044,413,0.0549,0.3153,44,-0.365,-0.2869,228,0.4805,0.6522,58,6.25,-0.0333,164,0.3226,1,172,0.2419,-0.165,190,-0.0139,0.0086,2190,0.0118,-0.0331,499908,0.0114,0.0436,576,0.112,0.1184,0.4165,0.0627,-0.2396,0
202502,37021,"buncombe, nc",599300,0.014,0.0386,772,0.0511,0.4719,74,-0.0481,-0.0862,306,0.224,0.2857,2,-0.5,-0.8,236,0.0727,0.6164,351,0.1341,-0.0154,335,0.0148,0.0334,1832,0.0007,-0.0076,929007,0.0007,-0.0222,1121,0.0738,0.2719,0.4547,0.0333,-0.225,0
202502,21203,"rockcastle, ky",172400,0.0297,-0.3117,19,-0.0513,0.6818,59,-0.2579,-0.2237,12,0.5,1,0,,,6,-0.25,0.5,15,0.3182,1.2308,127,0.0454,-0.2237,1375,-0.0015,-0.0484,219265,-0.003,-0.3467,33,0.0645,0.8333,0.7838,0.2197,0.1929,1
202502,26053,"gogebic, mi",206000,-0.0923,0.118,50,-0.2126,0.0753,129,0.1388,0.4401,8,1,-0.6923,0,,,6,-0.625,2,20,0.1765,0.0256,132,0,-0.0469,1348,-0.0941,0.0128,300076,0.0513,-0.5166,70,-0.142,0.0373,0.4,0.1323,-0.0194,0
202502,26029,"charlevoix, mi",507000,0.1204,0.1285,121,0.0126,0.407,92,0.0425,0.1323,30,0.1538,-0.1176,0,,,6,-0.7,-0.5,5,0,-0.2308,292,0.0518,0.1474,1927,0,0.2432,1065633,0.0219,0.2756,126,0.0162,0.3641,0.0413,-0.0005,-0.0343,0
202502,09150,"northeastern connecticut planning region, ct",429950,0.0476,0.1429,88,-0.1619,0.0353,60,0.0766,0.3657,50,-0.359,-0.3056,0,-1,-1,24,-0.3333,0.0909,117,0.0688,0.0639,258,0.0403,0.1804,1757,-0.0003,-0.03,503592,0.0367,-0.3628,207,-0.0305,0.0617,1.3239,0.2858,0.0356,0
202502,55037,"florence, wi",278975,0.0336,0.3651,11,-0.0833,0.1,124,0.5091,0.6445,0,-1,-1,0,,,0,-1,,5,0.2857,-0.3077,255,0.2356,0.355,1509,0.0551,0.0285,703408,0.1177,0.8875,16,0.0333,0,0.4091,0.1174,-0.2409,1
202502,27099,"mower, mn",197500,0.0437,-0.0959,53,0,0.0294,89,-0.0328,-0.0635,32,0.4545,1,0,,,8,-0.2,-0.5,33,0.1607,-0.2529,131,-0.0195,0.0863,1642,0.0266,-0.1604,274756,-0.0228,-0.0051,84,0.0435,-0.1064,0.619,0.0857,-0.2339,1
202502,04001,"apache, az",399125,0.0079,0.0011,120,0.0959,0.25,115,-0.1418,-0.098,34,0.7,0.5455,0,-1,,14,-0.125,0.75,13,0.3,0.5294,237,-0.0109,-0.0392,1735,0.0061,-0.0321,562102,0.1952,0.0836,134,0.1172,0.2837,0.1083,0.017,0.0198,0
202502,50027,"windsor, vt",556250,0.0426,0.1192,238,-0.0384,0.3959,118,0.1292,0.5946,60,-0.2683,-0.3617,0,,,36,0,0.2857,119,0.266,0.845,281,0.0331,-0.0294,1857,-0.0252,0.045,833112,-0.0001,0.0343,356,0.041,0.5128,0.5,0.1202,0.1217,0
202502,21163,"meade, ky",334450,-0.0421,0.0373,67,0.0469,0.2885,63,-0.1162,0.2677,28,0.4,0,0,,,20,0.25,1.5,27,-0.0526,-0.0847,159,-0.0119,-0.0514,2028,-0.0355,0.0315,356029,-0.0352,-0.0468,93,0.0276,0.1138,0.403,-0.0423,-0.1643,0
202502,01107,"pickens, al",149675,0.1634,-0.0337,27,-0.069,0.0385,105,0.3355,0.4266,6,-0.4,-0.625,0,,,2,-0.75,-0.5,15,0.25,0.3636,69,-0.0822,-0.2414,2000,0.0367,0.1864,172628,0.0108,-0.0557,42,0.0247,0.1857,0.5556,0.1418,0.1325,0
202502,36087,"rockland, ny",849000,0.0291,0,395,0.022,0.1584,66,-0.0638,0.1681,214,0.1031,0.2159,6,,0.5,50,0.087,-0.0385,382,-0.0661,28.3462,386,0.0094,0.0638,2177,0.0015,-0.0662,1050783,0.036,0.0224,773,-0.0184,1.1761,0.9658,-0.0911,0.9277,0
202502,36103,"suffolk, ny",949450,-0.013,0.0128,3040,0.0418,0.0454,83,-0.0625,0.0645,1622,0.3539,0.0915,60,0.6667,0,394,0.0944,-0.0199,2413,-0.0476,0.6886,520,-0.047,-0.1392,2178,-0.0322,-0.0929,2531961,-0.0127,0.049,5414,-0.0028,0.2534,0.7939,-0.0745,0.3024,0
202502,54047,"mcdowell, wv",89250,0.0324,-0.1284,19,-0.0263,0.3214,74,-0.3553,-0.4842,4,1,0,0,,,0,-1,,5,-0.25,-0.1,54,0.0308,-0.11,1664,0.1452,-0.0559,101806,0.0208,-0.2724,23,-0.0612,0.1795,0.2432,-0.0725,-0.1139,1
202502,37039,"cherokee, nc",356900,-0.0081,0.0199,236,0.0064,0.2202,98,-0.0391,0.2205,80,0.6667,0.1111,0,-1,,52,0.4444,0.1818,69,0.0873,-0.2865,262,0.0262,0.0115,1379,-0.0395,-0.0375,487348,-0.001,-0.0295,301,0.0152,0.0674,0.2909,0.0216,-0.2065,0
202502,51670,"hopewell, va",241198,-0.0304,0.043,40,-0.1684,0.0676,46,-0.249,0.0636,28,0.0769,-0.2632,0,,,14,-0.125,-0.2222,37,0.4038,0.3036,190,-0.0186,0.0729,1277,-0.0051,-0.0192,266030,-0.0346,0.1247,76,0.034,0.1692,0.9241,0.3767,0.1673,0
202502,24039,"somerset, md",268470,-0.0237,0.1292,100,0.0309,0.227,102,-0.0773,0.0227,34,1.4286,0.0625,0,-1,,30,0.6667,2,23,-0.0816,-0.3836,169,-0.0843,-0.0089,1484,0.0037,0.0734,351699,-0.0097,0.2819,123,0,0.0513,0.225,-0.0276,-0.2229,0
202502,18139,"rush, in",250000,-0.031,0.291,33,0.0156,0.1017,80,-0.0303,-0.1061,12,0.5,0.5,0,,,8,-0.4286,-0.4286,13,0.04,-0.4222,137,0.013,0.2831,2115,-0.0264,-0.0174,281169,-0.0729,0.0931,45,0.0112,-0.1346,0.4,0.0094,-0.3627,0
202502,22043,"grant, la",226000,0.0415,-0.0331,29,-0.0645,-0.1471,92,0.0958,0.3071,10,0.25,-0.1667,2,,,10,0.6667,0,15,0.6111,0.5263,138,0.1042,0.058,1653,0.014,0.0617,231577,0.0048,0.0925,42,0.0633,-0.0118,0.5,0.2097,0.2206,0
202502,21109,"jackson, ky",264725,0.1969,0.0874,26,0.04,0.1818,82,-0.0603,-0.0354,12,2,0.2,0,,,2,-0.5,-0.6667,9,0.1333,-0.2917,135,-0.0354,-0.0109,1584,0.1236,-0.12,267081,0.0374,-0.0494,34,0.0462,0.0303,0.3269,0.0269,-0.2185,0
202502,17185,"wabash, il",163700,0.269,-0.0772,21,-0.0238,0.2813,119,0.1895,0.359,10,4,0.25,0,,,4,1,0,5,0.5,0.125,79,0.0572,-0.142,1800,0.1613,0.02,206902,0.4173,-0.0523,25,0.0417,0.25,0.2195,0.0767,-0.0305,0
202502,06039,"madera, ca",497000,-0.0047,-0.006,458,0.0971,0.2071,58,-0.2744,-0.3235,198,0.0313,0.375,14,0,-0.2222,140,0.3462,1,214,0.0893,-0.0656,267,0.0095,0.0478,1926,-0.0066,-0.053,601395,-0.0308,-0.0726,668,0.0988,0.1088,0.4667,-0.0034,-0.1362,0
202502,17045,"edgar, il",136175,-0.0609,0.4319,33,0.0476,0.082,105,0.1503,0.5199,8,-0.2,-0.3333,0,,,4,-0.5,-0.3333,10,0.3333,-0.375,67,-0.01,0.2159,1764,-0.0014,0.2322,195838,0.0195,0.7201,42,0.0769,-0.0769,0.303,0.0649,-0.2216,0
202502,12119,"sumter, fl",377450,-0.0196,-0.0371,696,0.053,0.4925,59,-0.1397,0.0685,278,0.121,0.3238,12,,0,384,0.4118,0.561,218,0.3015,-0.0136,250,-0.0098,-0.0279,1598,-0.0023,-0.0056,463737,0.0118,-0.0365,913,0.1021,0.3302,0.3134,0.0598,-0.1608,0
202502,51133,"northumberland, va",531375,0.0844,0.2507,74,0.0352,0.176,114,0.2364,0.1375,12,-0.4545,-0.4,0,,,14,0.4,0.4,22,-0.1852,-0.4133,260,0.021,0.1259,2008,-0.0517,0.1481,676310,-0.0271,0.1224,95,-0.0355,-0.0355,0.2993,-0.081,-0.3007,0
202502,01035,"conecuh, al",203750,-0.0061,0.2867,33,-0.0704,0.5714,57,-0.4495,-0.2237,8,0,-0.3333,0,,,10,1.5,1.5,4,0.6,0,98,0.0203,0.1594,1819,-0.1436,-0.0908,227999,-0.0035,0.1562,38,0,0.5,0.1212,0.0508,-0.0693,0
202502,21043,"carter, ky",234725,-0.0561,0.2355,31,0.069,0.1698,98,0.1879,0.1988,6,2,-0.4,0,,,4,-0.3333,-0.5,13,-0.2353,0.5294,131,-0.0188,0.1654,1619,-0.0265,-0.0313,268310,-0.0337,0.1273,45,-0.043,0.2027,0.4194,-0.1669,0.0986,0
202502,48121,"denton, tx",479900,-0.0129,-0.0636,2865,0.0345,0.4834,48,-0.2755,0.2632,1376,0.267,0.0585,88,0.3333,0,1194,0.2386,0.6223,1429,0.2167,-0.0733,213,0.0012,-0.0262,2388,-0.0126,-0.0461,670911,-0.0199,-0.1018,4282,0.0943,0.2342,0.4989,0.0747,-0.2997,0
202502,05119,"pulaski, ar",249950,-0.0092,-0.0646,1200,0.0217,0.3709,52,-0.1811,-0.0095,540,0.2442,0.1588,12,-0.5,0.2,380,0.1656,0.3475,543,0.2056,-0.0091,144,0.0071,0.0295,1795,-0.0028,-0.005,347976,0.023,0.021,1747,0.0781,0.2278,0.4523,0.069,-0.1734,0
202502,46097,"miner, sd",89500,0.0234,-0.7186,4,0.1429,0.3333,142,0.2467,1.0657,2,0,,0,,,0,,-1,1,0,-0.75,88,0.0007,-0.208,1119,0,-0.6011,299750,0.0034,-0.0577,5,0.125,-0.25,0.25,-0.0357,-1.0833,1
202502,06007,"butte, ca",414550,-0.0245,-0.0202,439,0.049,0.3937,78,-0.119,0.013,208,0.2381,0.5072,4,,1,128,0.1228,0.3913,167,0.271,0.1483,267,0.0002,0.0008,1623,-0.0102,-0.0052,491086,-0.031,-0.0605,600,0.09,0.309,0.3793,0.0662,-0.081,0
202502,17159,"richland, il",116150,-0.0798,-0.2458,17,-0.1707,0.3077,159,0.1691,2.2121,6,,-0.25,0,,,4,0,1,11,0.2222,0,88,-0.0134,-0.2234,1251,-0.0253,-0.0293,343028,0.1354,-0.174,28,-0.0517,0.1224,0.6471,0.208,-0.1991,1
202502,39019,"carroll, oh",279900,0,-0.0549,33,0.0154,0.2222,56,-0.1591,1.0182,12,0.2,-0.3333,0,,,4,-0.5,-0.3333,22,-0.2182,0.2647,148,0.0223,-0.0369,2243,0.0976,0.3545,376230,-0.0643,0.0939,54,-0.1157,0.2588,0.6515,-0.1946,0.0219,1
202502,05125,"saline, ar",344900,0.0287,-0.0325,471,0.0455,0.3672,49,-0.0926,0.071,208,0.1304,0.0196,2,,-0.5,148,0.0423,0.7209,217,0.2735,0.0484,163,0.0061,-0.0128,2023,0.0105,-0.0926,379446,0.0334,-0.0459,686,0.1065,0.2495,0.4597,0.0823,-0.1398,0
202502,08101,"pueblo, co",346000,-0.0112,-0.0376,782,0.0256,0.2872,71,-0.1242,0.119,286,0.1917,0.2119,6,0.5,2,226,-0.0661,0.0865,154,0.1946,0.0478,172,-0.0009,-0.0138,1888,0.0024,-0.0011,381074,-0.0112,-0.0108,933,0.0483,0.2343,0.1963,0.0278,-0.0449,0
202502,12117,"seminole, fl",397700,-0.0055,-0.0014,1500,0.0302,0.4728,65,-0.1457,0.2836,652,0.0219,0.156,34,0.8889,0.4167,760,0.1276,0.5638,589,0.292,-0.1216,235,-0.0068,-0.0103,1657,-0.0099,0.0101,481027,-0.0223,-0.0313,2088,0.0926,0.2352,0.3923,0.0795,-0.2655,0
202502,37035,"catawba, nc",364785,0.0205,-0.0259,420,0.0435,0.25,67,-0.0952,0.0769,230,0.0849,0.4024,26,5.5,3.3333,162,0.0385,0.2857,295,0.2661,0.3318,201,0.0092,0.0014,1852,0.0063,-0.0549,494663,0.0262,-0.0698,716,0.1293,0.2866,0.7024,0.1235,0.0432,0
202502,26041,"delta, mi",392000,0.1203,0.7422,61,-0.0397,0.0708,118,0.1481,0.2447,16,0.1429,-0.2727,0,,,4,-0.6667,-0.5,21,0.0789,-0.2931,186,0.0588,0.3298,1515,0.0025,-0.163,476739,0.0277,0.2209,80,-0.0245,-0.0592,0.3388,0.0373,-0.1744,1
202502,48335,"mitchell, tx",130000,0.0442,0.4448,31,-0.0606,0.1481,85,0.0865,0.1771,4,-0.6,-0.5,0,,,4,0,-0.3333,5,0.1111,2.3333,95,-0.015,0.808,1687,0.0021,0.048,331747,0.072,1.6621,37,-0.0263,0.2759,0.1613,0.0249,0.1057,0
202502,17035,"cumberland, il",149950,-0.0246,-0.1892,18,0.0938,1.1875,65,0.0531,-0.3738,6,0.5,0.5,0,,,4,1,0,3,0.5,-0.6667,95,-0.0116,-0.0209,1647,0.0018,-0.1005,186040,-0.0146,-0.0976,20,0.1143,0.1471,0.1714,0.0464,-0.9536,1
202502,29219,"warren, mo",333450,-0.0015,0.0456,125,-0.0079,0.2136,96,0.024,0.3714,38,-0.1364,0.0556,16,-0.2727,,26,0.625,2.25,55,0.375,0.4474,198,0.0201,0.0791,1674,-0.0482,-0.0266,444016,0.0186,0.0799,181,0.0906,0.2801,0.44,0.1225,0.0711,0
202502,25007,"dukes, ma",2550000,-0.0087,0.0467,120,-0.2638,-0.1304,133,-0.075,0.0173,24,0.3333,-0.1429,0,,,8,-0.4286,1,21,0.0513,0.0789,1068,-0.0058,-0.0284,2332,-0.0202,-0.0148,4170607,0.0395,0.0772,140,-0.235,-0.0997,0.1708,0.0512,0.0332,0
202502,01077,"lauderdale, al",296223,-0.0115,-0.0741,305,-0.0543,0.4988,86,0.0361,0.1169,110,0.1702,0.2222,0,,-1,100,0.0417,0.4706,126,0.4678,0.2244,154,-0.0215,0.047,1900,-0.0261,-0.0812,392142,-0.0453,-0.0533,427,0.0352,0.4069,0.4115,0.1464,-0.0922,0
202502,51175,"southampton, va",275000,-0.0433,0.0332,38,-0.1739,0.3571,60,0.067,0.4311,14,-0.2222,0.1667,0,,,10,-0.5,-0.1667,2,-0.6667,0.3333,167,0,-0.0352,1739,-0.035,-0.0368,305095,0.0271,0.0322,40,-0.2233,0.4035,0.0526,-0.0778,-0.0009,0
202502,29203,"shannon, mo",387450,0.3191,0.606,22,0.1892,-0.2414,74,-0.1404,-0.2967,6,0,2,0,,,0,-1,-1,7,0,0.75,215,0.1687,0.2959,1416,-0.0473,-0.1447,398886,0.1551,-0.0785,29,0.1176,-0.1231,0.3182,-0.0602,0.1803,1
202502,16065,"madison, id",426700,0.0478,0.1375,80,0.089,0.1866,64,-0.2507,-0.2372,30,0.25,0,0,,,16,-0.2,0.1429,25,0.6333,0.1395,196,0.005,-0.0223,2420,0.1406,0.2624,489208,0.0894,0.1113,103,0.1648,0.1582,0.3082,0.1027,-0.0127,0
202502,48131,"duval, tx",114999,-0.08,0.0773,12,-0.1111,-0.2258,88,-0.1941,-0.0511,2,0,-0.5,0,,,0,-1,-1,2,1,1,74,0.0785,0.0362,1419,-0.1536,-0.0847,135293,-0.0179,-0.1372,14,0.037,-0.1515,0.1667,0.0926,0.1022,0
202502,30047,"lake, mt",770000,-0.0093,-0.1121,145,0.0176,0.5131,154,-0.0625,0.0904,22,0.375,0.2222,2,,,10,-0.4444,1.5,23,-0.0426,-0.1,351,-0.006,-0.0816,2216,0.0116,-0.1058,2238730,-0.0219,-0.2837,167,0.0152,0.3859,0.1557,-0.0098,-0.1061,1
202502,39155,"trumbull, oh",173750,-0.007,0.086,268,-0.0869,0.2265,82,0.0647,0.2462,126,0.1667,-0.137,0,,-1,102,0.1087,0.4167,194,0.1246,-0.0537,116,0.0058,0.1577,1585,-0.0089,-0.0325,220228,-0.0055,0.0758,461,-0.015,0.0964,0.7239,0.1361,-0.2143,0
202502,21179,"nelson, ky",302450,0.0254,-0.0122,152,-0.0256,0.1343,60,0.0256,-0.1892,60,0.5,-0.1892,2,0,,36,0.0588,0.2,83,0.32,0.1379,189,-0.0011,-0.0131,1524,-0.0054,-0.0026,354002,0.0045,-0.03,230,0.0431,0.1302,0.5428,0.1421,0.0017,0
202502,54065,"morgan, wv",357425,-0.0072,0.11,67,0.1552,0.5402,73,-0.1614,0.5078,26,2.25,0,0,,,14,-0.125,0.75,22,-0.0638,-0.4359,212,0.0161,-0.0101,1669,0.0723,0.1164,364088,-0.0071,0.1148,89,0.0859,0.0663,0.3284,-0.0768,-0.5682,0
202502,31157,"scotts bluff, ne",264875,0.0459,0.2044,64,-0.0662,-0.2659,86,-0.0366,0.2128,38,2.1667,-0.0952,0,,,10,-0.375,-0.375,45,0.2899,0.459,192,0.0479,0.0735,1403,0.0108,0.1135,495758,0.1468,0.613,108,0.064,-0.0769,0.7008,0.1934,0.3482,0
202502,06067,"sacramento, ca",539500,-0.0055,-0.0235,1463,0.0894,0.5514,34,-0.3398,0.0462,1154,0.007,0.1517,56,-0.0345,-0.2222,530,0.2156,0.8276,989,0.11,-0.0412,332,-0.0036,0.0017,1591,0.0054,-0.0387,608185,-0.0105,-0.1016,2452,0.0991,0.2482,0.676,0.0126,-0.4178,0
202502,54055,"mercer, wv",179375,-0.0035,0.0136,76,-0.0952,-0.0732,96,0.038,0.3127,24,0.3333,-0.2,0,,,12,-0.25,-0.625,36,-0.0658,-0.2111,109,-0.0701,0.11,1631,0.0015,-0.0742,248984,-0.0362,0.124,111,-0.083,-0.123,0.4671,0.0147,-0.0817,0
202502,48037,"bowie, tx",239950,0.0011,-0.0113,300,-0.0228,0.1742,98,0.0541,0.2,80,-0.0698,-0.1111,0,-1,-1,80,0.0811,0.2121,94,0.6261,0.1835,126,0.0012,-0.0169,1911,0.0072,0.0255,305573,0.0083,0.0523,388,0.0718,0.1722,0.3117,0.1244,0.0025,0
202502,13295,"walker, ga",287000,0.0161,-0.0431,225,0.0563,0.4851,73,-0.0068,0.6313,90,0.0976,0.125,2,-0.5,,96,0.0909,0.3714,100,0.2987,-0.0148,177,-0.0182,0.0021,1629,0.0213,-0.0087,370567,0,-0.0618,325,0.1246,0.2974,0.4444,0.0829,-0.2255,0
202502,42015,"bradford, pa",222450,-0.0097,0.1321,65,-0.0845,0.1927,88,-0.0222,-0.0785,24,0.2,-0.2,0,,,8,0,-0.2,43,0.1039,-0.0761,116,0.0248,0.0607,1947,-0.0355,0.0999,282469,-0.01,0.041,108,-0.0092,0.0644,0.6538,0.1116,-0.1902,0
202502,20171,"scott, ks",195000,0,-0.2557,4,0,0,150,0.1628,-0.3711,0,,,0,,,0,,,1,,-0.3333,141,0,-0.1962,1487,0,0.1048,221875,0,-0.2536,4,0,-0.3333,0.25,,-0.125,1
202502,48141,"el paso, tx",291713,-0.0076,-0.0244,2610,0.0692,0.0745,68,-0.1667,0.0075,1044,0.1299,0.237,136,-0.3704,-0.32,524,0.1855,0.2243,1198,0.1921,0.232,167,0.0048,0.0178,1830,-0.0045,-0.0291,339672,-0.0047,-0.0041,3807,0.1052,0.1166,0.4589,0.0473,0.0587,0
202502,26089,"leelanau, mi",792000,-0.0097,0.1778,60,0.0625,-0.0775,72,-0.1829,-0.0949,16,0,-0.1111,0,,,4,-0.6667,-0.3333,15,0.0714,-0.4444,378,-0.0138,0.0099,2205,0.0173,0.4071,993664,-0.0386,0.0566,75,0.0714,-0.1892,0.2521,0.0021,-0.1665,0
202502,28039,"george, ms",226850,-0.0136,-0.0624,60,-0.0625,0.1111,84,0.1597,-0.1773,26,0.0833,0.0833,0,,,14,-0.125,0.4,37,0.4898,0.0735,141,0.0091,-0.0202,1645,-0.0201,-0.04,279374,-0.0145,0.0088,97,0.0838,0.1086,0.6083,0.2255,-0.0213,0
202502,08029,"delta, co",541225,0.0069,0.0237,157,-0.0095,0.1095,120,0.079,-0.0225,36,0.2,0.5,2,-0.5,-0.5,24,-0.1429,0.2,32,0.0323,-0.0448,274,-0.0199,0.0056,1923,0,-0.0169,744585,0.0017,-0.0024,188,-0.0079,0.0714,0.2038,0.0082,-0.0329,0
202502,12027,"desoto, fl",399000,0.0076,0.1701,149,0.0645,0.1,94,-0.0623,0.1463,32,-0.0588,-0.0588,2,,,56,0.6471,0.3333,35,0.6829,0,251,0.0273,0.1485,1440,-0.0242,0.0544,496805,0.0954,0.1659,183,0.1406,0.0673,0.2323,0.0854,-0.0232,0
202502,33007,"coos, nh",339450,0.0822,0.0445,134,-0.1155,0.4105,109,0.053,0.1148,20,-0.1667,-0.375,0,,,20,-0.2308,-0.0909,41,0.0946,0.2273,183,-0.0294,-0.0647,1769,0.0618,-0.0164,416258,0.0172,0.0446,175,-0.0693,0.374,0.3022,0.058,-0.0451,0
202502,37027,"caldwell, nc",332400,0.0174,-0.0149,163,0.0586,0.413,63,-0.1345,-0.004,74,0.3704,0.1212,2,0,-0.6667,56,0.12,0.4,86,0.2113,-0.0947,195,0.0162,0.0219,1747,0.0119,-0.1254,489493,0.0308,-0.0082,249,0.1191,0.1663,0.5292,0.0667,-0.2969,0
202502,47037,"davidson, tn",549950,-0.0001,-0.0826,2963,0.0226,0.342,64,-0.1049,0.561,1324,0.1971,0.066,60,1,0.7647,964,0.1476,0.2785,1175,0.2985,0.6267,314,0.0068,-0.022,1869,-0.0037,-0.0442,821624,-0.0229,-0.0841,4125,0.0815,0.4146,0.3965,0.0842,0.0694,0
202502,17147,"piatt, il",194450,0.004,-0.0178,27,-0.1311,-0.197,66,-0.1561,-0.0257,8,-0.4286,-0.5556,0,,,8,0,0.3333,24,0.0909,0.2973,112,-0.0057,-0.147,1737,0.0038,-0.067,218813,0.0598,-0.1618,50,-0.0748,-0.01,0.9057,0.1843,0.3451,0
202502,48067,"cass, tx",229900,0.0186,-0.046,151,0.0134,0.379,120,0.0529,0.6713,14,-0.3636,-0.5625,0,,,34,0.5455,0.4167,21,0.2353,-0.3538,124,0.0246,-0.0917,1744,-0.0023,-0.0133,281423,0.0285,-0.1357,170,0.0242,0.2151,0.1391,0.025,-0.1577,0
202502,53045,"mason, wa",480500,0.0312,0.0278,153,-0.0498,0.3556,81,-0.069,0.2045,58,0,-0.1714,2,,-0.8571,40,-0.0476,0.3333,74,-0.0329,0.0809,296,0.0036,0.0076,1706,-0.0052,-0.0351,596866,0.0398,-0.0545,227,-0.0403,0.2548,0.482,0.0084,-0.1225,0
202502,39081,"jefferson, oh",158500,0.017,0.0393,102,-0.1092,-0.1905,75,-0.051,0.0205,42,-0.0455,-0.2759,0,,,30,0.0714,-0.25,66,0.2358,0.0077,110,-0.0215,0.043,1589,0.0009,-0.0191,202809,0.0653,0.0618,167,-0.003,-0.1257,0.6422,0.1793,0.1263,0
202502,01031,"coffee, al",284744,0.0356,0.0125,184,-0.0564,0.319,66,-0.1344,0.2571,74,0.2759,-0.075,0,,,46,-0.08,0.5333,76,0.6237,0.0559,144,0.0321,0.0611,2072,0.009,-0.0181,318285,0.0448,0.0415,254,0.0389,0.2071,0.4103,0.1719,-0.1022,0
202502,28155,"webster, ms",279300,0.0394,0.1209,22,0.1,0.0732,91,-0.3038,-0.0295,8,3,0.3333,0,,,2,,-0.6667,1,,-0.6667,108,0.0134,-0.0369,2158,0.1162,0.0786,287239,-0.0181,0.2301,23,0.125,-0.0625,0.0455,0.0455,-0.1009,0
202502,18159,"tipton, in",215925,0.2014,0.2124,18,0,0.2857,50,0.2298,-0.3219,12,0.2,1,0,,,8,0,0,12,0.1429,-0.04,143,0.1433,0.3331,1755,0.0977,-0.1127,234645,0.1311,0.0646,30,0.0536,0.1132,0.6667,0.0833,-0.2262,1
202502,47099,"lawrence, tn",328000,-0.0267,-0.0627,156,0.0724,0.4533,75,-0.1202,0.3453,66,0.5714,0.2692,0,,,38,0.4615,0.4615,51,-0.0556,0.275,201,0.0286,0.0688,1698,-0.0111,0.0269,372007,-0.0269,-0.0425,207,0.0482,0.3906,0.328,-0.0444,-0.0459,0
202502,35047,"san miguel, nm",380950,0.0025,0.0487,41,0.038,-0.1087,128,0.2156,-0.074,8,-0.3333,-0.3333,0,,,2,-0.8,-0.6667,12,-0.3333,-0.3333,191,0.1105,0.0622,2080,0.0036,-0.0008,714374,-0.0124,0.1629,53,-0.0948,-0.186,0.2927,-0.163,-0.0986,0
202502,01017,"chambers, al",262999,0.0241,0.1045,91,0.0462,0.0523,71,-0.0373,-0.1647,40,0.4286,0.4286,2,-0.5,,20,0.1111,-0.4737,34,0.4167,0.36,179,0.0555,0.3724,1539,0.0007,0.0077,307049,0.0048,0.3439,124,0.1121,0.1222,0.3757,0.0982,0.085,0
202502,55005,"barron, wi",311175,0.0376,-0.1835,95,-0.0206,0.8095,107,0.0118,0.4125,32,0.3333,-0.0588,0,,,14,-0.3,0,48,0.2667,0.0326,178,0.0495,-0.1184,1780,0.0158,-0.109,384523,0.0616,-0.113,141,0.0766,0.441,0.5,0.1134,-0.3762,1
202502,21083,"graves, ky",256250,0.0439,0.2717,66,0.048,0.3232,70,-0.0142,0.0258,26,0.0833,2.25,0,,,16,-0.2727,0.1429,26,0.0408,-0.1774,131,0.0097,0.1017,1793,0.0039,0.0522,283879,0.0213,0.1251,90,0.0347,0.1118,0.3893,-0.0027,-0.2369,1
202502,51037,"charlotte, va",299900,0,0.0827,24,-0.0208,0.6207,83,-0.0292,0.395,4,-0.3333,-0.3333,0,,,0,-1,-1,6,-0.1429,-0.2941,186,-0.0094,0.1405,1527,-0.0104,-0.024,353472,-0.0488,0.2018,29,-0.0492,0.3182,0.2553,-0.0363,-0.3309,0
202502,31123,"morrill, ne",248725,-0.0657,0.8779,11,0.4667,0.8333,67,-0.162,-0.1594,6,,2,0,,,0,,-1,3,0,2,153,-0.0365,0.6538,1615,-0.1288,0.2314,423503,-0.214,1.7291,14,0.3333,1,0.2727,-0.1273,0.1061,1
202502,39133,"portage, oh",319975,0.0668,0.0774,135,-0.0493,0.1297,53,-0.2111,-0.2198,92,0.4375,-0.08,0,-1,,36,-0.3333,-0.1,111,0.2416,-0.0868,161,0.0291,0.0249,1974,-0.003,-0.0235,411211,0.0389,-0.0043,246,0.0628,0.0208,0.8185,0.1918,-0.194,0
202502,53063,"spokane, wa",482500,0.0053,-0.0658,944,-0.0804,0.2358,41,-0.4296,0.0872,470,0.0043,-0.0711,20,0.4286,-0.5238,268,0.0806,0.2642,647,0.2015,-0.0464,234,0.015,-0.0287,2133,-0.005,-0.0361,592099,0.0077,-0.0404,1586,0.0041,0.0942,0.6857,0.1609,-0.2029,0
202502,30063,"missoula, mt",735000,0.0407,0.0334,265,-0.045,0.17,97,0.0486,-0.1416,66,-0.1316,-0.2326,2,,,56,0.037,0.6471,82,0.0724,-0.0632,359,0.015,-0.0141,2200,-0.001,0.0387,1089624,0.0253,0.0443,345,-0.0227,0.0885,0.3075,0.0337,-0.0766,0
202502,27079,"le sueur, mn",369000,-0.0038,0.0338,68,0.125,0.2857,49,-0.173,0.1951,22,0,-0.0833,0,,,16,0.6,1,21,-0.1087,-0.2115,188,-0.0223,-0.093,1824,-0.0237,0.0628,386793,-0.0389,-0.1773,88,0.0667,0.1139,0.3037,-0.0796,-0.1915,0
202502,19147,"palo alto, ia",179900,0.0013,-0.0058,30,0.0727,0.3721,119,0.2051,0.4969,2,-0.5,-0.75,0,,,8,1,3,11,0.4667,1.2,127,0,-0.0219,1456,-0.0553,0.1159,266679,0.0847,0.0684,41,0.1571,0.5283,0.3729,0.1002,0.1403,1
202502,17161,"rock island, il",142925,-0.0408,0.0746,220,-0.0814,0.4667,65,0.1064,0.3065,98,-0.02,-0.125,0,-1,,62,-0.0606,0.55,144,0.2478,0.0749,101,0.0042,0.0155,1430,-0.05,-0.0344,201811,0.0032,0.0402,363,0.0211,0.2832,0.6523,0.1721,-0.2377,0
202502,51079,"greene, va",451716,0.0128,-0.1146,25,-0.3056,-0.4898,66,-0.2646,0.6923,22,0.5714,-0.3125,0,,-1,6,0,0,48,-0.0206,0.2838,251,0.0922,0.0818,2110,0.0624,0.009,503054,-0.0405,-0.1646,71,-0.1446,-0.1548,1.9,0.5528,1.1449,1
202502,47117,"marshall, tn",357186,-0.0063,0.0085,178,0.044,0.6182,81,-0.122,0.3012,74,0.2759,0.2333,4,,,72,0.2414,1.5714,61,0.21,0.8906,226,-0.0132,0.0326,1597,-0.0006,-0.0101,500371,-0.0455,-0.02,243,0.0899,0.6782,0.3399,0.0466,0.049,0
202502,16041,"franklin, id",568025,0.0485,0.1958,41,0.0946,0.6875,62,-0.004,0.7786,12,0,1,0,,,12,2,,11,-0.3,-0.125,217,-0.0108,0.0063,2317,-0.0004,-0.0949,588559,0.0058,0.0576,51,-0.0288,0.4225,0.2593,-0.1461,-0.2407,1
202502,16087,"washington, id",420000,0.0721,0.087,25,-0.2308,-0.2537,72,-0.0172,0.0362,8,0,-0.5,0,-1,-1,4,-0.3333,0,17,0.4348,0.1379,237,-0.0106,0.0164,1998,0.1115,0.1657,712014,-0.0568,0.3718,42,-0.0568,-0.1354,0.66,0.3062,0.2272,0
202502,24035,"queen anne's, md",549925,0.0009,-0.0595,177,0.0697,0.4895,61,-0.097,0.095,78,0.1818,-0.025,16,1,1.6667,42,-0.0455,0.05,119,0.1232,0.288,267,-0.0017,0.0173,2088,0.0093,-0.092,807794,0.0233,0.1523,295,0.0847,0.4057,0.6714,0.032,-0.105,0
202502,10003,"new castle, de",388713,-0.0414,-0.0711,638,0.0063,0.3351,45,-0.1964,0.0976,436,0.3374,0.0583,36,-0.1,-0.3333,200,0.1628,0.1236,586,0.1098,0.0626,213,0.0027,0.0254,1850,-0.0075,-0.0976,530100,-0.0173,0.0677,1222,0.0585,0.179,0.9192,0.0858,-0.2358,0
202502,31041,"custer, ne",202500,0.0338,0.0664,35,-0.1358,0.7949,166,0.1573,0.6305,8,1,0.3333,0,,,4,-0.3333,,6,0.375,0,89,0.048,-0.2761,2112,0,0.0942,335987,0.0686,-0.3353,40,-0.1111,0.6,0.1571,0.0584,-0.1249,0
202502,12041,"gilchrist, fl",344900,0.007,-0.0275,67,0,0.0388,100,-0.0173,-0.0872,16,1,1,0,,,14,0.1667,-0.125,7,1.3333,-0.5625,226,0.0263,0.1698,1536,0.0002,-0.1318,586794,0.0032,0.4585,74,0.0571,-0.075,0.1045,0.0597,-0.1436,1
202502,20143,"ottawa, ks",142925,-0.0643,-0.2745,14,-0.069,1.4545,103,0.3792,0.1385,2,0,0,0,,,0,-1,,7,-0.1875,0.4444,97,-0.0051,-0.3149,1465,0.0324,-0.1249,159278,0.0037,-0.2509,18,-0.2,0.8,0.4815,-0.0702,-0.3367,1
202502,48283,"la salle, tx",132450,-0.2431,-0.2642,4,-0.2727,-0.4286,131,-0.1178,1.2203,0,,,0,,,0,-1,-1,3,2,1,84,-0.0653,0.0718,1217,-0.2782,-0.2056,134815,-0.1955,-0.2878,7,0,-0.2222,0.75,0.5682,0.5357,1
202502,48223,"hopkins, tx",290500,0.0193,-0.1985,154,0.0132,0.2954,92,-0.0417,0.2105,34,0.1333,0,2,,,74,0.7619,0.7619,26,-0.0877,0.2093,174,0.0001,-0.0217,1790,-0.0029,-0.111,384719,0.0121,-0.1027,179,-0.0056,0.274,0.1694,-0.0187,-0.0121,1
202502,08003,"alamosa, co",324975,0.0002,-0.2129,25,0.1395,0.2895,64,-0.4766,-0.2068,6,-0.5,0,0,,,8,,,6,0.0909,0,231,0.031,0.1072,1319,-0.1695,-0.3647,388671,-0.0077,-0.0776,30,0.0926,0.2041,0.2449,-0.0109,-0.0709,1
202502,17189,"washington, il",176225,0.068,0.1952,22,-0.1373,1.4444,104,0.2485,0.3113,4,-0.5,-0.3333,0,,,4,-0.3333,1,14,0.4,0.3333,94,0.0064,-0.107,1868,0.0281,0.3845,249738,0.0794,0.0003,37,0.0139,0.7805,0.6364,0.2442,-0.5303,0
202502,08097,"pitkin, co",3737500,-0.0033,0.4847,434,-0.0737,0.2025,74,0.2049,-0.321,74,0.3214,0.3214,0,,-1,46,0.2105,0.2105,121,0.9055,-0.0692,2313,-0.1167,0.2655,1835,0.0619,0.0808,8704042,0.0881,0.1711,549,0.0448,0.124,0.2791,0.1434,-0.0815,0
202502,54007,"braxton, wv",179750,-0.0782,0.2397,27,-0.1719,0.6061,144,0.1206,0.195,4,1,0,0,,,4,,,11,0.4,0.3125,99,-0.1399,-0.0428,1792,-0.0346,0.3031,233460,-0.0691,0.3921,37,-0.0864,0.5102,0.3962,0.1619,-0.0886,0
202502,13009,"baldwin, ga",339000,0.0122,0.1734,121,0.0524,0.1055,72,-0.2174,-0.0619,30,-0.375,-0.1176,0,,,32,1.6667,0,34,0.1525,0.1148,193,0.0147,0.2549,2075,0.0128,0.0143,592061,-0.0013,0.3663,151,0.0863,0.0824,0.2822,0.0245,0.0023,0
202502,41029,"jackson, or",511821,-0.0088,0.0247,654,-0.0083,0.2091,95,0.0026,0.1555,228,0.2809,-0.0172,8,0.3333,-0.6364,148,-0.2292,-0.1395,300,0.1909,0.0735,280,-0.0003,-0.019,1803,-0.0047,0.0142,717089,0.0417,0.0477,954,0.0444,0.1721,0.4583,0.0767,-0.0579,0
202502,51770,"roanoke, va",227438,-0.0215,0.0832,147,0.0691,0.4,48,-0.1324,-0.0777,90,0.1842,-0.1509,0,,-1,72,0.1613,0.5,109,0.173,-0.1355,161,-0.0003,0.1033,1525,0.0002,0.0103,305368,0.0001,0.1975,256,0.1204,0.094,0.7381,0.0654,-0.4571,0
202502,37127,"nash, nc",324360,0,-0.0018,302,0.0414,0.3727,78,0.058,0.2062,112,0.0769,0.0769,4,-0.8947,-0.5,86,0.2286,0.2286,129,0.0363,-0.2188,166,0.0006,-0.0095,1880,-0.014,0.0086,340596,0.0108,0.0592,430,0.0362,0.1258,0.4255,-0.0021,-0.3222,0
202502,18183,"whitley, in",295467,0.0516,-0.0005,40,-0.1579,0.4545,41,-0.2115,-0.287,32,0.4545,0.0667,0,,,14,-0.3636,0.1667,37,0.2167,0.0429,160,0.0197,0.0211,1811,-0.0481,0.0555,314231,0.0209,-0.0937,77,0.0267,0.232,0.9125,0.2809,-0.3602,0
202502,45043,"georgetown, sc",426000,0.0024,-0.1626,467,0.0518,0.3286,81,-0.0607,0.1092,156,0.322,0.1818,8,0.3333,1,162,0.4727,0.5882,157,0.2816,0.0644,250,-0.0045,-0.0379,1752,-0.0174,-0.0626,610243,0.0007,-0.1271,625,0.0984,0.245,0.3362,0.0603,-0.0834,1
202502,48495,"winkler, tx",187000,0.0484,-0.0477,16,-0.0882,0.4091,95,-0.3504,0.3333,6,0.5,0.5,0,,,2,-0.5,,2,0,-0.4286,148,0.1582,0.0919,1558,0.0272,-0.1086,282686,0.0379,0.2487,18,-0.0541,0.2069,0.129,0.0114,-0.1891,0
202502,39115,"morgan, oh",259975,0.073,0.27,20,-0.1837,0.1765,95,0.0496,2.6635,2,-0.5,-0.75,0,,,4,0,1,6,0.8333,-0.1538,168,0.271,0.606,1327,-0.2595,-0.2595,265821,-0.0258,0.2998,25,-0.1071,0.087,0.275,0.1526,-0.1074,1
202502,16043,"fremont, id",774450,0.0326,0.0483,69,-0.08,0.0299,136,0.0225,0.1214,10,-0.1667,-0.2857,0,,,10,4,0.6667,17,0.0625,0.3077,376,-0.0046,0.0054,2224,0.001,-0.0372,1244244,0.0209,0.1233,86,-0.0549,0.0955,0.2464,0.033,0.0523,0
202502,19177,"van buren, ia",203675,0.0461,-0.1415,17,0.0625,2.0909,125,0.2176,-0.1644,4,,1,0,,,0,,,2,-0.25,-0.7,139,0.0758,-0.0498,1848,-0.0191,0.053,341332,0.0597,0.244,18,0,0.8,0.0882,-0.0368,-0.8209,1
202502,22095,"st. john the baptist, la",224975,0.0203,-0.0089,118,0,0.0444,94,-0.0132,0.2467,30,1.1429,0.1538,0,,,38,0.5833,0.5833,26,0.04,-0.4157,129,-0.0059,-0.0147,1689,-0.0043,-0.0176,227853,-0.0107,-0.0594,144,0.0106,-0.0889,0.2213,0.0085,-0.1743,0
202502,21237,"wolfe, ky",323500,-0.0197,-0.2279,28,-0.1111,0.8667,131,0.0892,0.2868,4,,-0.3333,0,,,8,3,1,6,0,-0.1429,234,-0.0393,-0.1937,1220,0.0167,0.0274,333147,-0.031,-0.2698,34,-0.0811,0.5111,0.2143,0.0238,-0.2524,1
202502,36015,"chemung, ny",163725,0.0044,0.118,141,-0.0473,0.2703,68,-0.087,0.0664,62,-0.0606,0.0333,0,,,24,-0.2,0,156,0.0833,0.7829,106,-0.0194,0.0987,1658,0.0134,-0.0033,206927,-0.0052,-0.047,294,0.0121,0.4861,1.1064,0.1334,0.3181,0
202502,28049,"hinds, ms",170000,0.0462,0.0303,576,-0.04,0.1419,105,0.0526,0.3816,194,0.2436,-0.1983,4,1,-0.3333,128,-0.2471,-0.4074,258,0.0531,-0.0835,96,0.0031,0.0389,1722,0.0107,-0.0559,224417,0.0193,-0.0007,831,-0.0166,0.0573,0.4483,0.0396,-0.1102,0
202502,56037,"sweetwater, wy",331450,-0.0022,0.1681,72,-0.0138,0.0142,42,-0.2622,-0.4503,32,0.1429,0.1429,0,,,12,-0.5385,0,,,,150,0.0406,0.0291,2275,0.0082,0.0702,379950,0.0035,0.1509,72,-0.0138,0.0142,,,,0
202502,13301,"warren, ga",452500,-0.2262,1.7031,8,0.2308,1,62,0.1714,0.3226,2,0,,0,,,2,0,,1,0,0,163,-0.1003,0.6645,2698,-0.0384,1.069,393475,-0.2692,1.5394,9,0.3846,0.8,0.125,-0.0288,-0.125,1
202502,55129,"washburn, wi",321250,-0.0191,-0.2018,50,-0.2143,0.5968,127,0.1464,0.8713,10,0.25,0,0,,,4,-0.6667,-0.3333,25,0.2195,0.4286,191,-0.0853,-0.153,1633,-0.0403,-0.2573,566670,-0.0144,-0.0017,74,-0.0976,0.5417,0.5051,0.1797,-0.0595,1
202502,01029,"cleburne, al",239750,0.0077,-0.1169,25,-0.1525,-0.2063,133,0.2547,0.1849,8,1,0.3333,0,,,12,0,1,7,0.1667,-0.2222,132,-0.0562,-0.029,1889,0.1004,0.0175,285854,0.0185,-0.0874,33,-0.0571,-0.1852,0.28,0.0766,-0.0057,1
202502,27155,"traverse, mn",199000,-0.0013,0.248,7,0.2727,0.1667,76,-0.0528,0.1423,2,,,0,,,0,,,2,-0.2,1,88,-0.1243,0.3409,2219,0.082,0.2393,317571,0.1545,1.3407,9,0.2,0.5,0.2857,-0.1688,0.119,0
202502,25003,"berkshire, ma",510000,0.0202,0.0852,284,-0.1139,0.1337,107,0.0596,0.1603,76,0.2667,0.1176,0,,,56,0.12,0.6471,116,-0.0902,-0.0645,269,0.0053,0.0421,1985,0.0594,0.0632,926039,-0.0004,-0.0563,392,-0.1153,0.0454,0.4085,0.0106,-0.0866,0
202502,20131,"nemaha, ks",280000,-0.0175,0.0228,4,0,-0.4667,154,0.3348,2.3011,0,,-1,0,,,0,,-1,2,-0.2,-0.3333,139,0,-0.0816,2071,0,-0.0336,273075,-0.0091,-0.0433,6,-0.1429,-0.4545,0.5,-0.125,0.1,1
202502,36057,"montgomery, ny",229500,0.0437,0.2857,83,-0.0237,0.2595,84,0.1478,0.0309,30,0.25,0.5,0,,,12,-0.3333,-0.25,68,0.0227,0.0887,140,0.0065,0.1448,1702,-0.0058,0.0403,262684,0.0087,0.2062,148,-0.0067,0.1753,0.8182,0.0371,-0.1284,0
202502,51001,"accomack, va",335000,-0.0015,-0.0052,218,0.0187,0.4156,103,0.0674,0.0198,68,0.8889,0.619,0,,-1,26,0,-0.1875,53,0.0707,0.0495,216,0.0048,0.0294,1596,-0.0153,-0.0034,383450,-0.0094,-0.0495,272,0.0382,0.3366,0.2431,0.0118,-0.0848,0
202502,37043,"clay, nc",480975,0.0031,-0.0371,97,0.0432,0.1353,98,-0.166,-0.1552,26,0.8571,-0.2778,0,,,16,-0.2,-0.2727,30,-0.1061,0.18,247,0.0246,-0.0661,1978,0.0512,0.1347,588123,0.0063,-0.0787,127,0.008,0.1713,0.3057,-0.0511,0.0116,0
202502,26027,"cass, mi",277000,-0.0414,0.0167,122,-0.0319,0.209,83,0.2268,0.0313,44,0.2222,0.1,0,,,34,0,-0.1053,58,0.1058,0.2778,167,-0.0429,0.0135,1750,-0.01,0.0861,395766,-0.0136,-0.1044,177,0.0028,0.2082,0.4733,0.0589,0.0255,0
202502,22061,"lincoln, la",255550,-0.0429,-0.0622,78,-0.1086,0.0196,141,0.1928,0.47,12,0.5,-0.5,0,,,8,-0.5,-0.6667,24,0.7407,-0.0962,158,0.0083,0.0391,1740,-0.0487,-0.0645,351755,0.0029,0.0031,102,-0.0049,0,0.3013,0.147,-0.0386,0
202502,38105,"williams, nd",472425,0.083,0.0678,47,-0.2769,-0.248,97,0.2201,-0.0583,12,-0.4,0.2,0,,,8,3,-0.4286,39,0.6383,-0.2667,209,0.0214,-0.07,2156,0.0814,0.1366,539206,0.0623,0.109,86,-0.0116,-0.2565,0.8191,0.4576,-0.0209,0
202502,39059,"guernsey, oh",223425,0.067,0.2774,70,-0.2513,0.2174,94,-0.1931,0.1861,26,-0.0714,-0.1333,0,,,24,0.0909,0.2,35,0.129,0.0606,137,0.016,0.2905,1752,0.0554,0.0755,251674,0.0568,0.0397,105,-0.1429,0.1732,0.5,0.1684,-0.0739,0
202502,28071,"lafayette, ms",567888,0.0218,0.1542,200,0.0499,0.2698,59,-0.1973,0.0351,104,0.625,-0.0545,10,4,-0.6429,32,0.6,0.3333,223,0.1012,-0.0689,267,0.01,0.0927,2025,0.0083,0.0166,689952,0.0282,0.0696,423,0.0818,0.0655,1.115,0.052,-0.4056,0
202502,24041,"talbot, md",547247,0.0282,-0.068,149,-0.0388,0.4009,80,-0.0062,0.7351,60,0.4286,-0.1667,2,0,,14,-0.5333,-0.4615,56,0.2065,-0.075,268,0.041,-0.0674,2086,-0.0302,-0.0452,1386434,-0.0106,-0.1847,203,0.0385,0.2199,0.3737,0.076,-0.1923,0
202502,33003,"carroll, nh",583750,0.0316,0.1677,171,-0.0058,0.2677,90,-0.1476,0.0317,78,0.7727,0.2188,4,,,28,-0.1765,0,91,-0.0812,0.2837,320,0.0179,0.0855,1823,0.0298,0.0086,1017597,0.0719,0.1669,263,-0.0223,0.2963,0.5308,-0.0436,0.0066,0
202502,29185,"st. clair, mo",325000,0.1938,0.0079,27,-0.1148,0.2,161,0.0736,0.5249,6,0,-0.25,0,,,6,0,,11,0.1053,0.75,167,-0.0747,0.0662,1624,0.0367,-0.0741,459800,0.0656,0.0452,37,-0.0633,0.3214,0.3889,0.0774,0.1222,0
202502,48087,"collingsworth, tx",161500,0.2471,0.0839,11,-0.125,0.9091,113,-0.0758,1.7169,0,-1,,0,,,0,-1,,4,1.3333,0.1667,86,0.0612,-0.1116,1625,0,0.0659,218095,0.5486,0.6605,14,0.1667,0.6471,0.3333,0.2083,-0.2121,1
202502,27033,"cottonwood, mn",181225,-0.032,-0.0136,48,-0.0206,0.0326,136,0.0771,0.1571,4,-0.5,-0.6,0,,,4,1,-0.5,12,-0.1111,0.2,108,0.0098,0.0467,1588,-0.0038,-0.0389,216818,-0.0326,0.0052,61,-0.0163,0.0708,0.2526,-0.0257,0.0352,0
202502,18059,"hancock, in",345945,0.003,-0.0388,169,0.0696,0.3203,56,-0.1346,0.1598,122,0.525,0.1961,4,1,0,68,0,0.36,159,0.2184,0.598,164,0.0139,0.0627,2139,-0.0027,-0.0768,400940,-0.0131,-0.0298,328,0.1429,0.4323,0.9408,0.1149,0.1635,0
202502,39031,"coshocton, oh",165715,0.0083,-0.1914,42,-0.0562,-0.1429,67,0.1652,-0.1928,18,-0.1,-0.4,0,,-1,22,0.8333,0.8333,30,-0.2405,0.3043,126,0.0219,0.0599,1627,0.035,-0.0906,243238,0.1386,-0.2696,71,-0.1446,0,0.7143,-0.1734,0.2449,1
202502,31137,"phelps, ne",281113,-0.0305,-0.0298,25,0.087,0.6129,128,-0.0229,0.6977,8,1,3,0,,,0,,,9,0.125,0.0588,113,-0.0072,-0.0813,2460,-0.0398,0.0459,307089,-0.043,0.063,34,0.0984,0.3958,0.36,0.0122,-0.1884,1
202502,47043,"dickson, tn",404900,0.0123,-0.0213,195,0.0183,0.4391,44,-0.1944,0.0943,86,0.1316,1.0476,2,0,0,46,0.2778,0,85,0.3178,1.0482,246,0.0126,0.0318,1753,0.0123,-0.0757,583761,0.0417,-0.089,281,0.0829,0.5966,0.4359,0.0991,0.1296,1
202502,29111,"lewis, mo",185475,-0.0274,-0.1145,9,-0.0526,0.0588,77,-0.1105,-0.1307,4,1,0,0,,,2,,,6,0.8333,0,97,-0.2222,-0.2509,1675,0.0469,0.118,266240,-0.0134,0.338,15,0.1538,0.0714,0.6111,0.2953,-0.0359,1
202502,23007,"franklin, me",448225,0.0316,-0.0298,123,-0.0502,0.268,97,0.043,-0.1814,50,0.5625,0.5625,0,,,28,-0.125,0.5556,22,0.2222,0.2571,305,0.015,0.142,1583,-0.0346,-0.1635,551024,-0.0515,-0.0312,147,0,0.2965,0.1789,0.0399,-0.0016,0
202502,37123,"montgomery, nc",405345,0.0199,-0.042,67,0.0388,0.5056,100,0.0338,0.2635,22,0.1,0,0,,,8,-0.3333,-0.3333,26,0.186,0,221,0.0331,0.0245,1787,0.0082,-0.0966,607566,0.1135,-0.1117,93,0.0814,0.2917,0.3806,0.0473,-0.1924,0
202502,28037,"franklin, ms",119900,-0.0882,-0.2667,12,0.0435,0.8462,73,-0.1291,1.0567,6,2,2,0,,,0,,,2,-0.3333,0.3333,69,-0.0358,-0.1036,1901,0,0.0325,181829,-0.0866,0.0007,14,0.037,0.75,0.1667,-0.0942,-0.0641,1
202502,19007,"appanoose, ia",147400,-0.0782,-0.2032,77,-0.0494,0.6042,104,0.1556,-0.1475,12,-0.1429,0,0,,,6,-0.5,-0.25,26,0.5,1.6842,118,0.0199,-0.1515,1410,0.0751,0.0318,283008,-0.0071,-0.0852,102,0.0462,0.7739,0.3312,0.1213,0.1333,1
202502,26047,"emmet, mi",897000,0.0749,0.5466,165,0.0411,0.1345,104,-0.019,0.1795,46,0.7692,0.0952,0,-1,-1,16,0.6,0.6,9,0.6364,0.8,390,0.0645,0.3005,2420,0.0166,0.1198,1535013,0.094,0.402,171,0.0525,0.1559,0.0547,0.0199,0.0202,1
202502,01123,"tallapoosa, al",439450,0.0163,0.0328,206,0.0485,0.3654,105,-0.0711,0.2116,66,0.2222,0.0313,0,,,36,-0.1,0.6364,32,0.3913,0.0847,246,0.0301,0.049,1865,0.0129,-0.096,770504,0.0938,0.1184,238,0.0894,0.3268,0.1557,0.0384,-0.0403,0
202502,42111,"somerset, pa",242450,-0.0049,-0.0149,115,-0.0171,0.2568,96,-0.1213,-0.0448,38,0.7273,0.1176,2,,,38,0.1176,1.7143,49,-0.03,-0.0102,133,0.0082,0.1874,1635,-0.0213,-0.0323,361168,-0.0286,-0.1599,164,-0.0091,0.2577,0.4217,-0.0056,-0.1138,0
202502,20169,"saline, ks",225000,-0.0456,0.0791,78,0.047,0.2581,66,-0.0897,0.0476,50,0.3158,0,0,,,22,0.375,-0.2667,69,0.181,-0.1161,123,-0.0402,-0.1458,1732,0.0099,0.1289,274945,-0.0455,-0.0009,146,0.1103,0.0466,0.8782,0.0997,-0.3718,0
202502,32013,"humboldt, nv",396000,-0.005,-0.1855,52,0,0.4857,108,-0.1202,0.2934,16,0.1429,0.6,0,,,4,-0.3333,0,18,0.4,-0.2222,261,0.0281,-0.014,1666,-0.0277,-0.051,444111,-0.0249,-0.0668,70,0.0853,0.2389,0.3365,0.0962,-0.3063,1
202502,28115,"pontotoc, ms",272125,-0.0203,0.0517,50,-0.0481,0.0879,100,0.1296,0.3105,22,1.75,0.2222,0,,,10,-0.2857,-0.1667,19,0.4231,0.48,150,0.0443,0.2182,1675,-0.0526,-0.1753,294200,-0.0002,0.0169,67,0.0472,0.1875,0.3737,0.1237,0.099,0
202502,42045,"delaware, pa",314950,-0.0049,0.0243,579,0,0.2309,42,-0.1716,0,450,0.2431,-0.1,10,-0.6154,-0.6875,182,0.0581,0.3382,577,0.1033,-0.1252,215,-0.0034,0.0631,1542,0.0078,-0.0297,609480,-0.0004,0.0072,1155,0.0553,0.0239,0.9965,0.0933,-0.4056,0
202502,13127,"glynn, ga",499000,0.0204,-0.0244,758,0.0745,1.0954,80,0.0495,0.2874,184,0.2105,0.2105,12,5,0,116,0.16,0.4146,48,0.0795,-0.188,282,-0.0029,0.0329,1962,0.015,-0.0592,1047129,-0.0348,0.0319,762,0.0695,0.8361,0.0627,0.0003,-0.0991,0
202502,18015,"carroll, in",357450,-0.0832,0.5855,28,0.0784,0.8333,70,-0.0313,-0.2119,16,3,0.3333,0,,,4,-0.3333,0,17,0.0625,0.2143,149,-0.0796,-0.1825,2050,-0.008,0.5356,356240,-0.0459,0.4874,45,0.1111,0.5789,0.6182,-0.0093,-0.3152,1
202502,21183,"ohio, ky",229225,0.019,0.3916,33,-0.0441,0.383,67,-0.0822,-0.2232,12,0.2,0.2,0,,,2,-0.5,-0.6667,13,0.25,-0.0741,144,0.099,0.2024,1794,-0.0131,0.197,612665,0.0076,-0.0388,46,0.0341,0.2466,0.3846,0.0905,-0.1899,0
202502,13249,"schley, ga",314000,0.0089,-0.014,7,-0.1333,0.8571,62,-0.2446,-0.2649,2,0,0,0,,,2,0,,2,1,1,157,-0.026,-0.0363,2195,0.0413,0.1306,883792,1.1232,1.7729,8,0,0.6,0.3077,0.1744,0.022,0
202502,01109,"pike, al",243950,-0.0141,0.0845,128,0.148,0.1179,77,-0.2036,0.2262,44,0.2222,0.2222,0,,-1,20,1,-0.1667,9,0,-0.4194,141,0.0337,0.0726,1679,-0.0272,-0.0646,274644,-0.0186,0.0153,136,0.1624,0.0625,0.0703,-0.0104,-0.0651,0
202502,47033,"crockett, tn",266475,-0.0697,0.0877,48,0.2838,0.3194,63,0.004,-0.1099,16,0.1429,0.1429,0,,,8,0,-0.4286,12,-0.1111,0.1429,148,-0.0199,-0.0645,1832,-0.0089,0.3495,304005,-0.065,0.0312,59,0.1456,0.2688,0.2526,-0.1122,-0.039,0
202502,31079,"hall, ne",325000,-0.0224,0.0002,116,-0.0648,0.2692,85,0.0367,0.0335,38,0.2667,-0.05,0,,,36,0.125,2,7,0.2727,1.3333,133,0.0077,0.0405,2548,-0.031,0.0256,367522,-0.0284,0.0245,123,-0.0392,0.3032,0.0606,0.0161,0.0276,0
202502,05135,"sharp, ar",188750,0.0123,0.1539,130,-0.0783,0.5235,106,0.1073,-0.0516,26,1.1667,-0.0714,0,,,16,-0.2,-0.1111,26,0.3,-0.1613,124,0.0032,0.061,1549,0.0294,0.1185,311451,-0.0546,0.179,156,-0.0312,0.3348,0.2008,0.0584,-0.1639,0
202502,29103,"knox, mo",230250,0.9596,1.8131,12,0.4118,0.4118,45,-0.302,-0.3946,2,-0.5,-0.5,0,,,0,-1,,3,-0.1667,0.25,125,0.6878,1.6705,1337,-0.0908,-0.153,238683,0.465,0.6472,14,0.1667,0.3333,0.2083,-0.1446,-0.027,1
202502,46053,"gregory, sd",169000,0,-0.2283,5,0,-0.2857,247,0.0799,0.9353,0,,-1,0,,,2,,,1,,-0.6,121,0,-0.1375,1776,0.2686,0.0496,213380,0.028,-0.0189,6,0.2,-0.3684,0.2,,-0.1571,1
202502,49013,"duchesne, ut",383725,0.0734,-0.0205,62,0.042,-0.1448,125,0.1293,0.1885,16,0.1429,-0.2,0,,,12,0.2,0,9,-0.1818,-0.5814,199,0.0039,-0.0358,1914,-0.0263,-0.0177,466943,0.0414,0.0428,71,0.0143,-0.2366,0.1452,-0.0397,-0.1514,0
202502,21221,"trigg, ky",299925,-0.0476,0.0346,73,0.0139,1.0278,74,-0.0421,1.1295,16,0,-0.2,0,,,18,-0.3571,0.8,27,0.4595,-0.1148,160,-0.0261,-0.058,1932,-0.0247,0.0607,461931,0.0106,0.2482,98,0.0955,0.4662,0.3699,0.1129,-0.4774,1
202502,20003,"anderson, ks",182750,-0.0232,-0.2097,26,-0.1356,0.8889,109,0.189,0.4515,8,0.3333,0,0,,,10,-0.1667,0.6667,12,0.4375,-0.0417,134,0.0575,0.1395,1475,-0.0233,-0.1852,250081,-0.0598,0.0887,38,0.027,0.4902,0.451,0.1798,-0.4379,1
202502,34033,"salem, nj",308750,-0.0071,0.1198,150,-0.0991,0.0753,60,-0.15,-0.2632,56,-0.2632,-0.2632,0,-1,-1,54,0.125,0.08,104,0.1695,0.0248,188,-0.0134,0.0422,1771,-0.0211,0.0719,391400,-0.0116,0.0926,256,-0.0019,0.0689,0.69,0.1585,-0.034,0
202502,06093,"siskiyou, ca",366000,-0.0141,0.1262,178,0.0319,0.1634,119,-0.0629,0.0392,26,-0.1875,-0.1333,0,,-1,14,-0.3,-0.3636,43,0.0494,0.2319,221,-0.0033,0.0444,1681,-0.0006,0.0683,593399,-0.0044,0.1918,222,0.0473,0.1973,0.2388,0.004,0.0133,0
202502,31163,"sherman, ne",184750,-0.0874,0.0278,9,0.3077,0.1333,62,-0.2208,-0.1848,4,,,0,,,0,-1,-1,2,0.3333,1,105,0.0958,-0.2769,1650,-0.0637,0.3448,195939,-0.1044,0.0118,10,0.3333,0.25,0.2353,0.0045,0.102,0
202502,20167,"russell, ks",133500,-0.0599,-0.2908,29,-0.1364,0.14,65,-0.0652,-0.4669,4,0,-0.3333,0,,,2,-0.5,,10,0.8182,0.4286,84,-0.0068,-0.0145,1680,-0.0119,-0.1514,288671,0.0141,-0.4017,39,0,0.2188,0.3509,0.1842,0.0709,1
202502,48351,"newton, tx",189000,0.0053,-0.0803,60,-0.0165,0.803,120,0.0575,0.0084,12,-0.25,0,0,,,8,0.3333,3,4,-0.2,-0.1111,120,-0.0291,-0.126,1696,0.0296,0.0741,248768,0.039,0.0896,63,-0.0458,0.7123,0.0672,-0.0154,-0.0691,0
202502,45069,"marlboro, sc",131400,0.0729,0.0226,30,-0.0635,0.6857,88,0.1905,0.4706,6,0.5,-0.25,0,-1,,6,0.5,0.5,4,2.5,-0.2222,97,0.0528,0.2116,1321,-0.0887,-0.1798,151336,0.0469,0.0784,33,0,0.413,0.1186,0.0869,-0.1385,0
202502,09160,"northwest hills planning region, ct",662450,-0.0329,-0.016,200,-0.0432,-0.0244,93,-0.1019,0.0819,90,0.25,-0.0217,2,,,30,0.1538,-0.2105,147,0.0974,-0.0548,297,-0.0275,-0.0227,2206,-0.0145,-0.0688,1288737,-0.0666,0.1473,347,0.0146,-0.0455,0.7343,0.094,-0.0236,0
202502,29133,"mississippi, mo",144950,0.0085,0.5465,30,-0.0476,-0.2683,83,-0.1027,1.4058,10,0.6667,0,0,,,8,0.3333,0,7,-0.1333,0.1818,80,0.0234,0.1686,1397,-0.079,-0.0241,155452,0.0014,0.0514,37,-0.075,-0.2128,0.2167,-0.0214,0.0825,1
202502,05015,"carroll, ar",417000,0.0085,-0.0118,149,0.0205,0.192,112,-0.1235,0.0444,38,0,-0.05,4,,,28,0.4,0.4,51,0.3421,0.5,198,-0.0037,0.0414,2032,0.0122,-0.0174,625842,0.0297,-0.0718,199,0.0934,0.2797,0.3423,0.082,0.0703,0
202502,20023,"cheyenne, ks",187250,-0.0079,-0.2032,21,0.1081,0.3667,130,0.2235,-0.0545,2,0,0,0,,,0,,,2,-0.3333,-0.5,105,-0.1715,0.0413,1600,0.0413,-0.2479,321461,-0.0542,0.1869,23,0.0698,0.2105,0.0976,-0.0646,-0.1691,1
202502,22047,"iberville, la",255000,-0.0192,0.1045,70,0.053,0.3762,102,0.0464,0.0175,22,1.2,0.1,0,,-1,14,0.4,-0.125,15,0.1154,-0.3958,146,0.0108,0.1135,1835,0.0044,0.0587,325968,0.0266,0.2696,85,0.0696,0.1575,0.2086,0.0117,-0.2666,0
202502,29063,"dekalb, mo",257675,0.0627,-0.1429,22,0.075,0.72,82,0.0349,-0.5642,8,0.3333,,0,,,8,0,3,9,0,0.0625,157,0.0548,0.0929,1540,-0.0278,-0.1109,530102,0.0134,0.338,29,0.0175,0.4146,0.3953,-0.0297,-0.2447,1
202502,30035,"glacier, mt",180000,-0.2484,-0.3531,21,0,0.2424,164,0.0031,0.5461,4,,,0,,,2,-0.75,-0.5,2,-0.4286,-0.5556,95,-0.1029,-0.3017,1872,0,-0.024,277276,-0.1085,-0.5129,23,-0.0625,0.0714,0.0976,-0.0732,-0.1752,1
202502,15003,"honolulu, hi",679500,-0.0272,-0.1396,2955,0.0271,0.4248,74,-0.0329,0.0889,918,-0.0296,0.1533,28,0.75,-0.0667,692,-0.0142,0.6244,931,0.1077,-0.0957,661,-0.005,-0.0181,1001,-0.0096,-0.0614,1200797,-0.0585,-0.1216,3884,0.0468,0.2563,0.3151,0.0229,-0.1813,1
202502,21161,"mason, ky",201850,-0.0232,0.282,19,-0.0256,0.9,74,-0.2054,0.661,4,1,0,0,,,6,0.5,,6,-0.1429,2,121,-0.0177,0.1785,2603,0.2045,0.8385,348530,0.0458,0.6345,26,-0.0377,1.125,0.3158,-0.0432,0.1158,0
202502,17071,"henderson, il",155600,0,0.6872,13,0.0833,0.04,108,0.0287,-0.1699,0,-1,-1,0,,,0,,,2,0,-0.6364,77,0.0125,-0.1264,1708,0,0.3197,150921,-0.0164,0.3536,15,0.0714,-0.1892,0.1538,-0.0128,-0.2862,1
202502,48483,"wheeler, tx",145000,0.0745,-0.0068,21,0,0.2059,86,-0.2608,-0.3897,4,1,,0,,,4,1,1,4,0,-0.2727,82,0.0836,0.194,1822,0.0012,-0.0203,215572,-0.0452,-0.2064,25,0.0208,0.1136,0.1951,0,-0.1284,0
202502,01097,"mobile, al",260000,-0.0158,0.0404,1275,0.0374,0.2669,76,-0.0736,0.1984,572,0.2489,-0.0272,10,0.25,-0.375,466,0.1949,0.4472,135,0.2329,-0.0878,147,0.0064,0.0487,1788,-0.0082,0.0069,331478,-0.014,0.06,1410,0.0598,0.223,0.1059,0.0168,-0.0412,0
202502,19065,"fayette, ia",132975,0.21,0.3304,59,-0.0328,0.1456,100,0.0025,0.5094,24,1.4,1,0,,,12,0.2,5,13,-0.037,-0.3333,91,0.0746,0.2189,1413,-0.0232,0.0086,163454,0.0247,0.3099,74,0.0137,0.0496,0.2203,-0.001,-0.1583,1
202502,48419,"shelby, tx",242950,-0.0717,0.1366,62,0.1698,0.1589,94,-0.0966,-0.1852,12,-0.4,0.2,0,,,12,0.5,0,6,-0.1538,-0.6765,130,-0.066,0.2028,1740,-0.0236,-0.0584,310066,-0.2651,0.3341,68,0.1624,-0.0216,0.0887,-0.0339,-0.229,0
202502,36039,"greene, ny",459000,-0.0575,-0.0802,344,-0.0241,0.1431,112,0.0419,0.12,56,0,-0.0968,4,,1,48,-0.1429,0.1429,112,-0.0261,0.1667,280,-0.0152,-0.0536,1846,-0.0049,-0.0333,715014,-0.0016,-0.1002,452,-0.0195,0.1487,0.3261,-0.0006,0.0066,0
202502,40117,"pawnee, ok",201250,-0.0413,0.1199,47,-0.0211,0.3676,58,-0.1402,-0.1993,14,0.4,0.75,0,,,8,-0.2,-0.2,13,0.25,-0.2647,125,-0.0495,0.0285,1613,-0.0043,-0.026,334452,0.0438,0.237,60,0.0085,0.1667,0.2688,0.0583,-0.2312,1
202502,29157,"perry, mo",294375,0.0622,-0.1278,24,0.0667,0.1429,68,-0.2402,-0.0556,16,0.6,0.3333,0,,,6,0.5,-0.5714,16,0.1852,-0.0588,138,0.1037,-0.0572,2228,0.0052,0.1627,338025,-0.0378,-0.0774,40,0.0972,0.0395,0.6667,0.0667,-0.1429,1
202502,06113,"yolo, ca",638000,-0.001,0.0111,185,0.1015,0.6114,37,-0.418,0.2521,152,0.4615,0.4902,6,,2,46,0.15,0.2778,113,0.2486,-0.0131,371,0.0079,-0.0258,1697,-0.0152,-0.0743,729705,-0.0026,-0.1989,298,0.1736,0.3077,0.6125,0.0722,-0.3875,0
202502,02290,"yukon-koyukuk census area, ak",160000,-0.0588,-0.5429,8,-0.0588,-0.3043,217,0.1485,0.2773,0,,,0,,,0,,-1,,,,103,-0.0245,-0.5854,1420,0.2456,0.2137,235062,-0.1019,-0.4083,8,-0.0588,-0.3043,,,,1
202502,51041,"chesterfield, va",471925,0.0428,0.0273,608,0.0091,0.2773,45,-0.1509,-0.1262,434,0.24,-0.0046,38,0.2667,-0.1739,184,-0.0417,0.3333,721,0.1222,-0.0563,218,0.0056,0.0104,2213,0.0339,0.0373,531670,0.0251,0.0513,1330,0.0721,0.0726,1.1859,0.1195,-0.4192,0
202502,30051,"liberty, mt",210000,-0.1111,0.1351,6,0.2,0.0909,90,-0.129,0.0229,2,,,0,,,2,,,1,-0.5,,115,-0.0626,0.2776,2010,-0.0518,-0.0684,310000,-0.0841,-0.2739,7,0,0.2727,0.1667,-0.2333,,0
202502,13069,"coffee, ga",273500,0.0148,0.0018,58,-0.0333,-0.0333,113,-0.1863,0.257,18,0.2857,0.125,0,,,16,0.6,-0.2727,3,-0.1429,-0.1429,148,0.0025,0.1208,1849,0.034,-0.0625,337655,0.0502,0.1163,60,-0.048,-0.063,0.0517,-0.0066,-0.0066,0
202502,55047,"green lake, wi",334500,0.0496,0.1152,49,-0.0102,0.0543,99,0.1647,0.5714,12,-0.1429,-0.5714,0,,,6,-0.5714,-0.25,21,0.1714,-0.1633,191,0.0582,-0.0754,1828,0.0034,0.0364,689471,0.2369,-0.0739,69,0.0301,-0.0144,0.4227,0.0655,-0.1099,0
202502,28015,"carroll, ms",228450,-0.236,-0.1076,20,-0.025,0.0833,124,0.002,0.2798,4,-0.3333,0,0,,,2,-0.5,,4,-0.2222,0.1667,120,0.0006,0.1649,1872,-0.12,-0.199,330805,-0.105,0.2628,24,-0.0208,0.119,0.1795,-0.0455,0.0128,1
202502,17073,"henry, il",139900,-0.0111,0.0582,61,-0.1921,0.1731,67,-0.089,0.4378,20,-0.2308,-0.1667,0,,,12,-0.5,-0.3333,48,0.1446,0.131,93,-0.0125,-0.0095,1550,-0.0142,0.1196,183056,-0.0165,0.1414,109,-0.0684,0.1658,0.7787,0.229,-0.029,0
202502,22007,"assumption, la",188475,0.0025,-0.1885,34,0,0.0968,128,0.2463,0.1305,4,0,0,0,,,10,0,-0.1667,6,-0.1429,-0.1429,118,0,-0.0405,1621,0.0198,0.0419,274563,0.0665,0.0797,40,-0.0244,0.0526,0.1765,-0.0294,-0.0493,1
202502,31085,"hayes, ne",925000,-0.4559,-0.2292,4,0.3333,3,61,0.1845,-0.7594,0,-1,,0,,,0,,,,,,434,-0.431,,1953,0.2519,,940000,-0.2188,-0.2167,4,0.3333,3,,,,1
202502,38057,"mercer, nd",147750,-0.2046,-0.1407,19,-0.0952,0.027,93,-0.0609,-0.0954,4,0,-0.6,0,,,6,,0.5,15,0.0345,-0.0625,90,-0.0338,0.1563,1778,-0.0128,-0.1,281552,-0.0728,0.4383,35,-0.0278,0.0448,0.7895,0.099,-0.0754,1
202502,29035,"carter, mo",382000,0,-0.1659,32,-0.0735,1.1724,101,0.1038,-0.1042,4,0,-0.3333,0,,,2,0,,8,0.3636,1.5,146,-0.018,-0.096,2013,-0.038,-0.186,429819,0.0539,-0.1263,39,0,1.2941,0.2381,0.0763,0.0312,1
202502,37041,"chowan, nc",349950,-0.1378,0.1408,71,0.029,0.127,90,-0.0056,0.1933,16,-0.2,-0.2727,0,,-1,10,-0.1667,0,26,0.3421,0.5938,218,-0.0113,0.2228,1668,-0.0101,-0.0367,417333,-0.0945,0.1644,97,0.0966,0.2215,0.3592,0.0838,0.1052,0
202502,26125,"oakland, mi",414950,0.0443,0.0374,1582,-0.1107,0.0671,41,-0.2336,0,1000,0.002,-0.0494,36,-0.1818,-0.3571,414,-0.08,0.2321,1308,0.1752,-0.0593,229,0.0197,0.0409,1837,0.0189,-0.0192,686735,0.0553,0.0475,2872,-0.0076,0.0017,0.8268,0.2012,-0.1111,0
202502,55027,"dodge, wi",329900,0.0076,-0.0865,102,-0.0769,0.186,46,-0.2669,-0.0564,56,0.12,0.0769,0,,,22,0.1,0.375,64,0.1441,0.4598,205,-0.0104,0.0708,1674,-0.0165,-0.0231,457947,-0.0046,0.1293,163,-0.021,0.2685,0.6225,0.1203,0.1167,0
202502,22067,"morehouse, la",145000,0.1395,0.0398,58,0,0.3855,108,0.0487,0.235,16,0.3333,-0.2,0,,,10,-0.2857,0,11,0.4,-0.3,80,0.015,-0.1098,1785,0.1344,-0.063,172980,0.0355,-0.0618,68,0.0227,0.2054,0.1826,0.0522,-0.1788,0
202502,48471,"walker, tx",293250,0.0255,0.0218,229,0.0554,0.2418,71,-0.1125,-0.2828,54,-0.0357,0.1739,0,,-1,38,0.1176,-0.05,44,-0.1212,-0.304,168,0.0106,0.0215,1802,-0.0062,-0.0395,369484,0.0132,0.0017,272,0.0265,0.1014,0.1904,-0.0383,-0.1493,0
202502,51800,"suffolk, va",449450,-0.0017,0.0228,419,0.0232,0.2287,48,-0.181,-0.0306,150,-0.1279,-0.1667,32,2.2,1,58,-0.3556,-0.0645,1,0,0,203,0.0028,0.0229,2175,-0.0015,-0.0177,458638,-0.0098,0.0221,420,0.0219,0.2266,0.0024,-0.0001,-0.0005,0
202502,30013,"cascade, mt",447250,0.0223,0.1209,111,-0.1294,0.1156,94,-0.0805,0.232,56,0.8667,-0.125,0,,,24,-0.3684,-0.1429,64,0.1228,-0.0303,214,0.0496,0.1362,1993,-0.0386,-0.045,672621,0.0348,0.2724,176,-0.0384,0.0541,0.5766,0.1295,-0.0867,0
202502,42061,"huntingdon, pa",199950,0.0065,0.0137,50,-0.1316,-0.2443,96,0.2184,0.1596,14,-0.4167,-0.5882,0,,,8,-0.5,-0.5,18,-0.1026,-0.3396,115,-0.1104,-0.1548,1815,0.0983,0.0425,260979,0.0607,-0.2799,65,-0.1613,-0.2857,0.3535,0.0114,-0.051,0
202502,48209,"hays, tx",425968,-0.0129,-0.1329,1173,0.0418,0.231,64,-0.1899,0.0756,480,0.3559,0.1374,32,-0.7037,0.1429,400,-0.1304,0.2346,521,0.0146,1.9658,214,-0.0031,-0.0797,2070,-0.0126,-0.0341,693678,0.0057,-0.0625,1684,0.0322,0.4982,0.4439,-0.0119,0.2597,1
202502,45081,"saluda, sc",322425,-0.0572,-0.3548,35,0.3019,0.8649,39,-0.2791,-0.201,16,1,0.6,0,,,14,1.3333,2.5,8,0.1429,-0.1579,208,-0.0708,0.1887,1969,-0.0592,-0.1561,589793,-0.0984,-0.1838,43,0.2687,0.5179,0.2319,-0.0323,-0.2816,1
202502,54061,"monongalia, wv",359750,0.017,0.0935,127,-0.1595,-0.1306,72,-0.0892,-0.0892,84,0.5,0,0,,-1,30,0.0714,-0.2857,121,0.2296,-0.1331,177,0.0171,0.0963,1999,-0.0288,0.0312,451158,0.0054,0.0164,247,0.002,-0.1349,0.9526,0.3014,-0.0028,0
202502,17053,"ford, il",139950,-0.0426,0.0767,22,0.1026,0.0238,55,-0.1174,-0.3512,4,-0.6,-0.3333,0,,,14,0.75,0.4,10,0.25,-0.4286,91,-0.0972,0.0648,1650,-0.0369,0.0413,155431,-0.0318,0.0471,33,0.2264,-0.1447,0.4651,0.0549,-0.3682,0
202502,02195,"petersburg borough, ak",490625,0.0903,0.3442,7,-0.0714,-0.1875,190,0.0737,-0.0232,4,,0,0,,,0,,,1,-0.6667,-0.8333,269,-0.0496,0.0903,1600,0.0323,0.2576,635321,0.0449,0.8682,9,-0.1905,-0.3929,0.1538,-0.2747,-0.5962,0
202502,38065,"oliver, nd",176400,0.0381,-0.2322,4,0.1429,1.6667,93,-0.1465,1.6454,0,,,0,,,0,,,2,-0.2,0,116,0.0165,0.0925,1598,0.1023,-0.2877,209425,0.2088,-0.0549,6,0,0.7143,0.5,-0.2143,-0.8333,1
202502,55057,"juneau, wi",407475,0.0751,0.2635,54,-0.0273,0.0918,78,-0.0032,0.4036,12,-0.4545,-0.6471,0,,,10,0.25,0,30,0,0.18,211,0.0588,0.0964,1800,0.0327,-0.0106,437099,0.1155,-0.0271,83,-0.0349,0.1216,0.5514,0.015,0.0412,0
202502,31053,"dodge, ne",230000,-0.0105,-0.1007,84,-0.0874,0.0503,48,-0.3469,0.2468,32,0.2308,-0.0588,0,,,30,0.875,0.3636,41,0.125,0,158,-0.0131,-0.0188,1512,-0.0121,-0.074,276039,-0.022,-0.1204,126,-0.0157,0.0502,0.485,0.0916,-0.0244,1
202502,29023,"butler, mo",204800,0.0245,0.1384,129,-0.0153,-0.0373,82,0.094,0.1399,38,-0.05,-0.1739,0,,,38,0.7273,-0.05,46,0.3333,-0.1786,119,0.0298,0.149,1668,0.0108,0.0101,229623,-0.0212,0.0304,174,0.045,-0.0769,0.3566,0.0932,-0.0613,0
202502,42115,"susquehanna, pa",325000,0.0837,0.1218,77,-0.0192,0.0929,88,-0.0408,-0.0587,26,0.3,0.625,0,-1,,14,0.1667,-0.125,32,0,-0.0455,168,0.0767,0.1794,1928,-0.0031,0.0025,404199,0.0642,-0.0149,109,-0.0091,0.069,0.4118,0.0079,-0.0597,0
202502,02185,"north slope borough, ak",537500,0.4333,0.6437,2,1,1,147,-0.4108,0.4067,0,,,0,,,0,,,,,,624,-0.3763,0.6784,1603,3.2733,0.821,537500,0.4333,0.6437,2,1,-0.5,,,,1
202502,37095,"hyde, nc",383000,-0.0217,-0.3036,35,-0.0417,0.6829,154,0.2231,0.7151,0,,-1,0,,,2,0,-0.5,9,0,3.5,519,0.0356,0.4418,1128,-0.0208,-0.2883,467957,-0.0447,-0.3335,44,-0.044,0.9333,0.2609,0.0109,0.1633,1
202502,37173,"swain, nc",422500,-0.0059,0.003,69,-0.0072,0.0787,94,-0.0481,0.093,18,0.125,-0.3077,0,,,8,0,-0.3333,20,-0.093,-0.1522,279,0.0035,-0.0388,1540,0.0046,-0.0971,483065,0.008,-0.1089,88,0,0.0116,0.2847,-0.0269,-0.0775,0
202502,35039,"rio arriba, nm",514500,-0.0151,0.0301,85,-0.0395,0.4407,126,0.1403,0.125,12,-0.1429,-0.1429,0,,,8,-0.2,0,13,0.1304,-0.2353,227,-0.0106,0.053,2254,-0.008,-0.097,1020847,0.0292,0.1145,98,-0.0201,0.2914,0.1529,0.023,-0.1352,0
202502,27035,"crow wing, mn",399925,-0.0106,-0.0107,206,-0.0144,0.238,89,-0.0556,0.3421,90,1.3684,0,0,,-1,20,-0.375,-0.3333,74,0.1308,-0.0926,239,0.0612,-0.0015,1803,-0.0331,0.0067,476911,-0.0324,-0.1581,284,0.0366,0.1643,0.3577,0.0459,-0.1303,0
202502,13313,"whitfield, ga",315000,0.0288,-0.1155,230,0.0824,0.2603,59,-0.1731,-0.0526,112,0.3659,0.3659,0,,,66,0.2222,0.375,103,0.1196,0.0785,179,-0.029,-0.0321,1785,-0.0018,-0.029,466704,-0.0156,-0.0301,326,0.0832,0.1945,0.4478,0.0149,-0.0755,1
202502,53047,"okanogan, wa",489750,-0.0049,-0.0155,100,-0.005,0.0102,134,0.0898,-0.0148,12,-0.4545,-0.4545,0,,,16,0.6,0,29,0.1154,0.0175,273,0.0296,0.0072,1764,0.0135,0.0274,757818,-0.0223,-0.0264,129,0.0118,0.0118,0.2915,0.0315,0.0021,0
202502,29067,"douglas, mo",341950,0.1031,0.0736,67,-0.0147,0.7179,119,-0.0498,0.2107,16,1,1.6667,0,,,10,0.25,0,12,0.0455,0.15,158,-0.0138,-0.095,1798,0.0345,-0.0502,496761,0.0233,0.1364,79,-0.0063,0.57,0.1716,0.0099,-0.0848,1
202502,29013,"bates, mo",223750,0.0917,0.1856,46,0.0337,0.2267,65,0.0403,-0.2753,18,0.125,0.5,0,,,10,0.25,1.5,17,0.65,0.1379,146,0.0328,0.101,1495,-0.038,-0.0994,308980,0.0121,0.107,64,0.1759,0.2451,0.3587,0.134,-0.028,0
202502,48389,"reeves, tx",265000,-0.0046,-0.087,44,0.4032,0.7755,55,-0.2324,0.0332,26,0.625,1.6,0,,,4,,,2,-0.3333,-0.6667,148,0.0284,-0.1959,1647,-0.0688,-0.0572,287514,0.0572,-0.0813,46,0.3529,0.5333,0.046,-0.0508,-0.1989,1
202502,01019,"cherokee, al",386875,0.047,0.1031,141,0.0218,0.7134,113,-0.0738,0.2768,32,0,-0.1111,0,,-1,30,2,1.1429,21,0.2353,0.2,202,0.0469,-0.0008,1825,-0.0156,-0.0517,553854,0.0032,0.3828,163,0.0656,0.6332,0.1495,0.0258,-0.0639,0
202502,47179,"washington, tn",397125,-0.0069,0.0591,296,0.0405,0.4005,59,-0.1607,0.0043,162,0.2273,0.0519,2,,,148,0.1385,0.7209,191,0.1076,0.0106,202,-0.0127,-0.0005,1840,-0.0243,0.0111,481696,0.0015,0.0301,487,0.0599,0.2224,0.6447,0.039,-0.2487,0
202502,45023,"chester, sc",287950,-0.0301,-0.0333,97,0.0489,0.2372,62,0.2338,0.4253,34,-0.1053,0,4,1,-0.3333,46,0.2778,1.5556,38,-0.0256,-0.1828,179,-0.0294,-0.0119,1522,-0.0078,-0.0645,292446,-0.0599,-0.0586,137,0.0458,0.1184,0.3938,-0.0301,-0.2024,0
202502,35009,"curry, nm",225000,0,-0.0815,204,0.0571,0.5654,69,-0.0888,0.4278,66,0.4348,0.0645,0,,,42,-0.0455,0.5,49,0.1395,8.8,131,0.0129,-0.0491,1697,0.0055,-0.0031,251896,0.0096,-0.0192,250,0.0593,0.8182,0.2408,0.0174,0.2023,0
202502,47183,"weakley, tn",253750,0.0154,-0.0322,79,-0.0366,0.58,103,0.0957,0.2447,20,0.25,-0.1667,0,,,26,0.625,1.6,19,-0.2292,-0.119,133,-0.0434,-0.0008,1882,0.0276,0.0097,294960,0.014,-0.1243,97,-0.0806,0.3662,0.2342,-0.0585,-0.1858,0
202502,19037,"chickasaw, ia",195875,-0.0201,0.291,25,-0.0741,0.7241,97,0.1023,0.3153,4,-0.6,-0.3333,0,,,6,2,2,15,0.9333,0.381,109,0.0203,0.0934,1717,-0.0443,0.0361,199318,0.003,0.1607,40,0.1127,0.6458,0.58,0.3022,-0.1441,0
202502,48175,"goliad, tx",332200,-0.0141,0.2338,16,0.069,-0.225,99,0.0967,-0.2467,4,0,0,0,,,6,2,0.5,3,0.5,1,159,0.0402,0.079,1853,0.0287,-0.0009,347295,0.0191,-0.164,18,0.0588,-0.1628,0.1935,0.0556,0.1185,0
202502,17183,"vermilion, il",119075,0.0343,0.3539,113,0.0367,0.0415,69,0.1364,-0.1129,44,0.1579,-0.2414,0,,,24,-0.2,0,80,0.1606,-0.197,78,0.0343,0.2263,1585,0.0224,0.0257,156771,0.085,0.2738,185,0.0573,-0.0752,0.7035,0.0751,-0.2089,0
202502,35025,"lea, nm",301531,0.0311,0.5583,82,0.0061,0.1469,51,-0.1529,-0.1087,48,-0.2,0,0,-1,,18,0.2857,0.8,95,0.1176,30.6667,147,0.0366,0.1745,2032,-0.0235,0.1911,316671,0.0066,0.1811,177,0.0262,1.3691,1.1585,0.1156,1.1166,1
202502,37147,"pitt, nc",290875,-0.0054,-0.0221,401,-0.0532,0.4253,76,0.1797,0.495,176,0.2222,0.0233,0,-1,-1,94,-0.2295,0.3056,282,0.1557,-0.0408,161,-0.0028,0.0062,1874,0.0016,-0.015,325903,0.0036,0.0307,681,0.0195,0.1895,0.7041,0.1273,-0.3421,0
202502,17133,"monroe, il",428060,0.0423,0.1438,53,0,0.2805,81,0.0252,0.4908,22,0.5714,-0.1538,0,,-1,12,0.2,0.5,31,0.3556,0.0517,196,-0.0026,0.0335,2041,0.0154,0.0903,432212,0.0649,0.1385,84,0.0915,0.2101,0.581,0.1524,-0.1264,0
202502,12011,"broward, fl",399950,-0.0232,-0.0805,16668,0.0683,0.457,72,-0.0403,0.2544,4272,-0.0309,0.0215,150,-0.0741,-0.1667,5272,0.1612,0.3787,3196,0.1805,-0.1293,318,-0.0085,-0.0475,1212,-0.0004,-0.0296,794903,-0.0174,-0.0812,19829,0.0833,0.3127,0.1917,0.0182,-0.1291,0
202502,31121,"merrick, ne",227250,-0.0055,-0.1088,11,-0.0833,-0.0435,56,-0.3989,0.4114,4,0,1,0,,,0,,-1,3,0.2,-0.25,117,0.0785,-0.2591,1811,-0.1681,0.1043,587545,1.4826,0.6112,14,-0.0357,-0.1563,0.2727,0.0644,-0.0751,1
202502,48407,"san jacinto, tx",297350,-0.0078,0.1437,182,0.0964,0.046,79,-0.1671,0.0537,58,0.9333,0.16,0,-1,,50,0.9231,0.0417,29,0.2391,-0.1972,181,0.0316,0.0331,1659,-0.0212,0.1046,366033,0.0206,0.1481,210,0.1111,0.0048,0.1566,0.018,-0.0474,0
202502,25025,"suffolk, ma",954950,0.0063,-0.1315,948,0.1192,0.1718,38,-0.4412,-0.0256,528,-0.0704,0.0313,8,1,-0.2,174,0.2609,0.74,99,0.3311,-0.0529,911,0.0145,-0.0885,1252,0.0138,-0.0555,2015293,0.0301,-0.0961,1047,0.1363,0.1356,0.1039,0.0165,-0.0247,1
202502,12087,"monroe, fl",1299000,-0.0103,-0.0615,1530,0.0692,0.2334,77,-0.0438,-0.0377,336,0,-0.0667,6,0.5,0,462,0.1667,0.32,219,0.1907,-0.0642,906,-0.0061,-0.0422,1517,-0.0049,-0.0328,2400266,-0.0002,-0.002,1745,0.0825,0.1855,0.1428,0.0146,-0.0454,0
202502,38097,"traill, nd",194450,-0.0251,-0.1828,19,-0.0952,0.2258,135,0.4335,0.6739,0,-1,-1,0,,,2,-0.5,-0.6667,6,2,-0.2,75,-0.0177,-0.0175,2454,0.0149,0.1867,231903,0.0142,0.0513,24,0.0667,0.0213,0.3158,0.2206,-0.1681,1
202502,21123,"larue, ky",305675,0.0286,-0.0734,38,-0.0617,0.6522,91,0.0585,-0.0372,10,0,1.5,0,,,10,-0.1667,4,15,0.5,0.3043,188,0.0099,-0.0427,1660,0.015,0.0084,341392,0.033,-0.1342,53,0.05,0.5441,0.3947,0.1478,-0.1053,1
202502,47167,"tipton, tn",329222,-0.0365,-0.0266,131,0.0966,0.237,56,-0.2057,-0.3086,60,0.3043,0.2,0,-1,-1,68,0.7,0.619,48,0.1875,-0.3116,155,0.0603,0.1339,1574,-0.0545,-0.1283,345452,0.0076,-0.0569,179,0.1365,0.0229,0.364,0.0279,-0.29,0
202502,42067,"juniata, pa",319750,-0.0266,0.4306,15,-0.1429,0.4286,65,0.146,0.1773,6,0,0.5,0,,,2,0,,21,0.4483,0.9091,168,0.0102,0.1842,1783,-0.0742,0.1321,644690,0.0669,0.1934,37,0.1406,0.7381,1.4,0.5714,0.3524,0
202502,48215,"hidalgo, tx",271500,0.0056,-0.0127,2865,0.052,0.2956,78,-0.0313,0.2302,710,0.2116,0.2199,18,-0.3571,-0.3571,616,0.3874,0.4128,426,0.0745,-0.0523,161,0.0009,0.0151,1712,-0.0029,-0.0265,323736,-0.0011,-0.0105,3285,0.0561,0.2373,0.1485,0.0031,-0.0545,0
202502,37191,"wayne, nc",291258,0.0055,0.014,314,-0.0063,0.424,81,0.0797,0.2695,118,0.2292,0.2826,20,0.1111,9,108,0.2273,0.2857,159,0.1042,-0.0756,167,-0.0087,0.0492,1765,0.0317,0.0116,308697,0.009,-0.019,466,0.0141,0.1995,0.5064,0.0507,-0.2737,0
202502,05025,"cleveland, ar",249000,0,0.145,17,0.0313,0.5714,94,0.0475,2.9063,0,-1,-1,0,,,4,0,0,3,0,-0.4545,104,-0.0515,0.0072,1983,0.0517,0.0008,265362,0.0347,0.2141,19,0,0.1875,0.1818,-0.0057,-0.342,1
202502,12053,"hernando, fl",355218,-0.0004,-0.0104,1272,0.05,0.2484,70,-0.0347,0.1583,472,-0.0167,0.0261,36,-0.3077,0.125,610,0.1868,0.3496,511,0.2466,0.1408,201,0.0012,-0.0162,1813,-0.0052,-0.0025,416441,-0.0032,-0.0637,1773,0.0982,0.2149,0.4015,0.0633,-0.0379,0
202502,13077,"coweta, ga",483725,0.0121,-0.0272,643,0.0231,0.4569,66,-0.0505,0.5029,256,0.4066,0.1532,6,-0.5714,-0.5714,186,0.0814,0.3676,232,0.0972,-0.1378,195,0.0039,0.0087,2634,0.009,0.0098,561812,0.0009,0.0535,873,0.0424,0.2429,0.3603,0.0243,-0.2485,0
202502,21011,"bath, ky",291750,0.3322,0.4893,26,-0.1034,0,98,0.3333,-0.2081,2,-0.5,-0.6667,0,,,4,-0.3333,-0.3333,8,-0.1667,-0.3182,141,0.0517,0.0073,1626,0.0457,0.1524,307083,0.0952,0.3099,34,-0.1184,-0.0946,0.2885,-0.0219,-0.1346,0
202502,21081,"grant, ky",373025,-0.0038,-0.0867,23,-0.2105,0.25,76,0.1423,0.2055,14,0,-0.125,0,,,8,-0.2,3,21,0.0513,0.0513,241,0.0255,-0.1483,1692,0.0027,-0.1719,434739,0.0501,-0.1542,45,-0.0918,0.1266,0.9111,0.2269,-0.1722,0
202502,51099,"king george, va",591893,0.0294,0.1838,54,0.0288,0.2588,63,0.0504,0.506,22,-0.0833,-0.3125,2,0,0,14,0.75,1.3333,39,-0.0602,-0.2778,204,-0.0528,-0.0338,2854,0.0917,0.0961,569638,0.0043,-0.0162,94,0.0219,-0.041,0.729,-0.0691,-0.5416,0
202502,27117,"pipestone, mn",169900,-0.0191,-0.0115,25,-0.0909,0.5152,114,0.3275,0.6509,6,,0,0,,,2,,,7,-0.1333,-0.0714,113,0.0414,-0.013,1569,-0.0735,0.1213,191889,-0.0631,-0.0025,32,-0.125,0.3696,0.26,-0.0127,-0.1642,0
202502,31101,"keith, ne",287000,-0.0271,-0.159,61,-0.0469,0.1731,126,0.0864,0.0567,12,0.5,0.5,0,,,0,-1,-1,10,0,0.2667,149,-0.0387,-0.0988,2106,0.053,-0.0607,435713,0.0167,-0.0609,71,-0.0276,0.1849,0.1557,0.0073,0.0115,1
202502,42005,"armstrong, pa",172900,-0.1308,0.235,69,-0.0805,-0.1893,82,0.0719,-0.015,30,0.5,0.25,0,,,16,0.1429,-0.2,50,0.1905,-0.1597,121,-0.0571,0.448,1591,-0.0087,0.0294,274794,-0.0084,0.0745,119,0.0349,-0.1799,0.7299,0.1662,0.0258,0
202502,30077,"powell, mt",550000,-0.102,0.6832,32,0.05,0.1455,140,0.2227,0.1222,4,,1,0,,,0,,,3,-0.3333,-0.3333,303,-0.038,0.4479,1991,0.0205,0.1872,1257631,-0.0432,0.4812,35,0.0147,0.0781,0.0952,-0.0548,-0.0684,1
202502,21049,"clark, ky",337164,0.0156,0.0297,94,-0.0106,1.125,71,-0.0035,0.0179,28,0,-0.2222,0,,,32,0.4545,1.2857,34,-0.0811,-0.3462,170,0.0183,0.0111,1965,-0.0327,-0.048,417031,-0.0145,-0.1846,128,-0.0304,0.3144,0.3636,-0.0279,-0.8182,0
202502,48421,"sherman, tx",227500,0.0346,0.2858,7,0.3,-0.381,21,0.66,-0.8096,4,0,,0,,,0,,,4,0.6,0.3333,119,0.1294,0.1777,2087,-0.009,0.1816,268714,0.3495,0.487,11,0.4667,-0.1852,0.6154,0.1154,0.3297,1
202502,48321,"matagorda, tx",318450,0.0407,0.0632,208,0.0667,0.0833,92,-0.098,-0.1501,60,0.7647,0.3636,0,,,26,0.0833,-0.3158,32,0.3617,0.0492,197,0.0163,0.1908,1588,-0.0213,-0.0534,368915,0.007,0.0375,239,0.0913,0.0766,0.1538,0.0333,-0.005,0
202502,29195,"saline, mo",177498,-0.0207,-0.0779,53,0.0938,0.129,74,-0.0133,0.5076,28,1,-0.0667,0,,,12,0,0.2,15,0.2083,-0.2368,123,-0.0729,-0.0502,1665,0.0045,-0.0006,219102,-0.0464,-0.0795,68,0.1333,0.0543,0.2762,0.0262,-0.1324,0
202502,19143,"osceola, ia",214950,-0.0447,0.5177,4,0.3333,-0.4286,93,0.1442,-0.3015,4,,0,0,,,0,,,1,-0.7778,-0.5,117,-0.0239,0.4878,1866,0.0253,0.0057,224725,-0.0424,0.3285,5,-0.3333,-0.4118,0.25,-1.25,-0.0357,1
202502,48041,"brazos, tx",369975,0.0082,-0.0238,903,0.0519,0.2457,76,-0.1828,0.1969,366,0.4186,0.0339,28,1.8,0.75,186,0.3676,0.3099,324,0.4529,0.0047,200,0.0036,-0.0119,1888,0.004,-0.023,503367,0.0037,0.0032,1219,0.1179,0.1627,0.359,0.0991,-0.0861,0
202502,46129,"walworth, sd",180124,0.0207,-0.3467,15,-0.0323,0.3043,156,0.2183,0.4302,0,,,0,,,2,0,-0.5,2,0.3333,0,131,0.0217,-0.2641,1164,0,-0.2537,190120,0.002,-0.4664,17,0,0.3077,0.1333,0.0366,-0.0406,1
202502,37087,"haywood, nc",471000,0.0003,-0.071,241,-0.0474,0.5649,87,0.0146,-0.0197,84,0.5556,0.2,0,,,84,0.0769,1,110,0.134,0.0945,281,-0.0014,0.0218,1790,-0.0013,-0.101,592225,-0.0434,-0.166,352,0.0129,0.4024,0.4564,0.073,-0.1962,0
202502,18055,"greene, in",228650,0.0167,-0.0791,83,0.0313,0.25,99,0.0645,0.0674,26,0.3,-0.1875,0,,,18,0.125,0.5,28,0.375,0.0577,139,0.0452,-0.0289,1697,-0.023,-0.023,273418,0.0471,0.0103,109,0.0955,0.1978,0.3333,0.0833,-0.0606,0
202502,51095,"james, va",573619,0.0169,0.0926,191,0.0761,0.2566,48,-0.2672,0,136,0.8889,0.2593,10,0,4,26,0.0833,-0.35,117,0.3295,-0.0449,230,0.0282,0.0668,2406,0.0061,-0.0024,717534,-0.0013,0.1807,302,0.1505,0.129,0.6126,0.1168,-0.1934,0
202502,48415,"scurry, tx",175000,0.0648,0.2681,36,-0.0897,-0.1548,67,-0.2041,0.3586,12,1,0.2,0,,,4,-0.5,-0.6667,7,0.1667,0,93,0.0222,0.0046,1848,0.0568,0.2245,189684,0.0852,0.2172,43,-0.0556,-0.1237,0.1972,0.0433,0.0305,0
202502,21101,"henderson, ky",229450,-0.0485,0.0891,50,0,0.4085,43,-0.1722,-0.2822,36,1,0.3846,0,,,20,0.25,0,30,0.0909,-0.1549,140,0.0239,0.1518,1555,-0.1196,-0.0107,251257,-0.0696,0.0744,82,0.0584,0.156,0.6,0.05,-0.4,0
202502,05039,"dallas, ar",121250,-0.0546,-0.189,12,-0.2,-0.04,129,0.357,-0.1412,2,0,,0,,,0,,-1,8,0.1538,0.1538,71,-0.0328,-0.179,1440,-0.0445,-0.2514,138822,-0.0332,-0.2502,20,-0.093,0.0263,0.625,0.1917,0.105,1
202502,36107,"tioga, ny",209950,-0.0901,0.1488,58,0.0748,0.2366,63,-0.0876,-0.2775,24,0.0909,0.2,0,,,12,0,0.5,54,-0.1429,-0.069,104,-0.0152,-0.0186,1929,-0.0591,0.0872,251893,0.0008,0.0129,108,-0.0529,0.0337,0.9391,-0.2384,-0.3082,0
202502,28131,"stone, ms",241225,0.0178,-0.0722,27,-0.0536,-0.1017,75,0.1037,0.1825,10,0.6667,-0.375,0,,,14,0.75,2.5,17,0.1333,0.0625,145,0.0657,0.0082,1962,-0.0192,0.0807,311609,0.0119,-0.3345,45,0.0345,0.0112,0.6415,0.1058,0.0991,0
202502,37133,"onslow, nc",341975,0.0126,0.0366,905,-0.0216,0.1799,69,-0.1321,0.0534,406,0.5037,-0.0514,16,1.6667,-0.7576,254,0.1759,0.3229,557,0.2492,-0.0809,184,0.0261,0.0402,1786,0.0031,-0.0045,429652,0.0209,0.0484,1459,0.0527,0.0572,0.6149,0.1333,-0.1745,0
202502,33009,"grafton, nh",477000,0.0353,0.0405,236,0.0261,0.3563,76,-0.0952,0.1783,98,0.0208,-0.0577,2,0,,52,0.0833,0.625,102,0.0741,0.0253,284,-0.0348,-0.0206,1666,0.0045,-0.0716,680874,0.0381,-0.0349,338,0.053,0.2408,0.4301,0.0192,-0.1389,0
202502,38047,"logan, nd",112900,0.1239,-0.3653,5,0.125,2,96,0.2229,0.035,0,,,0,,,2,,,2,,-0.4,80,0.1162,-0.1677,1412,-0.0255,-0.3916,165730,0.4232,-0.0461,5,0.25,0.25,0.3333,,-1.3333,1
202502,22065,"madison, la",109900,-0.0231,-0.2505,7,0.0769,-0.3,158,0.1053,1.4231,0,-1,-1,0,,,0,,-1,1,-0.3333,-0.6667,76,-0.0151,0.0904,1700,0.1269,-0.0894,143629,-0.0123,-0.0808,8,0,-0.4074,0.1429,-0.0879,-0.1571,1
202502,55035,"eau claire, wi",349975,0.0532,-0.1248,135,-0.066,0.6708,60,-0.367,-0.4123,84,0.4483,0.1053,0,,-1,26,0.0833,0.0833,101,0.1229,0.2182,188,0.0648,-0.0661,1999,0.0247,-0.0633,431493,0.0696,-0.1389,234,0.0108,0.4109,0.7472,0.1257,-0.2776,1
202502,30039,"granite, mt",668000,0.1,0.0916,34,0.0968,0.1333,135,0.1018,0.065,4,0,0,0,,,0,,-1,3,-0.375,-0.375,344,0.0426,0.032,1897,0.0072,-0.0797,2276126,-0.0338,1.1077,36,0.0286,0.0588,0.0735,-0.0555,-0.0598,0
202502,54075,"pocahontas, wv",229500,0.0718,-0.0631,121,0.0388,0.2552,92,0.0955,0.1688,20,-0.2857,0,0,,,14,0,0,23,-0.0217,-0.0217,294,0.0001,0.118,1040,0.1653,-0.1185,317648,0.0278,-0.1432,144,0.0287,0.2161,0.1867,-0.0116,-0.0529,0
202502,28035,"forrest, ms",266725,-0.0507,0.057,152,-0.0648,0.0377,79,-0.0708,0.0714,68,0.4167,0.4167,2,,,40,-0.1667,-0.1304,94,0.3525,0.0682,144,-0.0112,0.0584,1905,-0.0095,-0.0308,347529,-0.0159,0.0448,244,0.054,0.0563,0.6205,0.1914,0.0177,0
202502,21001,"adair, ky",219725,0,-0.2423,42,0.0769,0.6471,105,0.1058,-0.1125,20,2.3333,1.5,0,,,10,0.25,4,14,0.2273,0.4211,141,0.0116,-0.1854,1700,0.1243,-0.0058,259786,0.0448,-0.2525,55,0.0891,0.5714,0.3214,0.0394,-0.0511,1
202502,55133,"waukesha, wi",574900,0.0093,0.0337,622,0.004,0.129,41,-0.28,-0.0471,242,-0.0763,0.1635,0,-1,-1,80,0.0526,0.5385,145,0.156,0.1245,254,-0.0049,0.0244,2112,0.0122,0.017,661529,-0.0035,0.0768,775,0.0459,0.1449,0.2325,0.0306,-0.0009,0
202502,18043,"floyd, in",320350,0.0146,-0.0573,187,0,0.2433,47,-0.2185,-0.0313,90,-0.0217,0.2162,0,,,80,0.3333,0.4286,6,0.2222,0.375,175,0.008,0.0217,1719,-0.0012,-0.1183,350815,0.0251,-0.059,192,0,0.2468,0.0295,0.0054,0.0028,0
202502,40029,"coal, ok",228000,-0.0672,1.0357,17,0.1379,0.2692,48,-0.5535,-0.4451,2,-0.5,,0,,,0,-1,-1,2,,,97,-0.0031,-0.1367,1290,-0.0006,-0.0224,259971,-0.0213,0.3445,17,0.1724,0.3077,0.1212,,,1
202502,13219,"oconee, ga",639000,0.0215,0.0482,154,0.0922,0.2675,99,-0.1244,0.4701,44,0.2941,0,8,-0.6364,-0.6923,32,0.3333,1,34,-0.0685,-0.575,232,-0.0133,0.0867,3008,-0.0082,0.0042,792110,-0.0346,0.1426,182,0.0341,-0.0293,0.2208,-0.0381,-0.4377,0
202502,31173,"thurston, ne",214450,0.2828,-0.0726,6,0.0909,3,110,-0.131,-0.3934,0,,-1,0,,,0,,,1,0,-0.3333,156,0.3405,0.0664,1515,0.0092,-0.0434,268783,0.0986,0.1623,7,0.0769,1.3333,0.1667,-0.0152,-0.8333,1
202502,51680,"lynchburg, va",259675,0.0066,-0.0723,198,0.0705,0.4007,48,-0.0769,0.0847,110,0.1224,0.0784,2,0,-0.8333,58,0.16,0.8125,139,-0.0315,-0.1178,165,0.0166,-0.0134,1634,0.0079,-0.0272,309476,0.0381,0.0054,334,0.0309,0.1341,0.7013,-0.0738,-0.4122,0
202502,29187,"st. francois, mo",238675,0.085,0.0125,175,0.0671,0.4957,87,-0.0086,0.9829,66,0.7368,-0.1316,0,,,52,0.3,0.1818,69,0.3431,-0.1274,135,-0.0286,-0.0326,1802,0.0107,0.1262,269999,0.0233,0.0525,242,0.1282,0.2284,0.3914,0.0805,-0.2795,0
202502,21061,"edmonson, ky",304275,-0.002,0.0774,43,-0.0116,-0.0449,85,-0.2176,-0.1695,16,0.6,1,2,,,8,-0.2,0.3333,17,0.65,0,184,-0.0034,-0.0502,1747,0.021,0.0851,374785,0.0188,-0.1168,59,0.1038,-0.041,0.3882,0.1557,0.0174,1
202502,28087,"lowndes, ms",226950,-0.0383,-0.0852,127,-0.0194,-0.0307,84,0.0839,0.1275,42,0.05,-0.3636,0,,-1,22,-0.0833,-0.4762,13,0.0833,-0.1333,132,0.0184,0.1311,1883,-0.0193,-0.0856,262409,-0.0307,-0.0275,140,-0.0176,-0.0412,0.1028,0.0097,-0.0122,0
202502,29033,"carroll, mo",163750,-0.1208,-0.247,17,0,0.4783,101,0.0547,2.0224,4,,-0.3333,0,,,6,0.5,,8,0,1.2857,98,0.0113,-0.0372,1674,-0.0335,0.0462,186516,-0.0235,-0.0984,24,-0.0588,0.5,0.4706,0,0.1662,1
202502,32005,"douglas, nv",876250,0.0046,0.0219,266,0.0271,0.3242,93,-0.0488,0.0694,98,0.3611,0.4,2,,-0.5,68,0.4167,0.2143,88,0.2662,-0.0435,445,0.0003,0.0845,2164,-0.0025,-0.019,2621927,-0.0053,0.1998,357,0.0885,0.2357,0.3315,0.0626,-0.1274,0
202502,51145,"powhatan, va",633125,0.0237,0.0022,52,0.03,0.4507,44,-0.1675,0.2794,30,0.5,0.0714,0,-1,-1,6,-0.5,-0.5,32,0.1667,-0.0455,259,0.0164,0.1234,2503,0.0468,-0.0903,671226,0.0435,0.0046,86,0.1032,0.2574,0.6117,0.0717,-0.3179,0
202502,27053,"hennepin, mn",407495,0.0189,-0.0145,1795,0.0187,0.0752,39,-0.3636,0.0694,1458,0.2656,-0.0082,44,1,0,452,0.0865,0.1188,1361,0.2152,-0.0368,225,0.0128,-0.0019,1827,-0.0046,-0.0387,742516,0.0376,0.013,3140,0.0882,0.0187,0.7582,0.1226,-0.0881,0
202502,47107,"mcminn, tn",299900,-0.0002,-0.1113,194,-0.0152,0.2977,84,-0.0262,-0.0822,66,0.1786,0.1,0,,,78,0.3,0.56,80,0.0596,0.0458,182,-0.0114,-0.0093,1708,0.0675,-0.0146,397304,-0.0071,-0.068,271,0.0018,0.2207,0.4124,0.0291,-0.0993,1
202502,28073,"lamar, ms",339700,0.0263,0.0365,225,-0.0239,0.3889,68,-0.0872,0.2252,76,-0.1364,0.1176,0,,-1,68,0.7,1.4286,79,0.1791,-0.0706,162,0.0043,0.023,2188,0.0269,0.0503,456363,0.0035,0.0345,307,0.032,0.2613,0.3511,0.0604,-0.1736,0
202502,21047,"christian, ky",232225,-0.0114,0.0442,145,-0.043,0.4974,70,0.0487,0.1667,50,0.087,-0.1071,0,-1,,40,-0.2,0.0526,85,0.1972,0.2057,160,-0.0091,0.1098,1431,0.0127,-0.0444,312362,0.1859,0.3133,224,0.0394,0.3453,0.5882,0.118,-0.1423,0
202502,39129,"pickaway, oh",395400,0.0273,0.0834,112,-0.0551,0.6043,48,-0.2276,-0.3493,56,-0.0345,0.2174,0,-1,-1,40,-0.2308,1,75,0.2957,0.4608,199,0.028,0.1694,1943,0.0157,-0.0094,455042,-0.0176,0.0311,189,0.062,0.5643,0.6682,0.1809,-0.0657,0
202502,20105,"lincoln, ks",108000,-0.0623,0.1644,13,0.3684,-0.2778,64,-0.1847,-0.3298,2,-0.75,0,0,,,0,,,1,-0.75,-0.5,77,-0.0711,0.5889,1354,0.0158,-0.067,183657,-0.0575,-0.131,14,0.037,-0.3,0.0769,-0.3441,-0.0342,0
202502,01041,"crenshaw, al",169900,0,0.1927,24,0.1429,-0.0204,117,-0.0312,0.1422,4,,-0.3333,0,,,2,-0.5,,1,-0.5,-0.5,105,0.0796,0.4173,1893,-0.0257,0.1831,230641,-0.0052,-0.1985,26,0.1333,-0.0893,0.0417,-0.0536,-0.04,0
202502,36009,"cattaraugus, ny",197450,0.0087,0.1493,156,-0.0219,0.1513,107,0.0891,0.6654,42,0.5,-0.4,0,,,34,0.1333,-0.0556,122,-0.0162,0.3652,113,0.0269,0.0798,1543,-0.012,-0.0164,307713,0.0022,-0.1213,278,-0.016,0.2361,0.7788,0.0046,0.122,0
202502,36041,"hamilton, ny",429250,-0.0915,-0.2007,40,0.0256,0.2903,151,0.0168,0.1332,4,,-0.3333,0,,,0,-1,-1,12,-0.1111,-0.2727,239,-0.1537,-0.1188,1509,-0.0233,-0.1624,769318,-0.0516,-0.2454,52,-0.019,0.0957,0.3,-0.0462,-0.2323,1
202502,22119,"webster, la",186000,-0.0047,0.2828,64,-0.0229,-0.0078,77,0.0033,-0.1658,26,0,0.4444,0,,,22,0,-0.1538,37,0.5745,0,100,-0.0171,0.0644,1792,-0.019,-0.0496,227668,0.0197,0.0595,99,0.1124,-0.0198,0.5781,0.2193,0.0045,0
202502,27047,"freeborn, mn",244550,0.0607,0.1118,65,-0.1284,0.6753,79,0.1533,0.0361,22,1.2,0.1,0,,,14,-0.3,1.3333,37,0.8974,0.2982,134,0.0415,0.0526,1799,0.0112,0.0983,301326,0.0823,0.2373,101,0.0691,0.5113,0.5736,0.3101,-0.1666,0
202502,28091,"marion, ms",142000,-0.1539,-0.2476,54,0.0288,0.0918,84,-0.006,0.27,14,-0.125,-0.3,0,,,12,1,0,16,0.4545,0,93,0.0021,-0.0661,1716,0,-0.1456,221880,-0.0409,-0.2217,68,0.0794,0.0382,0.2991,0.0875,-0.0275,1
202502,27043,"faribault, mn",173425,-0.087,-0.0152,22,-0.0227,-0.411,69,-0.1214,-0.0984,10,0.25,-0.2857,0,,,4,0,-0.3333,14,0.1667,0.037,79,-0.1428,0.0219,2438,-0.0443,-0.0061,192983,-0.0464,-0.0251,36,0.0758,-0.2828,0.6512,0.1057,0.2813,0
202502,51650,"hampton, va",287500,-0.0168,-0.0336,329,0.0363,0.3381,38,-0.1163,0.0704,172,-0.0549,0.0118,6,2,-0.25,90,-0.1176,0.1842,29,0.5405,0.1176,190,0.0042,0.0493,1544,-0.0029,-0.0493,338899,0.0332,0.0732,349,0.0576,0.3346,0.0868,0.0284,-0.0171,0
202502,48047,"brooks, tx",172700,-0.0185,0.7061,8,0,0.5,53,-0.6688,-0.5415,2,,,0,,,0,,,5,0.2857,1.25,96,-0.0892,0.7852,1604,0.0693,-0.2466,499646,-0.075,2.0532,12,0.0909,0.7143,0.6,0.1333,0.2,1
202502,08007,"archuleta, co",698500,-0.0064,-0.0851,150,0.0345,0.2295,91,-0.0859,-0.2672,42,0.9091,0.3125,0,,,18,0,0.125,28,0.0377,0.1957,357,0.0045,0.0143,1879,-0.0277,-0.1775,1045401,-0.0674,-0.0835,177,0.0321,0.2207,0.1833,0.0006,-0.0052,0
202502,39057,"greene, oh",313100,0.0543,-0.0337,184,-0.1969,0.2699,51,-0.1961,0.3057,142,0.2456,-0.1125,2,-0.5,-0.8333,76,-0.3559,0.7273,233,0.1341,0.0714,173,0.0042,0.0473,1747,0.0176,-0.0539,361292,0.0377,-0.0337,417,-0.0268,0.1551,1.267,0.3699,-0.2347,0
202502,26025,"calhoun, mi",209900,0.1061,0.0093,209,-0.1203,0.0692,57,-0.0732,0.0806,88,-0.2281,-0.3803,2,0,-0.5,84,0,0.4,156,0.0986,0.013,132,0.0333,-0.0328,1626,0.0093,0.0937,261381,0.0846,0.0128,367,-0.038,0.0592,0.7482,0.149,-0.0415,0
202502,33001,"belknap, nh",612500,-0.0315,0.0297,132,-0.0365,-0.0075,76,-0.0225,0.0556,74,0.1935,0.0882,4,1,0,32,1,0.3333,91,0.1447,0.3382,369,0.0411,0.1251,1726,0.0071,-0.1221,816404,0.0333,-0.1572,223,0.0373,0.0854,0.6894,0.1091,0.1781,0
202502,46019,"butte, sd",349175,0,-0.1024,28,-0.0345,0.3333,110,0.1108,-0.1967,10,4,0.6667,0,,,0,-1,-1,19,0.1875,2.1667,207,0.1172,0.0149,1704,-0.0395,-0.1661,434083,0.079,-0.5837,45,0,0.6667,0.6786,0.1268,0.3929,1
202502,49045,"tooele, ut",525468,0.0052,0.0736,289,0.0396,0.3673,57,0.0088,0.0806,116,-0.0169,-0.1831,20,-0.375,-0.0909,128,0.3617,0.8824,151,0.1358,-0.2399,190,0.0111,0.0249,2783,-0.001,0.0494,547347,-0.0019,0.0262,440,0.072,0.0759,0.5217,0.0442,-0.4167,0
202502,13019,"berrien, ga",198650,-0.0561,-0.1108,43,0.1184,-0.0116,52,-0.144,-0.2803,18,3.5,0.2857,0,,,8,0,1,5,0.6667,-0.6429,139,0.0215,0.0906,1391,0,-0.2284,232502,0.0473,-0.1172,47,0.1463,-0.1754,0.1176,0.0387,-0.2079,1
202502,27005,"becker, mn",458750,0.0969,0.0796,79,0.0608,0.0129,126,0.0328,0.5045,24,0.5,-0.2941,2,,,8,-0.4286,-0.4286,27,-0.1311,-0.3977,194,0.0105,-0.1316,2295,0.0439,0.0974,527470,0.0689,-0.0219,106,0.0144,-0.1055,0.3376,-0.0746,-0.2302,0
202502,37097,"iredell, nc",420000,-0.0211,0.05,666,0.0122,0.2495,68,-0.0811,0.1333,286,-0.0205,0.007,16,-0.2727,-0.7241,272,0.2143,0.3737,374,0.2242,-0.0922,207,-0.0057,0.0424,2188,-0.006,-0.0059,688993,-0.0285,0.0055,1034,0.0726,0.1041,0.5616,0.0973,-0.2114,0
202502,27023,"chippewa, mn",216075,0.0171,-0.0354,36,-0.0526,0.3091,109,0.1569,-0.0625,6,0.5,0.5,0,,,12,2,0.5,8,0,1,110,-0.0019,-0.0378,2000,0.0588,0.1161,225207,-0.0767,-0.0217,45,-0.0326,0.3906,0.2222,0.0117,0.0768,0
202502,46101,"moody, sd",235500,-0.0446,-0.1433,10,-0.0952,0.3571,133,0.17,1.4312,2,,0,0,,,0,,,3,0.5,-0.4545,126,-0.238,-0.1266,1824,0.0693,0.0264,352180,-0.0103,0.3724,12,-0.04,0,0.3158,0.1253,-0.4699,1
202502,42013,"blair, pa",156250,0.0135,0.0599,170,-0.1218,0.2509,78,0.1341,0.0032,62,0.1481,-0.1389,0,,,50,-0.1667,0.3889,16,0.7778,0.28,98,0.0195,0.081,1658,0.0018,-0.0279,206277,0.0122,0.0681,184,-0.0846,0.2517,0.0944,0.0478,0.0021,0
202502,21169,"metcalfe, ky",230000,-0.065,0.3299,18,-0.0278,0.0606,125,-0.006,0.7703,4,,0,0,,,8,,3,4,-0.4667,0,128,-0.126,-0.0949,1768,0.0496,0.3549,359563,-0.0436,0.368,22,-0.1569,0.0238,0.2286,-0.1881,-0.0139,0
202502,30071,"phillips, mt",230000,-0.0936,-0.0213,15,0.0714,-0.4545,98,0.1337,-0.4282,2,,,0,,,0,-1,,1,0,0,131,-0.0011,0.0724,1632,-0.022,0.0693,278352,-0.0865,-0.2974,16,0.0667,-0.4386,0.0667,-0.0048,0.0303,0
202502,02275,"wrangell and borough, ak",369000,-0.012,-0.0699,17,-0.0286,0.2143,246,0.1096,-0.0924,0,,-1,0,,,2,,,2,1,1,312,0.0188,-0.0258,1250,-0.0816,-0.1621,386553,-0.051,-0.163,19,0.027,0.2258,0.1176,0.0605,0.0462,1
202502,19161,"sac, ia",186688,-0.0178,-0.0272,27,0.08,0.0588,76,-0.3505,-0.1903,4,-0.3333,-0.3333,0,,,0,-1,,4,-0.3333,-0.2727,110,-0.0444,-0.2394,1606,-0.0619,-0.0828,247131,-0.0399,-0.0645,32,0.0161,0.0161,0.1481,-0.0919,-0.0675,0
202502,17181,"union, il",151175,-0.1268,0.2893,31,-0.1029,-0.1408,76,-0.0679,-0.1541,8,-0.2,-0.2,0,,,10,0.25,0.6667,17,-0.0294,0.2222,82,-0.0019,0.0232,1988,-0.0038,0.426,249484,0.0576,0.5716,48,-0.0594,-0.05,0.541,0.041,0.1607,0
202502,54071,"pendleton, wv",289675,0.1175,0.1717,19,-0.1591,0.0278,157,0.0572,0.4081,2,0,-0.5,0,,,0,-1,,6,1,0.7143,229,0.0656,0.6979,1371,0.0703,-0.2871,500445,0.1182,0.6561,24,-0.04,0.1163,0.3243,0.188,0.1299,0
202502,26101,"manistee, mi",253225,0.0799,-0.0289,85,-0.0506,0.5089,103,0.1705,-0.0865,22,0.1,-0.0833,0,,,20,1,0.6667,34,0.1964,0.2182,164,0.0259,-0.1127,1683,0.047,0.2072,390065,0.085,0.0691,116,-0.0086,0.3669,0.3964,0.0818,-0.0946,0
202502,38011,"bowman, nd",171125,-0.2394,0.0484,8,-0.0625,-0.5,83,0.162,-0.5313,0,-1,-1,0,,,0,-1,-1,4,0.1667,2.5,100,-0.1488,0.0211,1707,-0.0783,0.0421,174013,-0.2235,-0.0198,11,0,-0.3125,0.4667,0.0917,0.4,1
202502,18023,"clinton, in",224250,-0.1021,-0.0985,25,-0.2899,0.0889,47,-0.2327,-0.1455,20,0.25,0,0,,,14,0,1.3333,35,0.129,0.4286,137,0.0263,-0.072,1715,-0.052,-0.0316,243422,-0.0706,-0.0564,60,-0.0769,0.25,1.4286,0.53,0.3397,0
202502,29215,"texas, mo",250500,0.0023,0.033,115,0.0088,0.4198,116,0.0131,0.2211,30,1.5,0,0,,,20,0.6667,0.4286,28,-0.1111,-0.2533,153,0.0078,0.3255,1505,-0.0529,-0.1484,382432,-0.0299,-0.5701,142,-0.0173,0.2085,0.2435,-0.0328,-0.2195,0
202502,50001,"addison, vt",559725,-0.0391,0.0677,55,0.0093,0.8167,97,-0.1101,0.3426,36,0.5,2,0,,,10,0.6667,0.25,39,0.5098,2.08,264,-0.0362,0.0444,2015,-0.0338,-0.0074,1105222,-0.0813,0.5826,92,0.1572,1.1647,0.7064,0.2342,0.2898,1
202502,55007,"bayfield, wi",477000,-0.0245,0.0751,65,-0.0226,0.3131,145,0.1158,0.1893,14,0.4,0,0,,,10,0.25,0.6667,20,0.0263,0.5,279,0.0533,0.2572,1713,-0.0588,-0.0578,609602,-0.0172,0.0251,84,-0.0175,0.344,0.3,0.0143,0.0374,0
202502,36075,"oswego, ny",216950,0.0664,-0.0136,130,0.0359,0.3198,103,0.0814,0.1508,42,0.5,-0.3438,0,,,16,-0.2,-0.1111,135,-0.0847,0.0112,129,0.0397,-0.0769,1567,-0.0089,0.0299,265512,0.0096,-0.1205,261,-0.044,0.1015,1.0385,-0.1368,-0.3169,0
202502,05121,"randolph, ar",166000,-0.0129,-0.0875,82,0.1164,0.3145,113,0.061,0.2118,20,1,0.6667,0,,,16,0.6,0.6,12,-0.1429,-0.1429,99,0.0068,-0.1233,1500,-0.002,-0.0102,267900,-0.0303,0.1158,94,0.0805,0.2368,0.1472,-0.0445,-0.0786,0
202502,02150,"kodiak island borough, ak",432000,-0.0532,0.2934,16,0.1923,-0.4833,140,0.0963,0.951,4,0,-0.3333,0,,,2,0,0,4,-0.1111,0.1429,252,-0.0842,-0.1198,1599,-0.0405,-0.0569,630188,-0.0489,0.0791,20,0.1471,-0.4179,0.2581,-0.0881,0.1414,0
202502,28083,"leflore, ms",136500,0.041,0.0748,57,0.0755,0.443,95,0.1739,-0.1783,14,-0.125,0.75,0,,,10,0.6667,1.5,10,0,-0.0909,69,0.0131,-0.0413,1568,-0.0443,-0.0175,166409,0.0675,0.2049,67,0.0635,0.3535,0.1754,-0.0132,-0.103,1
202502,40053,"grant, ok",141375,0.0002,0.4173,12,-0.0769,0.2,70,0.1155,0.1024,0,,-1,0,,,2,-0.5,0,2,0.5,-0.25,98,0.0393,0.3232,1485,0.002,-0.0553,219860,0.0066,0.9256,14,0,0.1667,0.125,0.0481,-0.075,1
202502,48459,"upshur, tx",309975,-0.0578,0.0892,207,0.0809,0.3529,84,-0.1279,-0.0347,60,0.3636,0.2,0,-1,,54,0.2273,0,51,0.2,0.2439,173,-0.0088,0.0611,1939,0.007,0.0863,393553,-0.0409,0.0091,259,0.1215,0.3429,0.2464,0.0244,-0.0216,0
202502,19195,"worth, ia",151000,0.0295,0.5138,17,0.1333,1.4286,76,-0.0729,0.3739,4,0,0,0,,,2,,,4,0.3333,3,100,0.0455,0.345,1800,-0.0126,0.1598,178504,0.0264,0.9464,21,0.1351,1.625,0.2353,0.0353,0.0924,1
202502,48221,"hood, tx",392343,0.0291,-0.0172,558,0.0469,0.2714,74,-0.0601,0.0683,180,0.1688,0.0112,12,5,0.5,224,0.6,0.4933,129,0.3598,-0.0191,201,0.0037,-0.0132,1990,0.0275,-0.0357,510215,0.0113,-0.0293,685,0.096,0.1913,0.2305,0.053,-0.0683,0
202502,45045,"greenville, sc",396038,0.0026,0.0635,1401,0.0112,0.2151,62,-0.1151,0.2947,754,0.1968,0.008,74,-0.26,0.48,588,0.2511,0.2952,1001,0.2868,0.0869,195,-0.003,-0.0069,2004,0.002,-0.0858,559647,0.0168,0.0401,2385,0.1052,0.1467,0.7141,0.153,-0.0842,0
202502,40011,"blaine, ok",94625,-0.2693,-0.3795,20,-0.25,-0.093,210,0.1111,0.6061,6,2,,0,,,2,0,0,13,0.1818,1,74,-0.0877,-0.2071,1858,-0.0021,0.0324,209973,-0.0548,-0.1607,34,-0.0694,0.2182,0.6667,0.2436,0.3643,1
202502,42099,"perry, pa",322995,0.0015,0.1186,47,-0.07,0.1205,79,0.1092,1.3507,22,-0.2667,-0.3125,0,-1,,18,0.2857,1.25,39,0.1143,0.013,173,0.0527,0.0203,1766,0.0047,0.1188,345500,0.0664,0.1342,86,0.0118,0.0688,0.8387,0.1387,-0.089,1
202502,18145,"shelby, in",252745,-0.0673,0.0072,63,-0.0667,0.4651,75,0.0451,0.27,20,0.25,-0.4118,0,,,20,-0.2857,0.25,43,-0.0115,0.1026,137,-0.014,0.026,1802,-0.0445,-0.0146,313296,-0.0149,0.0653,108,-0.0227,0.2874,0.6825,0.0381,-0.2244,0
202502,28063,"jefferson, ms",114950,0.3539,-0.4252,6,-0.1429,0.2,124,0.2462,0.1121,0,,,0,,,0,,,4,-0.125,2.5,75,0.0292,-0.139,1795,0.0559,-0.0442,610163,0.0945,0.1969,10,-0.0909,1,0.5833,0.0119,0.3833,1
202502,48057,"calhoun, tx",338450,-0.0016,0.0866,156,0.0799,0.4266,124,-0.1141,0.1143,34,0.2143,1.125,2,0,,18,-0.1818,-0.25,13,0.3889,1.7778,228,0.0072,0.2023,1636,0.0222,-0.0211,425719,0.0066,0.0245,168,0.0945,0.4672,0.0804,0.0179,0.0391,1
202502,20109,"logan, ks",176750,0.1862,1.0097,6,-0.0769,0.5,107,0.2861,-0.3693,0,,,0,,,0,,,3,-0.2857,-0.375,97,0.0223,-0.0704,2450,0.1683,2.0378,197821,0.1363,0.429,9,-0.1,0.125,0.4167,-0.1218,-0.5833,1
202502,49009,"daggett, ut",556173,0.2359,0.4851,8,0.0667,1,158,-0.0483,-0.1089,2,,,0,,,0,,,,,,360,0.0435,-0.0483,1671,0.0549,0.2994,750293,0.1224,0.5014,8,0,1,,,,0
202502,35059,"union, nm",116875,-0.1179,0.0923,9,0.0625,0.7,54,-0.5657,0.0238,2,,,0,,,0,,,1,0,-0.7778,103,-0.0116,0.2067,1339,-0.0974,-0.1211,246306,-0.0434,-0.2108,10,0.0556,0,0.1176,-0.0074,-0.7824,0
202502,27121,"pope, mn",221475,-0.1794,-0.4246,25,0.225,0.2895,64,0.016,-0.3135,8,,0,0,,,4,0,0,7,0.0833,-0.2353,147,-0.0665,-0.4188,1376,-0.0394,-0.2659,270066,-0.0876,-0.597,31,0.2157,0.1481,0.2653,-0.0347,-0.1821,1
202502,31021,"burt, ne",209925,0.1309,-0.1152,26,0.02,0.6452,99,0.3873,-0.0794,2,0,0,0,,,2,-0.8,-0.5,4,0.75,0,137,0.1516,0.0489,1504,-0.0553,-0.1493,243356,0.0302,-0.1585,29,0.0556,0.5,0.1373,0.0573,-0.0886,1
202502,21227,"warren, ky",324900,0.0156,0.0053,565,-0.0157,0.2298,77,-0.0344,0.236,142,-0.0658,-0.1744,6,,2,118,-0.0167,-0.0484,198,0.2611,0.0233,187,0.0003,0.0153,1720,0.0119,-0.0475,386187,0.0232,0.0177,763,0.0381,0.1622,0.3508,0.077,-0.0708,0
202502,13095,"dougherty, ga",139784,0.0282,-0.1527,252,0.0224,0.4209,108,0.0118,0.6226,74,0.2759,-0.5432,2,,,50,0.1905,0.6667,65,0.0569,4.9091,96,-0.0007,-0.0399,1452,0.0014,-0.0217,183664,-0.0077,-0.1641,317,0.0376,0.6862,0.2584,0.0084,0.1963,1
202502,20121,"miami, ks",380000,-0.0458,0.078,82,0.0316,-0.0298,64,-0.1199,-0.3607,32,-0.1579,-0.2381,0,,-1,28,1,0,45,0.3088,-0.2261,184,-0.0229,-0.0624,1869,-0.0537,0.1585,583840,0.0162,0.1854,127,0.1043,-0.115,0.546,0.1156,-0.1385,0
202502,06015,"del norte, ca",450000,0.0115,-0.0707,96,0.0323,0.2152,102,0.0437,0.1063,16,-0.2,0.3333,0,,,12,-0.4,0.5,4,0.3333,-0.7419,272,0.0093,0.0185,1764,0.0316,-0.0359,518712,-0.0206,-0.0805,101,0.0469,0.0635,0.0417,0.0094,-0.1545,0
202502,48115,"dawson, tx",185500,-0.0336,-0.0313,24,-0.1429,-0.2727,67,0.3724,-0.4114,8,0.3333,0,0,,,4,-0.3333,1,11,0.6154,0.9091,90,-0.0269,-0.0224,2364,0.1125,0.0787,284178,0.0705,0.2667,34,-0.0286,-0.1169,0.4375,0.2054,0.2708,0
202502,05037,"cross, ar",232875,-0.0507,0.1543,46,0.0952,0.1358,58,-0.1115,0.0313,20,0.25,1,0,,,16,1,1,19,0.1563,0.2759,110,-0.0355,-0.0182,2032,-0.0549,0.0639,258008,-0.052,0.0737,65,0.1121,0.1518,0.4022,0.0212,0.0441,1
202502,19077,"guthrie, ia",328725,0.0249,0.054,36,0.0597,-0.1341,85,-0.0029,0.0367,10,-0.375,-0.2857,0,,-1,6,0,-0.25,24,0.1163,0.6552,212,0.0472,0.0123,1541,-0.0276,-0.0044,532470,0.0779,0.2687,60,0.0531,0.0818,0.6761,0.0343,0.3224,0
202502,37091,"hertford, nc",229500,0.3042,0.3724,24,-0.0588,-0.2131,83,0.1483,0.3537,14,0.4,0.1667,0,,,0,-1,-1,16,0,0.7778,116,0.047,0.1227,1700,-0.0398,0.3148,225823,0.0561,-0.5684,41,-0.0241,0.0253,0.6667,0.0392,0.3716,0
202502,47181,"wayne, tn",285425,0.0214,-0.0114,46,-0.1078,0.2817,90,-0.0028,0.3175,10,1.5,-0.375,0,,,12,0.2,1,17,0.5455,1.125,160,-0.0304,-0.2228,1890,0,-0.122,500813,-0.0065,-0.0393,62,0,0.4419,0.3736,0.1579,0.1483,0
202502,36069,"ontario, ny",441725,0.0326,-0.0396,125,0.0375,-0.0604,78,0.0801,0.5347,62,0.4762,-0.1389,0,-1,-1,16,0,-0.5294,127,0.0285,11.65,242,0.0139,0.0442,1829,-0.0099,-0.0296,596152,0.006,0.2255,252,0.037,0.7684,1.0161,-0.0089,0.9406,0
202502,29159,"pettis, mo",236075,0.0569,0.1513,91,-0.0269,-0.0474,71,0.0035,0.0556,44,1.75,-0.12,0,,,46,1.3,0.2105,39,0.2188,-0.1613,131,-0.0084,0.0843,1650,-0.0003,-0.0364,284940,0.0161,0.0628,130,0.0526,-0.0941,0.4309,0.0869,-0.0585,0
202502,25015,"hampshire, ma",499900,0.0214,-0.0634,105,-0.1286,0.123,66,-0.0571,0.2816,68,-0.0811,-0.0556,4,,,26,-0.1875,0.1818,24,0.4118,0.0909,286,0.0228,0.004,1676,-0.0167,-0.0816,573015,-0.0086,-0.0049,128,-0.089,0.1082,0.2286,0.0875,-0.0067,0
202502,55117,"sheboygan, wi",377850,0.0185,0.0079,189,0.0329,0.5643,44,-0.2162,-0.3012,74,0.0882,0.3704,2,,,16,-0.4667,0.1429,35,0.3462,0.1475,209,-0.0041,-0.0279,1582,-0.0259,0.0441,485915,-0.0384,0.0962,224,0.0743,0.4884,0.1857,0.0432,-0.0674,0
202502,26005,"allegan, mi",425000,0.009,0.0035,155,-0.0988,0.1832,76,0.0168,-0.0319,78,0.1818,-0.1522,0,,,26,-0.1875,-0.2353,99,-0.0526,-0.2174,217,0.0133,0.0345,2025,-0.0178,-0.0052,590541,0.0266,-0.0646,255,-0.0678,-0.0193,0.6387,0.0312,-0.3269,0
202502,55107,"rusk, wi",214900,0.0238,-0.1486,37,-0.0864,0.5102,115,0.1275,2.4328,10,-0.1667,0,0,,,6,0,0.5,19,0.2759,0.85,122,-0.0514,-0.4418,1868,0.1226,0.3118,326743,-0.0378,-0.2151,56,0.0091,0.5857,0.5,0.142,0.0918,1
202502,30009,"carbon, mt",669975,0.0288,-0.0104,93,0.0276,0.3099,106,-0.0516,0.047,18,0.2857,0,0,,,8,0.3333,0.3333,19,0.0882,-0.2292,367,0.0147,0.0245,2084,-0.0141,0.0804,885463,-0.0585,0.0057,111,0.0374,0.1684,0.1989,0.0111,-0.1391,0
202502,28133,"sunflower, ms",165000,-0.0167,0.0855,43,0.2836,0.5636,93,-0.0387,-0.0387,12,0.2,0.2,0,,,6,2,0.5,6,-0.2143,-0.2667,82,-0.003,0.2849,1949,-0.0022,-0.0854,184920,0.0296,-0.5073,48,0.1852,0.3521,0.1279,-0.081,-0.1448,0
202502,41045,"malheur, or",345000,0.0044,0.0149,94,-0.0311,0.6121,134,0.1314,0.5,16,1,-0.1111,0,-1,,22,0.2222,0.5714,16,0.1429,0.0323,219,0.0043,0.096,1639,0,-0.0842,538156,0.0099,-0.0347,109,-0.0046,0.483,0.1711,0.026,-0.0961,0
202502,19023,"butler, ia",182125,0.0146,0.0205,33,-0.0959,1.0625,100,0.0582,0.1869,12,1,0,0,,,8,1,0.3333,17,0.9412,0.1,111,0.0146,-0.0727,1750,0.0001,0.2832,218208,0.0099,0.1594,50,0.087,0.6393,0.5,0.2671,-0.4375,0
202502,27011,"big stone, mn",162500,0.0164,-0.0647,12,-0.0769,0.3333,87,0.3194,0.0087,2,0,0,0,,,0,,-1,5,0.1111,-0.1667,84,-0.078,-0.2855,1886,0.1817,0.4075,189224,-0.0345,-0.0877,17,-0.0286,0.1333,0.4167,0.0705,-0.25,0
202502,06083,"santa barbara, ca",2101750,0.1586,0.1809,464,0.0323,0.2476,48,-0.3435,-0.1384,240,0,0.2121,2,-0.5,-0.6667,100,0.0638,0.7241,193,0.3322,0.1774,1025,0.1924,0.1006,2093,0.0163,-0.0158,4852245,0.1246,-0.0259,653,0.1221,0.2196,0.4153,0.0935,-0.0248,0
202502,01083,"limestone, al",403500,0.0358,0.0575,752,-0.0086,0.6196,90,0.0345,0.2587,282,0.3824,0.2155,28,-0.5,0.2727,226,0,0.4675,333,0.2179,5.8557,174,-0.0002,0.0009,2408,0.0136,0.0631,458799,0.0013,0.0069,1082,0.0419,1.1102,0.4424,0.0823,0.3379,0
202502,29175,"randolph, mo",207500,-0.0178,0.7437,79,-0.0188,0.0129,81,-0.0636,0.4026,38,1.1111,0.5833,0,,,14,0.75,0.1667,36,0.6512,16.75,124,-0.0162,0.492,1583,0.0019,0.1853,232166,-0.0342,0.339,114,0.1068,0.434,0.4522,0.1835,0.4264,1
202502,36059,"nassau, ny",885000,0.0011,0.0424,1750,0.0294,0.0395,65,-0.1677,0.0488,942,0.0397,-0.0329,30,0.25,-0.0625,242,0.1635,-0.0082,2026,-0.0625,0.7342,500,-0.0015,0.0369,1977,0.0005,-0.0254,1447003,-0.0357,-0.0077,3777,-0.0167,0.3311,1.1578,-0.1135,0.4638,0
202502,48249,"jim wells, tx",237125,-0.0068,0.2749,101,0.0524,0.0924,120,-0.0144,0.1711,26,0.4444,0.1818,0,,,22,1.2,0.1,17,0.3077,-0.1707,143,-0.0144,0.1124,1674,0.0164,0.1169,333686,0.0295,0.3554,117,0.0783,0.0308,0.1692,0.033,-0.0537,0
202502,42057,"fulton, pa",239225,-0.0883,-0.349,14,0.125,0.9286,46,0.011,-0.6767,4,-0.3333,,0,,,4,1,,8,0.5,0.25,184,-0.12,0.2195,1230,-0.0646,-0.4975,312987,-0.0731,-0.1284,21,0.2353,0.68,0.5556,0.1389,-0.3016,1
202502,05085,"lonoke, ar",263000,0.0119,-0.0057,263,0.0214,0.8076,52,-0.1308,0.0457,106,0.06,0.2927,0,-1,-1,92,0.6429,1.4211,116,0.2021,0.1542,151,0.0005,0.0166,1804,0.0099,-0.0672,325018,0.0107,0.0352,384,0.0757,0.5589,0.4411,0.0663,-0.2497,0
202502,31073,"gosper, ne",357450,0.3097,0.459,10,0.1111,0.4286,179,0.2439,0.4542,0,-1,-1,0,,,0,-1,,2,1,-0.4286,266,0.2896,0.8483,1128,-0.2932,-0.4519,490570,0.0907,0.0823,12,0.1429,0.2,0.2,0.0889,-0.3,1
202502,06031,"kings, ca",359950,-0.0137,-0.0356,194,-0.0695,0.1279,65,-0.0038,0.85,74,-0.0513,-0.2885,2,-0.8,-0.75,88,0.2571,0.5172,132,0.2816,0.0909,234,0.0263,0.0534,1552,-0.0194,-0.048,434214,0.0035,0.0711,319,0.029,0.0981,0.6804,0.1864,-0.0231,0
202502,17003,"alexander, il",97450,0.334,-0.2989,13,-0.1379,1.5,127,0.1043,1.7021,2,0,-0.5,0,,,0,,,4,1,0,65,0.0531,-0.4057,1400,0.1701,-0.2132,183867,0.6454,-0.3987,16,0,0.6316,0.32,0.1821,-0.48,1
202502,18051,"gibson, in",185000,-0.0263,-0.1029,49,-0.0755,0.1136,81,-0.0529,0.2578,30,2,0.25,0,-1,,18,2,0.8,31,0.1731,-0.0896,128,-0.0015,0.0654,1569,-0.0154,-0.027,218829,-0.0161,-0.1542,80,0,0.0325,0.6224,0.1319,-0.1389,1
202502,13083,"dade, ga",394117,-0.1326,0.3292,54,0.2135,1,73,0.021,-0.1934,24,2,1,0,,,26,0.625,0.625,17,-0.15,0,204,-0.028,0.1272,1746,-0.0485,-0.0531,491897,-0.1434,-0.3097,68,0.0794,0.5632,0.3148,-0.1346,-0.3148,1
202502,16071,"oneida, id",411175,-0.0296,0.7916,20,0.0263,1.4375,161,0.0754,2.4703,2,-0.5,0,2,,,4,-0.5,,3,-0.3333,-0.5,196,0.0423,0.1278,2077,-0.1503,0.3282,582286,-0.0579,0.0762,23,-0.0426,0.8,0.1538,-0.083,-0.5962,1
202502,21085,"grayson, ky",299925,0.083,-0.0484,76,0,0.1022,74,0,-0.2481,28,0.5556,0.75,0,,,18,0,0.2857,29,-0.0938,0.2889,184,0.0652,0.0895,1760,0.0407,0.0295,402295,0.0232,0.0697,105,-0.0187,0.1798,0.3841,-0.0397,0.0556,1
202502,19183,"washington, ia",270000,0.1134,0.0209,45,0.0988,-0.288,36,-0.4462,-0.2836,18,-0.25,-0.1,0,,,8,0,0,10,0.0556,-0.2692,139,0.0235,0.1477,2173,0.022,-0.0524,301861,0.0779,0.1079,54,0.1613,-0.25,0.2135,-0.0087,0.0055,0
202502,47053,"gibson, tn",242450,-0.0061,0.0897,152,0.0483,0.567,90,-0.0816,0.4575,46,0.3529,-0.1154,2,,,54,0.35,0.5882,58,-0.0169,-0.2704,148,0.026,0.0481,1738,-0.0004,0.0261,296252,0.0088,0.1619,210,0.037,0.1898,0.3816,-0.0253,-0.438,0
202502,39169,"wayne, oh",294950,0.0093,-0.0135,93,-0.07,0.4531,47,-0.1336,-0.1607,58,0.0357,0.16,2,,,26,-0.1333,0.3,83,-0.0571,0.0577,158,-0.0122,0.0052,1765,0.0427,-0.0759,317547,0.0186,-0.1328,177,-0.061,0.2421,0.8871,0.0121,-0.3317,0
202502,28099,"neshoba, ms",180000,-0.1449,-0.0769,32,-0.0455,0.26,107,0.2241,-0.3966,6,-0.25,0.5,0,,,4,-0.3333,0,20,0.1765,1,94,-0.0545,-0.0584,2005,0.0205,0.1053,236489,-0.0182,-0.0175,51,0.0202,0.4638,0.6349,0.1198,0.2349,0
202502,39009,"athens, oh",228700,0.058,0.0469,57,0.0088,0.0179,63,-0.1039,-0.0741,20,-0.2857,-0.4444,0,,,20,0.6667,0.6667,23,0.2778,0.3143,141,-0.0466,0.0067,1662,0.0934,0.0014,270829,-0.008,0.0729,81,0.0946,0.0946,0.4035,0.0849,0.091,0
202502,27163,"washington, mn",522498,0.0362,-0.0495,407,-0.1006,0.0025,40,-0.319,0.0395,330,0.2692,-0.0407,22,0.8333,2.6667,100,-0.1071,0.1628,394,0.2259,0.0261,219,0.0225,-0.017,2365,0.0073,-0.024,654686,0.0266,0.0149,803,0.0375,0.0165,0.9668,0.2574,0.0222,0
202502,42019,"butler, pa",389900,0.0683,0.0648,264,-0.0504,0.1282,64,-0.1795,0.024,146,0.1967,-0.0135,0,-1,,106,0.2326,0.4722,224,0.1702,-0.0408,190,0.0143,-0.0196,1846,-0.0028,-0.0257,490077,0.0354,-0.033,489,0.0438,0.046,0.8466,0.1595,-0.1491,0
202502,17139,"moultrie, il",205125,-0.0601,0.4456,16,-0.1143,0.1923,83,0.0814,0.4821,4,0,-0.5,0,,,2,-0.6667,0,13,0.3684,-0.1613,103,0.0198,0.1472,1870,-0.0788,0.1666,265152,0.0216,0.008,26,0.0196,-0.1034,0.8387,0.2959,-0.3536,0
202502,24005,"baltimore, md",379925,0.0133,-0.0428,958,-0.0139,0.453,36,-0.2,-0.04,654,0.1199,-0.0061,42,-0.087,-0.2222,362,0.2837,0.547,762,0.1084,-0.0136,213,0.0047,0.0124,1765,0.0038,-0.0713,575115,0.0123,-0.0542,1716,0.0375,0.2004,0.7958,0.0878,-0.3764,0
202502,01125,"tuscaloosa, al",316248,0.0081,0.0416,600,0.039,0.1663,55,-0.1926,-0.1926,298,0.155,0.0493,16,-0.3846,0.3333,124,-0.0159,0.1273,310,0.1946,-0.0746,181,0.0209,0.0246,1768,-0.0092,-0.0225,467340,0.0302,-0.0282,905,0.0813,0.0573,0.5171,0.0674,-0.1347,0
202502,31145,"red willow, ne",170850,0.0043,0.0796,35,-0.2391,0.5909,101,0.072,-0.1813,10,0.25,-0.2857,0,,,10,0.25,4,19,0.5417,-0.0976,90,-0.034,-0.028,2017,-0.0081,0.0207,196589,-0.0563,0.1188,54,-0.0776,0.2738,0.5286,0.2677,-0.4032,0
202502,31133,"pawnee, ne",126225,0.2623,0.683,5,-0.3077,0.5,148,0.6751,0.6027,0,,,0,,,0,,,3,4,1.5,68,-0.0078,-0.1731,2020,0.3874,1.2052,171340,0.1481,0.3083,7,0.0769,0.75,0.5556,0.4786,0.2222,1
202502,20015,"butler, ks",315890,0.0151,0.0637,170,-0.0258,0.323,85,0.0559,0.0272,58,-0.1212,-0.0645,8,1,0.3333,44,0.4667,0,87,0.1013,-0.0745,156,0.0361,0.0486,1864,-0.0294,-0.0852,396553,-0.0192,0.0281,258,0.0098,0.1648,0.5118,0.059,-0.2198,0
202502,51063,"floyd, va",296249,-0.0724,-0.1578,23,-0.0426,0.0465,100,0.0695,0.6129,4,0,-0.5,0,,,4,-0.3333,1,6,-0.2,-0.6129,171,-0.0285,-0.2451,1868,-0.0035,0.2447,529940,-0.0418,0.2462,29,-0.0492,-0.2055,0.2667,-0.0525,-0.4543,1
202502,29117,"livingston, mo",192425,0.0077,0.1878,30,-0.0323,-0.2593,116,0.1241,0.925,14,1.3333,0.1667,0,,,0,-1,-1,11,0.4667,0.5714,123,0.033,0.2319,1548,-0.0212,0.0741,252381,-0.0438,0.3217,41,0.0649,-0.1546,0.3667,0.1247,0.1938,0
202502,26113,"missaukee, mi",239975,-0.0446,-0.0856,23,0,0.6667,82,-0.0861,-0.1542,8,-0.2,3,0,,,6,2,0.5,12,0.0435,0.5,170,0.0836,0.3136,1739,-0.0319,-0.0784,303214,-0.021,0.054,34,-0.0147,0.5581,0.5333,0.0222,-0.0593,1
202502,51135,"nottoway, va",299975,-0.0474,0.0003,45,-0.0323,0.6364,68,-0.1306,-0.0455,18,0.8,0.5,0,,,8,0,0.3333,18,0.129,0,165,0.0117,-0.05,1579,-0.0191,0.0564,305260,0.0068,-0.3035,62,-0.0238,0.3977,0.3889,0.0556,-0.2475,0
202502,13255,"spalding, ga",299900,0.0023,-0.0907,307,0.02,0.2459,66,-0.1149,0.3035,100,0.0204,-0.0909,6,0.5,-0.25,106,0.2927,0.5143,82,0.1643,-0.2591,163,-0.006,0.0044,1750,0.0401,-0.0617,326225,-0.0313,-0.0923,387,0.0474,0.0994,0.2659,0.033,-0.1812,0
202502,26107,"mecosta, mi",270000,0.0048,-0.0523,122,-0.0758,0.3631,101,0.0469,0.391,38,0.7273,-0.0952,0,,,26,-0.1333,0,48,0.1034,0.1429,158,-0.0129,-0.0174,1699,0.0143,-0.0301,333295,0.0364,-0.0467,170,-0.0342,0.2939,0.3934,0.0639,-0.0758,0
202502,25017,"middlesex, ma",996500,0.0491,-0.0588,896,0.0329,0.0455,24,-0.4947,-0.0769,938,0.0757,0.0043,12,0.2,1,190,-0.0206,0.1446,200,0.3333,-0.0588,487,0.0319,0.0041,2155,0.0269,0.0213,1519743,0.0584,0.013,1102,0.0767,0.0309,0.2232,0.0503,-0.0247,0
202502,17115,"macon, il",147725,-0.0786,-0.0466,161,0.0063,0.0525,79,0.2171,0.3029,80,0.1765,-0.1111,0,,,36,-0.3077,-0.25,125,0.1801,-0.2545,84,-0.0437,-0.0642,1722,-0.0033,-0.0098,190164,-0.0398,-0.0971,269,0.0468,-0.1339,0.7757,0.1143,-0.3194,0
202502,44005,"newport, ri",878000,-0.0238,-0.0373,150,-0.0066,0.2552,52,-0.2137,-0.4181,66,0.1786,0.2222,0,-1,,26,-0.2353,5.5,83,-0.0884,-0.25,527,-0.0277,0.2041,1805,-0.071,-0.1407,1826779,-0.0304,0.0384,232,-0.0453,0.0065,0.55,-0.0493,-0.3705,0
202502,18167,"vigo, in",175575,0.0644,0.1456,181,-0.0424,-0.0163,50,-0.1803,-0.3151,90,-0.0426,-0.0625,0,,-1,66,0.4348,0.5,104,0.0833,-0.0714,113,0.0031,0.1338,1599,-0.0028,0,216051,0.0051,0.1056,285,-0.007,-0.019,0.5762,0.0669,-0.0342,0
202502,20057,"ford, ks",276175,-0.0258,-0.0755,79,0.1544,1.0128,87,0.0743,0.2527,20,0.25,-0.0909,0,,,8,-0.3333,0.3333,9,-0.3929,-0.5,191,0.0079,-0.013,1429,-0.0131,-0.1121,295231,-0.0095,-0.0704,87,0.0613,0.5446,0.1083,-0.0976,-0.3276,0
202502,51161,"roanoke, va",369475,0.03,0.0194,175,-0.0411,0.4286,69,-0.0036,0.1888,100,0.1628,0,0,-1,-1,66,-0.1538,0.2222,156,0.2196,-0.0251,184,-0.0068,-0.0216,1933,-0.0356,0.0069,437874,0.0233,0.0239,328,0.0496,0.1799,0.8886,0.1899,-0.4135,0
202502,06045,"mendocino, ca",595000,-0.0067,-0.1327,312,0.0196,0.2216,100,-0.0913,-0.204,80,-0.1304,0.1765,0,,,68,0.2593,0.8889,75,0.2845,-0.0387,381,0.0183,0.0257,1607,-0.0383,-0.0902,864817,0.0395,-0.1643,386,0.0605,0.17,0.2392,0.0493,-0.0648,1
202502,22091,"st. helena, la",319900,0.3246,1.1405,10,0,0,158,0.1053,0.4063,0,,,0,,,4,0,,4,0.3333,1,112,-0.0197,0.0451,2433,0.1306,0.6378,311355,0.2698,0.5143,14,0.0769,0.1667,0.4,0.1,0.2,1
202502,40003,"alfalfa, ok",172500,0.0781,0.38,15,0.0714,1,132,0.1914,1.1245,2,0,0,0,,,0,-1,,2,-0.25,,83,0.0319,-0.0501,1758,0.0953,0.188,300178,0.007,1.5802,17,0,1.2,0.1,-0.0429,,1
202502,40063,"hughes, ok",162850,-0.1429,0.1659,38,0.0417,0.1364,89,-0.2563,0.0473,10,0.25,-0.1667,0,,,8,1,0.3333,12,0,0.4375,86,-0.0435,0.0537,1480,-0.134,0.0587,364504,-0.0784,0.449,49,0.0208,0.1807,0.3067,-0.0128,0.0642,0
202502,18181,"white, in",246225,0.0943,-0.1205,49,-0.1009,0.4,91,0.2313,0.1492,12,0.5,-0.3333,0,,,8,-0.4286,-0.2,18,0.4,-0.2391,173,0.0101,-0.0208,1744,0.1463,-0.0565,333991,0.1077,-0.0325,66,-0.0294,0.1379,0.3571,0.1278,-0.3,1
202502,29186,"ste. genevieve, mo",299450,-0.0635,-0.0378,34,0.0635,0.1552,92,0.0671,1.8819,14,0.75,-0.125,0,,,14,2.5,2.5,9,-0.4333,-0.32,149,0.0268,-0.1918,1820,-0.1886,0.0111,318068,-0.0275,-0.1903,43,-0.0761,0.0119,0.2537,-0.2225,-0.1773,1
202502,29071,"franklin, mo",296375,0.0401,0.0285,229,0.0603,0.0653,73,-0.0267,0.3905,116,0.381,-0.0938,6,-0.25,-0.8125,56,0,-0.1515,143,0.092,-0.007,184,0.0268,0.0107,1610,-0.0006,0.014,351319,0.0351,0.0323,374,0.0809,0.0418,0.6236,0.0181,-0.0454,0
202502,34037,"sussex, nj",399950,-0.0333,-0.0063,289,-0.0153,0.023,50,-0.1304,0.1236,144,0.125,-0.2174,2,0,-0.6667,48,0.4118,0.2632,187,-0.1095,-0.0765,262,-0.0032,0.0906,1908,0.0475,0.0077,573239,0.0274,0.1941,478,-0.0459,-0.0083,0.6471,-0.0684,-0.0698,0
202502,29113,"lincoln, mo",317200,-0.0292,0.0434,95,-0.0644,-0.0053,45,-0.3456,-0.1359,70,0.75,0.25,2,,,18,-0.3571,-0.3077,70,0.5109,0.0451,175,0.0038,-0.0979,1920,-0.0671,0.1504,383964,-0.0052,0.0328,169,0.1736,0.0464,0.7354,0.28,0.0354,0
202502,21141,"logan, ky",267050,-0.0227,0.0275,83,0.0122,0.5514,67,-0.0629,0.0551,28,0,0.75,0,,,22,0,0.375,33,0.1786,-0.2235,157,-0.0006,0.1633,1747,-0.0061,0.0016,298694,-0.0413,0.0474,114,0.0364,0.2063,0.3976,0.0561,-0.3968,1
202502,26099,"macomb, mi",277000,0.0169,-0.0445,1212,-0.0699,0.2343,45,-0.1346,0.0778,748,0.0247,-0.0311,30,-0.375,-0.375,350,-0.0591,0.1986,995,0.1187,0.0619,183,0.0006,-0.0343,1516,0.0036,-0.0313,358364,0.0158,-0.0721,2200,0.0007,0.1464,0.8209,0.1383,-0.1333,0
202502,48287,"lee, tx",367250,0.21,0.1659,40,0.0256,0.2121,97,-0.1019,0.0868,10,1.5,-0.1667,0,,,8,0,0.3333,6,-0.0833,-0.2143,208,0.1257,0.1757,1710,0.1052,-0.0395,599025,0.1586,0.1118,45,0.0227,0.1111,0.1375,-0.0163,-0.0746,0
202502,37193,"wilkes, nc",349900,-0.0001,-0.0756,111,-0.0826,0.4605,106,0.0925,0.6098,34,0.5455,-0.0556,2,,,30,0.0714,-0.0625,64,0.1981,0.1043,246,0.0643,0.0797,2133,-0.03,0.0194,595651,0.0309,-0.6493,173,-0.0029,0.3106,0.5721,0.1341,-0.1845,0
202502,21079,"garrard, ky",383425,0.081,0.2224,49,-0.1849,0.2597,89,0.096,0.3615,16,0.3333,0.3333,0,,,12,-0.1429,-0.3333,26,0.1556,0.5758,163,-0.0202,-0.0193,2218,0.0955,0.2321,477279,0.0335,0.2771,76,-0.0904,0.3604,0.5361,0.1579,0.1075,0
202502,08063,"kit carson, co",283725,0.0913,-0.1876,15,-0.2105,-0.1667,110,0.0732,0.4667,6,,-0.25,0,,,4,1,0,6,0.5714,0.1,124,0.0365,0.0669,2518,0.0074,-0.054,341584,-0.002,-0.1786,20,-0.1304,-0.1489,0.3667,0.1825,0.0889,1
202502,30055,"mccone, mt",362500,0,0.1154,2,0,-0.6,,,,0,,,0,,,0,,,,,,96,0,-0.0374,3756,0,0.1246,362500,0,0.2675,2,0,-0.6,,,,0
202502,21107,"hopkins, ky",222694,-0.0102,0.1426,104,-0.0327,0.5923,72,0.166,0.1755,30,-0.2105,-0.2105,0,,,30,0.25,0.5,46,0.1667,0.2639,133,0.0326,0.0515,1602,-0.0284,0.0524,275275,0.0201,-0.0601,150,0.0136,0.495,0.4396,0.0751,-0.1142,0
202502,01061,"geneva, al",217950,0.0093,0.1707,61,0.1845,0.8769,63,-0.2063,0.1211,30,1.5,0.875,0,,,14,-0.2222,1.3333,22,0.1622,1.0476,121,0.1091,0.0375,1700,-0.0048,0.1149,236862,-0.0233,-0.0678,83,0.1773,0.908,0.3525,-0.0068,0.0294,1
202502,48201,"harris, tx",339000,-0.0009,-0.0145,14317,0.0205,0.3095,50,-0.1538,0.125,5220,0.1615,0.058,632,0.1246,0.5721,4396,0.171,0.2929,4557,0.1656,-0.0903,169,0.0014,-0.0185,1995,-0.0005,-0.0072,476943,0.0056,-0.087,18868,0.0507,0.1838,0.3183,0.0396,-0.1399,0
202502,26059,"hillsdale, mi",257500,0.0004,0.0252,108,-0.0315,0.558,86,0.1026,-0.0058,24,-0.2941,-0.2,0,,,30,-0.1667,0.875,34,0.1724,-0.1807,141,-0.0327,0.013,1812,0.026,0.0578,313725,0.0215,-0.0642,142,0.0216,0.2851,0.3163,0.055,-0.2852,0
202502,35013,"do�a ana, nm",372800,0.0032,-0.0058,629,0.0145,0.0501,88,-0.0222,0.3538,194,0.1149,-0.0762,22,2.6667,0.2222,156,0.322,0.322,255,0.1333,0.0345,189,-0.003,0.0252,2009,0.0029,-0.0595,438797,-0.0197,-0.0042,873,0.0313,0.0307,0.4054,0.0425,-0.0061,0
202502,27041,"douglas, mn",379000,0.0174,-0.0488,70,-0.0968,0.1024,89,0.0599,0.7101,30,0.6667,-0.0625,0,,,10,-0.375,-0.4444,46,-0.0215,0.5965,203,0.0497,0.0219,1783,-0.052,-0.1252,500408,0.0184,0.0973,116,-0.0531,0.2609,0.65,0.05,0.2012,0
202502,22107,"tensas, la",583000,0.132,-0.0574,13,0.4444,0.3,180,0.1809,0.841,6,,2,0,,,0,,,1,0,0,303,0.4025,0.2384,1964,0,-0.2254,623397,0.0037,0.129,14,0.4,0.4,0.0769,-0.0342,-0.0231,1
202502,20025,"clark, ks",205000,-0.5434,0.5478,3,2,0.5,19,-0.791,-0.7218,0,,,0,,,0,,,,,,140,-0.4125,1.3815,1890,0,-0.0045,264333,-0.4113,0.9957,3,2,-0.25,,,,1
202502,08065,"lake, co",654450,-0.014,0.1661,37,-0.075,0.0882,96,-0.107,-0.0303,6,0,-0.25,0,,,2,-0.5,0,17,0.3077,0.4167,446,0.076,-0.0169,1776,0.0394,0.1617,1387949,0.0535,0.138,54,0.0286,0.1613,0.4595,0.1345,0.1065,0
202502,48013,"atascosa, tx",302500,0.01,-0.0178,167,-0.0177,0.332,77,0.0033,-0.0192,42,0.1667,-0.0455,2,-0.8889,-0.5,68,0.8889,1.125,45,0.4355,0.1867,178,-0.0168,-0.0223,1644,0.007,0.04,340557,-0.0059,-0.116,212,0.0574,0.2966,0.2673,0.0844,-0.0327,0
202502,20099,"labette, ks",129675,-0.0412,0.4611,59,0.0536,0.4937,91,-0.0641,0.4898,16,0.3333,0.1429,0,,,14,0.1667,0.75,26,0.186,0.6452,84,-0.0133,0.3013,1562,-0.0202,0.1006,158886,-0.0823,0.1928,83,0.071,0.5229,0.4322,0.0483,0.0398,0
202502,19189,"winnebago, ia",167000,0.0114,-0.0717,43,0.2319,1.0732,105,-0.0768,0.3408,14,1.3333,0.4,0,,,8,3,,5,-0.0909,-0.1667,117,0.0148,-0.0692,1368,-0.0062,-0.0934,175981,-0.0249,-0.0618,47,0.1605,0.7736,0.1176,-0.0418,-0.175,0
202502,18075,"jay, in",118650,-0.0834,-0.228,23,-0.2241,0.0976,99,0.2774,0,8,-0.2,-0.3333,0,,,6,-0.625,0,16,-0.0882,-0.3673,86,-0.0605,0.0232,1530,0.0512,-0.0856,120646,-0.1267,-0.3146,37,-0.1778,-0.1868,0.6889,0.1027,-0.5062,1
202502,31061,"franklin, ne",169375,0.0788,0.0265,6,-0.3889,-0.1538,108,0.4272,0.1744,0,-1,-1,0,,,4,,,8,1.5,2,68,-0.2951,-0.219,2892,0.6853,0.5765,263700,0.2789,0.1171,13,0.0833,0.625,1.3636,1.0303,0.979,1
202502,48113,"dallas, tx",377000,0.0053,-0.048,5663,0.0508,0.4615,49,-0.2761,0.1829,2378,0.0321,0.0215,78,-0.1522,0.1143,2290,0.2652,0.4066,1987,0.1678,-0.0331,216,0.0091,-0.0145,1820,-0.0001,-0.0215,666859,0.0226,-0.0426,7649,0.0832,0.2905,0.3509,0.0352,-0.1795,0
202502,53003,"asotin, wa",399900,0.019,-0.064,66,-0.0576,0.1909,61,0.0522,-0.5616,14,-0.5333,-0.4167,0,,,18,-0.1818,2,27,0.2927,0.1778,206,-0.0267,-0.0884,1874,-0.0219,-0.1386,456490,0.0035,-0.2206,91,0.0168,0.1667,0.4046,0.1096,-0.0045,0
202502,47017,"carroll, tn",251250,-0.0326,-0.0355,105,-0.0411,0.5441,113,0.1771,0.3614,12,-0.5,-0.5385,0,,,20,-0.375,0.4286,31,-0.0317,0.2449,146,-0.009,0.0529,1799,0.0093,-0.0085,317566,0.0388,-0.0812,135,-0.0459,0.4516,0.2905,0.0028,-0.0698,0
202502,29055,"crawford, mo",232450,0.059,0.0131,46,-0.2018,0.2466,71,0.0217,0.0805,18,0.8,-0.1,0,,,14,2.5,1.3333,24,0.7778,0.2632,156,0.0038,0.0989,1751,-0.0275,0.0493,301536,-0.0209,0.0476,69,-0.0143,0.2212,0.5275,0.2906,0.0069,0
202502,42001,"adams, pa",399675,-0.0006,-0.0006,154,0.066,0.312,44,-0.2036,-0.4054,98,0.3243,0.3611,4,0,1,32,-0.0588,0,125,0.2136,0.2136,194,-0.0432,-0.1091,1921,0.0119,0.0334,403562,-0.0072,-0.0656,278,0.1098,0.2551,0.8143,0.0991,-0.066,0
202502,17077,"jackson, il",130675,0.0517,0.436,116,-0.0973,-0.0413,100,0.005,0.1725,28,1,-0.44,0,,,22,0.1,0.1,51,0.2949,0.1744,88,0.0378,0.3967,1583,0.0384,0.02,193962,0.0295,0.2576,165,-0.0208,-0.003,0.4353,0.1318,0.08,0
202502,22039,"evangeline, la",136000,-0.0055,-0.2091,33,-0.0972,-0.1558,82,0.1424,-0.1897,12,0,0.5,0,,,14,0.75,-0.3,17,0.3077,2.0909,68,0.0356,-0.1789,1775,0.0146,-0.1284,154722,-0.0038,-0.3007,50,0,0.1,0.5231,0.162,0.3802,1
202502,06091,"sierra, ca",543250,0.0154,-0.5104,16,-0.0606,0.55,122,0.1221,-0.3102,4,1,,0,,,4,0,,5,0.125,0.125,248,0.0239,-0.4705,1994,-0.0222,-0.1405,2336188,-0.0009,-0.2809,20,-0.0476,0.4286,0.2903,0.0479,-0.1097,1
202502,18047,"franklin, in",280725,0.0966,0.1118,42,-0.087,0.3125,81,0.0733,-0.064,16,0.1429,0.6,0,,,6,-0.5714,,6,-0.1429,-0.4286,137,-0.011,0.0306,2058,0.0479,0.0436,367624,0.0511,0.0485,48,-0.0943,0.1429,0.1429,-0.0093,-0.1853,0
202502,26067,"ionia, mi",271250,0.0534,-0.0397,63,-0.1127,0.3696,57,0.0558,-0.1466,52,0.5294,0.3684,2,,,30,0.3636,1.5,59,0.3,-0.041,150,-0.0215,0.011,1830,0.1372,0.1497,298644,0.0617,-0.0087,122,0.0705,0.1571,0.9286,0.2948,-0.3975,0
202502,39167,"washington, oh",262450,0.0204,0.0046,82,-0.0412,0.0188,97,0.1279,0.4981,42,2,0.05,0,,,24,-0.1429,-0.2,40,-0.1111,-0.1398,121,-0.0173,-0.02,2019,0.0502,-0.0199,316898,0.0637,-0.0436,123,-0.0502,-0.0238,0.4908,-0.0386,-0.0905,0
202502,47077,"henderson, tn",276933,-0.0451,-0.0753,73,0.0662,0.4078,93,0.0109,0.128,18,0,-0.1818,0,,,16,-0.3846,0.3333,21,0.5556,0.1351,163,-0.0082,0.0225,1645,-0.1123,-0.2356,357035,-0.093,-0.0907,94,0.1543,0.3453,0.2897,0.0911,-0.0696,0
202502,27171,"wright, mn",442750,0.012,0.0385,371,0.0041,0.1576,39,-0.2667,0.0132,216,0.125,-0.0357,18,-0.1,3.5,90,0.0227,0.6667,216,0.1972,0.0336,201,0.0071,-0.0422,2135,0.0147,0.0303,466115,0.0163,-0.0131,587,0.0673,0.1225,0.5809,0.0937,-0.0697,0
202502,45005,"allendale, sc",180000,0.0385,0.2123,11,-0.0455,1.1,101,0.2949,0.9612,2,,-0.5,0,,,0,-1,,,,,101,-0.0295,-0.1845,2504,0.0735,0.6165,425311,0.0281,1.5203,11,-0.1923,0,,,,0
202502,41011,"coos, or",436000,-0.0191,0.0259,205,-0.0145,0.1298,96,-0.07,0.0815,74,0.1563,0.6087,12,0.5,5,80,0.3793,0.1429,87,0.2794,0.1373,269,0.0214,0.0285,1800,-0.0343,0.0221,649494,-0.0318,0.0821,291,0.062,0.1594,0.4254,0.0977,0.0028,0
202502,26031,"cheboygan, mi",397500,-0.0357,0.0769,53,-0.0367,0.0396,71,-0.1577,-0.4547,26,0.8571,0,0,,,2,-0.5,-0.5,20,0.6,0.4286,233,-0.02,0.1943,1486,-0.0444,-0.2548,677183,-0.0266,0.0657,70,0.0687,0.0853,0.381,0.1516,0.1037,0
202502,01131,"wilcox, al",319950,0.0669,0.1341,16,0.1429,-0.2727,81,-0.325,-0.2603,6,0.5,-0.25,0,,,2,,,3,0.6667,0.25,102,0.0542,-0.2068,2604,0.026,0.4539,454789,0.014,0.5897,19,0.2258,-0.2083,0.1563,0.0491,0.0653,0
202502,27143,"sibley, mn",298850,-0.0106,0.1837,27,0,0.2326,54,-0.3089,-0.1749,12,0.5,0.5,0,,,4,0,-0.6,14,0.2857,0.4211,155,0.0161,0.3218,1885,-0.0336,-0.0134,349596,0.0363,0.2899,40,0.0533,0.2742,0.5094,0.1132,0.0676,0
202502,49057,"weber, ut",489849,-0.0063,-0.08,710,0.0085,0.47,64,-0.1327,0.0625,296,-0.1494,0.1298,18,-0.4706,-0.1,304,0.0704,0.551,331,0.2062,0.003,236,0.0111,0.0213,2152,0.0041,-0.0555,656208,-0.0013,-0.116,1039,0.064,0.2733,0.4655,0.0763,-0.2167,0
202502,17083,"jersey, il",207463,0.2261,-0.0451,38,-0.1279,0.5,79,0.1321,0.5314,18,0,-0.25,0,,,8,-0.6667,0.3333,28,0.7188,0.4103,147,0.1018,0.1736,1662,0.0005,-0.0991,318326,0.0664,-0.0363,65,0.0656,0.4607,0.7333,0.3612,-0.0467,0
202502,05077,"lee, ar",139950,-0.0342,0.8976,10,0.1111,0.6667,136,0.1826,1.2387,0,-1,,0,,,0,,,2,0,0,77,-0.0232,0.2655,1762,-0.0178,0.375,168218,-0.0799,0.7101,12,0.0909,0.4118,0.2,-0.0222,-0.1333,1
202502,18105,"monroe, in",380975,0.1125,-0.1051,310,0,0.5831,72,-0.1875,0.4896,138,0.6429,0.0615,0,-1,,64,0.2308,0.4545,141,0.351,0,203,0.0073,0.0298,1886,0.0636,-0.0918,437660,0.02,-0.1311,452,0.0893,0.3478,0.454,0.1179,-0.2647,1
202502,21155,"marion, ky",251700,-0.088,0.0174,33,0,0,75,0.049,-0.2084,12,0,0.2,0,,,4,0,-0.3333,10,-0.05,0.3571,155,0.0168,0.0909,1655,-0.039,-0.0762,287883,-0.0294,-0.0981,43,0,0.0494,0.2879,-0.0152,0.0758,0
202502,22031,"de soto, la",354725,0.0719,0.0434,79,-0.0599,0.3894,94,0.062,0.3416,12,-0.5714,-0.5,0,,,24,-0.3333,1.4,27,0.2927,0.1522,164,0.0143,-0.046,2108,0.0087,0.0433,342265,0.0161,-0.0756,103,-0.0049,0.3312,0.3376,0.0921,-0.0695,0
202502,20021,"cherokee, ks",144750,-0.0185,-0.0017,65,0,0.5476,77,-0.0255,0.0929,18,-0.1818,0,0,,,14,0.75,0.4,25,-0.1525,-0.0741,106,-0.0124,0.118,1550,-0.0316,-0.0632,175151,-0.0715,-0.0957,89,-0.0481,0.3383,0.3846,-0.0692,-0.2582,0
202502,35055,"taos, nm",598350,0.0025,-0.0559,199,0.0153,0.2932,122,0.0727,0.2884,30,0,-0.0625,0,,,30,-0.0625,0.5,44,0,-0.0435,355,0.0095,0.0073,1747,-0.0004,-0.1265,858563,0.0992,-0.2049,242,0.0063,0.2228,0.2217,-0.0034,-0.078,0
202502,45013,"beaufort, sc",576950,-0.0368,-0.0396,1608,0.0803,0.3473,83,-0.0235,0.1942,1366,1.6576,0.9855,16,0,-0.5294,542,0.2967,0.4809,611,0.1594,-0.2713,345,-0.0158,-0.0713,1863,-0.0595,-0.0595,944556,-0.0395,-0.1205,2234,0.1095,0.101,0.38,0.0259,-0.3226,1
202502,17099,"lasalle, il",195000,0.0263,0.0864,170,-0.0342,0.1853,74,0.0963,0.0068,86,0.5357,0.1026,0,-1,,28,-0.4167,-0.3636,93,0.1923,-0.0159,128,-0.0019,0.0657,1548,0.0008,0.0223,282071,0.0409,0.1492,266,0.0473,0.1274,0.5487,0.1042,-0.1122,0
202502,48251,"johnson, tx",369750,-0.014,-0.1014,866,0.0105,0.1366,76,-0.0871,0.1095,300,0.0135,-0.0385,20,-0.3333,-0.375,350,0.3672,-0.0278,360,0.2397,0.1113,188,-0.0059,-0.0006,2044,-0.0063,-0.0692,443212,-0.0029,-0.0748,1230,0.0871,0.1342,0.4154,0.0768,-0.0095,1
202502,01049,"dekalb, al",272375,-0.0095,-0.0829,167,-0.0403,0.271,79,-0.0427,-0.1326,42,0,-0.16,2,,,52,0.3684,0.3684,43,-0.0549,-0.0753,154,0.0046,-0.0089,1813,-0.0025,-0.0707,352443,-0.019,-0.1343,211,-0.0231,0.2057,0.2583,-0.004,-0.0967,0
202502,27133,"rock, mn",307400,-0.0428,0.0292,33,0.2,0.6098,52,-0.302,-0.3067,16,1,0.3333,0,,,6,2,0.5,9,0.1333,-0.3704,155,-0.0112,0.1529,1982,-0.021,0.1226,423140,-0.1054,0.0995,41,0.1714,0.1884,0.2576,-0.0152,-0.401,0
202502,19137,"montgomery, ia",205450,0.0563,0.7128,35,-0.0548,0.725,93,0.1246,0.8408,6,-0.25,-0.25,0,,,4,-0.3333,0,15,0.6111,0.7059,114,-0.0387,0.3453,1667,0.0054,0.1856,217935,0.0695,0.3635,50,0.0879,0.7368,0.4203,0.1737,-0.0047,1
202502,36083,"rensselaer, ny",344925,0.0108,-0.0256,161,-0.0359,-0.0301,71,0.0444,-0.0537,90,0.1842,0.2162,4,1,,38,-0.24,0.0556,188,0.0053,0.0108,201,0.0164,0.0374,1801,0.037,-0.0036,412372,0.0233,-0.0246,352,-0.0057,0.0086,1.1677,0.0479,0.0472,0
202502,37101,"johnston, nc",359900,-0.0003,-0.0382,957,0.0622,0.3012,65,-0.1887,0.1316,436,-0.0224,0.1122,40,-0.3333,-0.6226,322,0.0387,0.1418,587,0.2321,0.0752,194,0.0041,0.0023,1910,-0.0017,-0.0181,406464,0.0025,0.0226,1546,0.1228,0.207,0.6129,0.0846,-0.1288,0
202502,55087,"outagamie, wi",424950,0.0399,0.066,172,-0.0997,-0.073,59,-0.0522,-0.0445,118,-0.0781,-0.1449,0,,-1,28,-0.2632,-0.125,195,0.1017,-0.0418,227,0.0232,-0.019,1886,0.0269,0.1281,489821,0.0228,0.0313,364,-0.0082,-0.0446,1.137,0.2079,0.037,0
202502,17055,"franklin, il",102400,-0.1088,-0.0623,97,0.0212,0.2293,83,0.2036,0.4391,28,0.4,-0.1765,0,,,28,0.5556,0,38,-0.0506,-0.1848,77,-0.0426,0.028,1343,-0.0233,-0.0699,147090,-0.0097,0.1232,136,0.015,0.1016,0.3886,-0.0294,-0.1974,0
202502,01099,"monroe, al",177000,-0.0272,-0.0585,54,-0.0855,-0.036,107,0.1123,-0.1962,4,-0.5,-0.6,0,,,6,-0.4,0.5,1,-0.6667,-0.8182,97,-0.0201,-0.0092,2088,-0.0224,-0.0161,227571,-0.0273,0.1074,55,-0.1138,-0.0992,0.0187,-0.0326,-0.0804,0
202502,13319,"wilkinson, ga",179950,-0.0145,-0.0428,22,-0.0652,0.075,103,0.1111,0.0459,4,0,1,0,,,6,-0.25,2,7,-0.0714,0.3,111,-0.0027,0.0624,1748,-0.003,-0.1381,214770,-0.0494,0.0091,28,-0.0345,0.1429,0.3023,-0.002,0.0523,1
202502,56019,"johnson, wy",497000,-0.0506,-0.1906,35,0.0145,0.0606,123,0.1239,-0.198,10,0.6667,4,0,,,4,,1,6,0.5,0,205,-0.0006,-0.1795,2424,-0.0468,0.2073,664145,-0.0279,-0.1316,39,0.0263,0.04,0.1714,0.0555,-0.0104,1
202502,27109,"olmsted, mn",499950,0.0049,0.1531,275,-0.0214,0.2173,82,-0.0266,0.2051,166,0.4068,0.0375,4,-0.3333,0,52,-0.0714,0.3,221,0.2924,0.0068,215,0.0013,0.0507,2374,0.0036,0.0851,643630,0.0388,0.1492,498,0.0933,0.1191,0.8051,0.1955,-0.1683,0
202502,40073,"kingfisher, ok",295000,0.0727,-0.0936,64,0.2095,0.6076,52,-0.3697,-0.2753,28,1.3333,0.5556,2,,,8,0.3333,0,12,-0.0417,-0.1154,161,-0.0411,0.0854,1846,0.0421,-0.0754,329392,-0.0057,-0.2133,75,0.1538,0.4286,0.1811,-0.0475,-0.148,0
202502,22021,"caldwell, la",186500,-0.1077,0.131,18,0.0294,0.1667,93,0.1168,-0.1119,4,0,0,0,,,2,0,,4,0.4,-0.125,103,0.044,-0.0876,2059,-0.0153,0.2359,376864,-0.0055,0.7482,21,0.0769,0.1053,0.2,0.0529,-0.0667,0
202502,48391,"refugio, tx",201788,-0.1271,0.0541,35,0.0615,0.15,115,-0.2315,0.2758,8,1,0.3333,0,,,8,0,1,4,2.5,-0.4615,157,-0.026,0.0699,1384,0.122,-0.1604,298186,-0.094,0.0209,38,0.1343,0.0857,0.1014,0.0707,-0.1152,0
202502,50003,"bennington, vt",623125,0.0403,-0.1168,105,-0.0752,0.3397,138,0.1803,0.4865,22,0.2222,-0.5217,0,-1,,10,-0.375,-0.1667,52,-0.0877,0.4247,263,-0.0177,-0.065,2459,0.018,-0.0993,1025538,-0.0068,-0.0694,156,-0.085,0.3624,0.4976,-0.0068,0.0297,1
202502,22077,"pointe coupee, la",385850,0.0705,0.2862,54,-0.0446,0.0808,118,0.1622,0.075,8,-0.3333,-0.3333,0,,,10,0.25,-0.1667,12,-0.1154,-0.3784,160,-0.0125,-0.0025,1995,-0.0015,0.118,475514,0.0266,0.3067,65,-0.0652,-0.0584,0.215,-0.0172,-0.1588,0
202502,20199,"wallace, ks",298500,0,0.7418,5,0,1.5,167,0.2022,0.3817,0,,,0,,,0,,,,,,105,0,1.4575,2404,0,-0.1302,292860,0,0.7089,5,0,1.5,,,,1
202502,31027,"cedar, ne",287000,-0.0401,-0.1368,12,0.15,0.0455,147,0.225,-0.0577,4,1,,0,,,0,,,3,-0.6471,0,126,-0.036,-0.1159,2153,-0.0024,0.1564,287169,-0.0882,-0.1266,14,-0.2821,0.037,0.2609,-0.5891,-0.0119,1
202502,54101,"webster, wv",106000,-0.1508,0.325,9,-0.1818,0,108,-0.191,0.1967,0,,-1,0,,,0,,-1,3,0.25,0.25,109,-0.0161,-0.2234,1200,-0.0385,-0.0551,166000,-0.0152,0.2262,12,-0.1111,0.0909,0.2778,0.096,0.0556,1
202502,06103,"tehama, ca",402450,-0.036,0.0202,203,0.0227,0.3729,99,-0.0729,0.3873,62,0.1923,0.2917,2,0,,58,0.1154,0.9333,67,0.4105,0.5581,244,0.0031,0.005,1692,-0.0298,0.0289,510637,-0.0026,-0.0207,267,0.0967,0.4101,0.3309,0.091,0.0393,0
202502,16017,"bonner, id",832625,0.0185,0.0415,313,-0.1354,0.1657,76,-0.3274,-0.2897,102,0.4167,0.5,0,-1,-1,60,0.5,0.5,83,0.0993,0.2481,436,-0.0003,0.0629,1915,0.0272,0.0076,1253611,0.0022,0.0017,396,-0.1031,0.191,0.2652,0.0566,0.0175,0
202502,31007,"banner, ne",450000,0.2329,0.2016,1,-0.5,-0.8333,181,0.9305,0.4157,0,,,0,,,0,,,1,1,,349,0,0.8654,1288,0,-0.202,450000,0.2329,-0.2673,2,0,-0.6667,1,0.75,,1
202502,39149,"shelby, oh",274875,0.0144,0.2163,75,0.1628,0.6667,56,-0.1429,-0.2397,32,-0.1111,0.1429,0,-1,-1,18,-0.1818,-0.1818,40,0.1268,-0.0361,167,0.0157,0.2436,1655,0.0041,-0.0578,311538,-0.0016,0.1017,112,0.1378,0.2743,0.5333,-0.0171,-0.3889,0
202502,29147,"nodaway, mo",177750,0.0337,-0.2338,54,0.0286,0.6615,88,0.0802,0.4,18,3.5,0.2857,0,,,8,1,-0.2,18,0.0909,-0.0769,119,0.0334,0.1188,1623,0.0015,-0.1914,239941,0.0417,0.0147,72,0.0213,0.3981,0.3333,0.019,-0.2667,1
202502,32007,"elko, nv",502550,0.1958,0.1854,123,-0.1661,-0.1661,73,-0.2601,-0.2783,38,-0.0952,-0.05,0,-1,-1,22,-0.1538,0,77,0.3509,0.1324,227,0.01,0.0101,2265,0.017,0.0237,511523,0.229,0.2902,203,-0.0073,-0.0536,0.626,0.2396,0.165,0
202502,13259,"stewart, ga",102250,0.1057,-0.7594,7,0.625,0.1818,19,-0.8808,-0.6797,4,,0,0,,,0,,,5,0.125,0.8,70,0.1505,-0.1952,1730,-0.0583,-0.3761,193080,-0.0448,-0.5318,11,0.2941,0.4667,0.6923,-0.3077,0.2378,1
202502,50021,"rutland, vt",512000,0.0248,0.2611,148,-0.0752,0.4251,91,0.0647,0.2027,60,0.5789,0.2,2,,,26,-0.0714,0.1818,81,0.2778,1.3333,237,0.0033,0.0642,2235,-0.067,0.1592,934308,0.0429,0.7468,226,0.0296,0.6377,0.5458,0.1508,0.2124,0
202502,13265,"taliaferro, ga",287499,-0.0417,1.3195,7,-0.0667,0.75,135,0.3491,0.5959,0,,,0,,,0,,,1,0,-0.5,158,0,1.193,1503,0.0351,-0.1975,362629,0.0676,0.994,9,0.0625,0.4167,0.1429,0.0095,-0.3571,1
202502,13089,"dekalb, ga",310000,-0.0235,-0.1112,2670,0.0894,0.5008,51,-0.15,0.2289,1124,0.1684,0.1882,46,0,0.3529,1126,0.2738,0.8045,845,0.1283,-0.1262,188,0.0016,-0.0742,1696,-0.0132,-0.0677,421603,-0.0148,-0.1235,3487,0.1038,0.2898,0.3163,0.0109,-0.227,1
202502,30103,"treasure, mt",485000,0,0.4775,3,0,0.5,96,0.4148,-0.3154,0,,,0,,,0,,,0,-1,-1,199,0,-0.0791,2146,0,0.4944,966667,0,1.9449,3,-0.1429,0,0,-0.3333,-0.5,0
202502,05143,"washington, ar",390150,0.0069,-0.0229,646,0.0094,0.2145,63,-0.0803,-0.0562,310,0.0616,0.0993,14,0,-0.5882,168,-0.1429,0.12,489,0.1533,0.1164,210,-0.0013,0.0304,1898,0.0021,-0.0427,542221,-0.0111,0.0345,1138,0.069,0.1817,0.7576,0.0945,-0.0665,0
202502,51510,"alexandria, va",628300,0.1337,-0.2022,172,0.1173,0.768,21,-0.4459,-0.0465,166,0.3387,0.0779,4,1,,56,0.8667,1.8,126,0.1009,-0.0634,434,0.0444,-0.1217,1237,0.0004,-0.0597,909336,0.026,-0.1701,298,0.1205,0.2907,0.7318,-0.0109,-0.6497,1
202502,27119,"polk, mn",265000,0.1046,0.2559,67,-0.1355,-0.0946,90,-0.019,-0.1384,24,3,0.2,0,,,0,-1,-1,28,0.8667,0,116,0.0669,0.0988,2226,0.0489,0.0545,336444,0.0709,0.244,96,0.0378,-0.068,0.4179,0.2244,0.0395,0
202502,42037,"columbia, pa",272400,0.1846,0.0696,61,-0.1037,0.2604,76,0.1439,-0.1925,30,0.1538,0.6667,0,,,22,0,0.5714,50,0,-0.0385,145,-0.0053,0.0002,1724,0.01,-0.0597,310033,0.0374,0.0563,111,-0.0596,0.1162,0.8264,0.0857,-0.2569,0
202502,26121,"muskegon, mi",259900,0.0505,0.0421,318,-0.1372,-0.0124,66,0.0115,-0.0259,122,-0.1408,-0.2907,4,0,0,118,0.2292,0.3409,226,0.1868,-0.0425,166,0.0345,0.0133,1484,0.0041,0,358380,0.0237,0.0669,543,-0.026,-0.0295,0.7102,0.1939,-0.0223,0
202502,26055,"grand traverse, mi",444500,0.0107,0.0218,341,0.0225,0.3294,93,-0.0628,0.5672,88,-0.102,-0.3125,4,-0.5,0,50,-0.0741,0.25,134,0.019,0.1074,306,-0.0007,-0.0319,1499,0.0178,0.0322,711161,-0.0134,0.1254,473,0.0339,0.255,0.393,-0.0013,-0.0788,0
202502,55123,"vernon, wi",317500,-0.035,0.1602,56,-0.0177,0.7903,76,0.0704,0.216,10,-0.2857,0,0,,,4,-0.6667,0,11,-0.1538,-0.12,186,0.0615,0.2656,1596,-0.1329,-0.1567,340946,-0.0796,-0.0903,66,-0.0576,0.4886,0.1982,-0.0319,-0.205,0
202502,48103,"crane, tx",202400,-0.165,-0.1652,9,0.2857,0.2,41,-0.67,-0.7007,4,,,0,,,0,,-1,2,0.5,-0.4,139,-0.0463,0.0908,1559,-0.0628,-0.1463,209776,-0.0129,-0.2274,10,0.1765,0,0.1667,0.0238,-0.1667,1
202502,46033,"custer, sd",799450,-0.0956,0.291,37,0.0429,0.1061,108,0.046,-0.0092,10,1.5,1.5,0,,,4,0,-0.6,5,-0.1,-0.55,338,-0.0104,0.1112,2411,-0.001,0.1043,1011380,-0.0509,0.1326,41,0.0125,-0.0471,0.1233,-0.0196,-0.1797,1
202502,48133,"eastland, tx",212000,-0.014,-0.0281,117,0.0986,0.5918,67,0.0269,-0.3325,26,-0.1333,0.625,0,,,16,0.3333,-0.1111,12,-0.3235,-0.3784,136,0.0063,0.0454,1631,-0.0201,0.0035,332398,-0.0217,-0.0502,129,0.0445,0.4022,0.0983,-0.0613,-0.1534,0
202502,30093,"silver bow, mt",344538,0.0577,0.1485,108,-0.0442,0.064,91,-0.162,0,28,-0.0667,0,0,,,18,-0.25,0.2857,50,-0.0476,0.0101,213,0.058,-0.0868,1894,0.0235,0.2387,482592,0.036,-0.0765,157,-0.0485,0.0432,0.463,-0.0016,-0.0247,0
202502,13153,"houston, ga",311720,0.033,0.0487,437,-0.0643,-0.1654,60,-0.0083,0.202,264,0.2571,-0.2189,16,-0.75,-0.619,128,0.2549,0.1034,405,0.1111,-0.0919,147,0.0027,-0.0118,2069,0.034,0.0531,344430,0.0269,0.0842,829,0.0042,-0.1279,0.9278,0.1465,0.0751,0
202502,41071,"yamhill, or",580940,0.0126,0.006,256,0.0159,0.1182,82,-0.1108,0.3651,92,-0.0213,0.0222,28,0.2727,0.5556,88,0.0233,0.1282,112,0.1034,-0.1004,310,0.0202,0.0617,2019,-0.0062,-0.0019,936753,0.0311,0.0802,368,0.0575,0.0366,0.4384,0.0348,-0.1065,0
202502,01117,"shelby, al",400321,0.0135,0.0049,803,-0.0201,0.2031,65,-0.0845,-0.0152,384,0.3061,0.0726,18,-0.4706,0.5,212,-0.0093,0.2184,483,0.285,-0.0998,183,0.0015,0.0115,2264,0.0041,-0.0011,515667,0.0156,0.0696,1274,0.0617,0.0581,0.6012,0.1428,-0.2024,0
202502,48231,"hunt, tx",317900,-0.0056,-0.0148,674,0.022,0.2789,70,-0.109,0.0491,218,0.2247,-0.1417,4,-0.3333,-0.875,234,0.1143,0.2188,182,0.2782,-0.1578,179,-0.0052,-0.0276,1887,-0.0004,0.019,408246,-0.0058,-0.0683,855,0.0446,0.1563,0.2693,0.054,-0.1396,0
202502,22085,"sabine, la",289375,0.0372,-0.0665,106,0.0498,0.4067,126,-0.0616,0.0182,28,0.4,0.4,0,,,20,1,1.5,13,1,1.1667,180,0.0168,-0.0656,1833,0.0282,0.0266,395411,0.0088,0.0699,117,0.1038,0.4444,0.1232,0.0585,0.0432,0
202502,22005,"ascension, la",383445,0.0093,-0.0188,393,-0.026,0.3367,86,0,0.2788,120,-0.0909,0,8,1,3,112,-0.0345,0.3023,160,0.2261,0.1552,174,0.0008,0.0243,2120,0.0362,-0.0412,418103,0.0119,-0.037,551,0.0271,0.2743,0.4071,0.0837,-0.064,0
202502,38019,"cavalier, nd",161500,-0.0444,0.455,7,0.0769,1,130,-0.0389,1.7606,6,,,0,,,0,,,5,,-0.2308,91,0,0.6233,2149,0.0207,0.0729,210080,-0.0127,0.5592,12,0.8462,0.2,0.7143,,-1.1429,1
202502,54059,"mingo, wv",160000,-0.0533,0.3502,20,-0.1333,0.3929,144,0.2928,0.4138,2,,-0.5,0,,,0,-1,,7,0.625,0.625,93,-0.0303,0.1379,1734,-0.1357,0.1326,172171,-0.0623,0.322,26,-0.037,0.4054,0.3333,0.1556,0.0476,0
202502,55043,"grant, wi",276175,0.0425,0.0624,66,0,0.31,95,-0.1241,0.0855,26,0.625,0.1818,0,,,8,0,0,32,0.2075,-0.1111,153,0.0201,0.1079,1923,0.0485,-0.0184,390317,0.0668,0.07,97,0.043,0.1279,0.4885,0.084,-0.2315,0
202502,48029,"bexar, tx",296745,0.0059,-0.0109,6960,-0.0078,0.1583,72,-0.0204,0.1613,2442,0.1401,-0.0439,198,0.0313,-0.3694,3014,0.2104,0.2183,2408,0.1588,-0.0374,170,0.0048,-0.0233,1788,0.0034,-0.0137,379464,0.0162,-0.0228,9364,0.0275,0.1059,0.346,0.0498,-0.0703,0
202502,26145,"saginaw, mi",169900,-0.0112,0.0965,319,-0.0377,0.1173,55,-0.128,-0.2324,168,0.2353,0.2174,2,,0,116,-0.0794,0.4146,173,0.1931,0.0237,111,0.006,0.0712,1556,0.0071,0.0683,223020,-0.0081,0.1001,488,0.035,0.0773,0.5423,0.1049,-0.0496,0
202502,12105,"polk, fl",340000,-0.0017,-0.0286,5057,0.0393,0.3516,81,-0.0471,0.1571,1602,0.114,-0.0099,208,-0.2925,0.0505,2224,0.1656,0.4112,1606,0.2568,-0.114,194,-0.0046,-0.0222,1817,0.0053,-0.0033,388365,-0.0012,-0.0622,6662,0.085,0.1997,0.3175,0.0549,-0.1668,0
202502,51193,"westmoreland, va",345600,0.0168,-0.0124,133,0.0558,0.274,91,-0.0054,0.2586,44,0.5714,0.2222,2,,-0.5,18,1.25,-0.1,45,0.0843,-0.2373,240,0.0011,-0.0003,1501,0.0007,-0.0161,415387,0.0304,-0.1007,177,0.0663,0.1028,0.3396,0.0089,-0.2277,0
202502,51147,"prince edward, va",349917,0,0.0728,55,-0.0909,0.375,101,0.206,-0.0381,14,0.4,-0.125,0,,,12,-0.4545,0,22,0.375,-0.2414,191,-0.0164,0.0108,1800,0,0.048,468825,-0.0002,0.3329,78,0.0131,0.1151,0.4,0.1355,-0.325,0
202502,51059,"fairfax, va",812500,-0.0015,-0.1384,957,0.0675,0.47,22,-0.3904,-0.2124,942,0.2904,0.0979,40,0.6667,-0.1667,214,0.3896,0.597,817,0.2437,-0.0349,381,0.0002,0.0265,2075,-0.0049,-0.2051,1530000,-0.0437,-0.1378,1773,0.1365,0.1848,0.8532,0.1209,-0.4464,1
202502,27003,"anoka, mn",459450,0.0315,0.028,416,-0.0024,0.0097,37,-0.2576,-0.0982,326,0.2937,-0.185,16,0.1429,-0.1111,110,0.1702,0.4103,358,0.0014,-0.1486,210,0.02,-0.0091,2012,-0.0149,0.039,530751,0.0318,0.0829,782,0.0189,-0.0607,0.8616,0.0033,-0.1603,0
202502,26105,"mason, mi",292450,0.0456,-0.2586,77,-0.0435,0.2941,118,0.2487,0.1859,14,0.75,-0.4615,2,,,10,-0.5455,-0.375,15,-0.0333,-0.5323,208,0.0401,-0.0396,1602,-0.0005,-0.0799,386720,0.061,-0.1221,93,-0.0262,0.0276,0.1883,0.002,-0.3327,1
202502,12065,"jefferson, fl",471825,-0.1201,0.3044,38,0.0411,-0.2621,85,0.1107,0.4635,16,1.6667,-0.1111,0,,,10,1.5,-0.1667,8,-0.2381,0.6,200,-0.0477,0.0658,2240,0.0789,0.2395,546002,-0.0124,0.2955,46,-0.0213,-0.1858,0.2105,-0.0771,0.1134,0
202502,48203,"harrison, tx",319425,0.0265,-0.0646,198,-0.0199,0.0822,86,-0.0952,0.0118,38,-0.3448,-0.3214,0,,,44,0.0476,-0.3714,54,0.1263,-0.0855,150,-0.0128,-0.0078,2063,-0.0201,-0.048,392209,0.0121,-0.0112,252,0.0162,0.0679,0.2709,0.0352,-0.0497,0
202502,46109,"roberts, sd",289750,-0.0873,0.1593,12,0,0.3333,126,0.1943,2.2308,2,,,0,,,0,,,,,,131,0.0003,0.0034,2334,-0.0847,0.4337,392682,-0.0603,0.6141,12,0,0.0435,,,,1
202502,38031,"foster, nd",242000,-0.0202,-0.0281,3,0,-0.4,69,0.4421,-0.2827,0,,-1,0,,,0,,,,,,134,-0.0202,-0.0798,2496,0,0.447,317167,0,0.3625,3,0,-0.5,,,,1
202502,17141,"ogle, il",272450,0.0955,0.3377,58,-0.1288,-0.065,55,-0.3433,-0.0909,42,0.5,0.1667,0,,,18,0.125,0,47,0.3099,0.1205,130,0.0788,0.2163,1881,0.0505,0.0301,312241,0.122,0.3132,104,0.035,-0.019,0.8087,0.2708,0.1339,0
202502,02188,"northwest arctic borough, ak",130000,,,1,,,14,,,0,,,0,,,0,,,1,0,,163,,,800,,,130000,,,2,1,,1,,,0
202502,27091,"martin, mn",199450,-0.0116,-0.1034,33,-0.0294,-0.3125,85,0.1888,-0.2946,14,0,-0.125,0,,,6,-0.4,-0.5714,24,0.0435,1.4,127,-0.0225,0.1309,1757,0.015,-0.0435,241879,-0.0498,-0.0562,56,-0.0345,-0.0261,0.7273,0.0508,0.5189,1
202502,17203,"woodford, il",219600,-0.0236,0.085,34,0.1525,0.3878,41,-0.0847,-0.3222,22,0.2222,0.2222,0,,,16,1.6667,0.1429,28,0.1,0.0784,108,0.0244,-0.0859,2264,0.0389,0.2157,281711,-0.0191,-0.0982,62,0.1273,0.24,0.8088,-0.0386,-0.232,0
202502,20007,"barber, ks",97425,-0.4003,-0.3478,9,-0.2609,-0.2273,143,0.179,0.0631,4,,-0.3333,0,,,0,,,4,3,1,64,-0.0691,-0.1468,1606,-0.1086,-0.1329,922962,-0.3016,0.1002,12,-0.0769,-0.0769,0.4706,0.3836,0.2888,1
202502,39173,"wood, oh",331175,-0.009,-0.0857,147,-0.0487,0.2907,67,0.019,0.4725,90,0.2857,0.1538,0,,,30,0.1538,0,123,0.1611,0.0746,172,-0.0195,0.0358,2000,-0.0087,-0.036,417593,-0.0001,-0.0233,273,0.0501,0.1926,0.8362,0.1511,-0.1682,0
202502,13157,"jackson, ga",469993,0.0102,0.0644,521,0.0389,0.3936,68,-0.1509,0.4063,224,0.3494,0.4737,16,0.6,-0.1111,146,-0.0135,0.0735,195,0.0744,-0.1631,195,-0.0051,0.0239,2497,-0.0037,0.0142,569427,0.006,0.0861,707,0.0367,0.1914,0.3746,0.0124,-0.2492,0
202502,18175,"washington, in",225000,0.0457,0.0115,62,-0.0238,0.1081,95,0.195,0.3428,12,-0.1429,-0.4545,0,,,14,-0.3,-0.2222,6,-0.2,-0.4783,132,-0.0158,-0.0122,1703,0.0542,0.0694,292648,0.0316,0.2365,66,-0.0643,-0.0296,0.0976,-0.0215,-0.1096,0
202502,28045,"hancock, ms",344250,-0.002,0.0285,334,0.0152,0.0897,99,0.0647,-0.0413,78,0.1143,-0.093,0,-1,,98,0.1136,0.1136,63,0.0678,-0.1544,203,0.0089,0.0306,1593,-0.0014,0.0005,397698,-0.0108,-0.0343,396,0.0259,0.0394,0.1886,0.0093,-0.0544,0
202502,06013,"contra costa, ca",746995,0.0393,-0.0023,1313,0.1862,0.6365,28,-0.3846,0.0769,1054,0.0604,0.3275,24,-0.0769,0.2,366,0.3456,0.8673,726,0.3908,0.0476,475,0.028,-0.044,1638,0.0096,0.0005,1047425,0.0364,-0.0787,2039,0.2533,0.375,0.5531,0.0814,-0.3109,0
202502,19165,"shelby, ia",210000,0.0653,0.0338,27,-0.1,0.1489,116,0.1802,0.0789,4,1,-0.3333,0,,,4,1,-0.6,12,-0.0417,-0.08,134,0.0035,0.0511,1583,0.0229,-0.1836,233604,0.0501,-0.0736,38,-0.0732,0.0556,0.4259,0.0259,-0.106,0
202502,21027,"breckinridge, ky",289600,0.0039,0.0889,60,-0.1176,0.0909,115,0.0798,0.1917,10,-0.375,-0.4444,0,,,22,0.375,0.375,21,0.1667,0.0244,180,0.0737,0.1152,1606,-0.0346,0.0793,330019,0.0022,0.1265,81,-0.0526,0.0946,0.35,0.0853,-0.0227,0
202502,18079,"jennings, in",249925,0,0.0613,40,-0.0909,0.3115,95,0.0763,0.229,10,-0.1667,-0.4444,0,,,18,1.25,0.125,18,0.2857,-0.1,159,0.0001,0.3045,1535,0.0107,-0.3091,304190,0.0387,0.0483,58,0,0.16,0.45,0.1318,-0.2057,0
202502,45007,"anderson, sc",324950,0.0156,-0.0002,555,0.0374,0.1635,58,-0.1831,0.1048,258,0.0078,0.0574,12,-0.5,-0.25,210,0.1053,0.1538,305,0.3319,-0.1121,173,-0.009,0.014,1871,0.0258,-0.0078,416613,0.0197,0.0431,853,0.1261,0.0447,0.5495,0.1215,-0.1706,0
202502,51570,"colonial heights, va",325713,0.0007,0.2245,27,-0.069,0.6364,41,-0.1277,-0.3279,12,0,-0.4,0,,,14,0.75,2.5,19,-0.0976,-0.3393,179,-0.0589,-0.0029,1677,0.0823,0.0837,310575,0.0055,0.0774,45,-0.0909,-0.0217,0.6852,-0.0217,-1.0118,1
202502,27141,"sherburne, mn",432700,0.0161,0.0071,165,-0.0732,0.0154,40,-0.3484,0.1866,92,0.15,-0.0417,6,-0.6667,2,40,0.0526,0.8182,127,0.012,0.1244,209,0.0098,-0.0501,1913,0.0103,0.0282,452361,0.0069,-0.0005,292,-0.03,0.0737,0.769,0.0648,0.0746,0
202502,39077,"huron, oh",227450,-0.0162,0.2316,56,-0.075,0.2065,79,0.0326,0.5771,22,-0.2143,-0.4211,0,,-1,20,0.1111,0.6667,41,0.0513,-0.2264,141,0.0138,0.1846,1570,0.0195,-0.0883,274719,0.0458,0.1897,98,0,0,0.7387,0.0887,-0.4134,0
202502,18161,"union, in",219900,0.1018,0,11,0.05,-0.4474,110,0.0304,0.236,0,,-1,0,,,2,,-0.5,3,0.5,-0.7778,169,0.1129,0.3551,1800,0.1067,-0.0521,386735,0.2589,0.5835,14,0.12,-0.5556,0.2857,0.0857,-0.4248,1
202502,47103,"lincoln, tn",298000,0.0183,-0.0828,113,0.0227,0.7176,90,0.0712,0.3674,46,0.4375,0.2778,0,,,30,0.1538,0.1538,42,0.3175,0.3175,177,0.0319,0.0477,1748,-0.031,-0.0011,363456,0.0198,-0.1578,150,0.0833,0.5654,0.3689,0.0825,-0.112,0
202502,48149,"fayette, tx",370925,-0.0066,-0.0238,123,-0.012,0.5375,112,0.0469,0.0773,18,-0.4,-0.1,2,,,24,0.3333,1.4,22,0.8696,0.5357,214,0.0009,0.071,1955,0.0185,0.0334,622899,-0.0048,0.0108,145,0.0701,0.5344,0.1748,0.0824,-0.0002,0
202502,09180,"southeastern connecticut planning region, ct",394925,0.0272,-0.1018,271,-0.0199,0.0383,44,-0.1594,-0.0225,184,0.0337,-0.098,2,0,-0.6667,60,-0.0323,0.2,297,-0.0017,-0.0974,258,-0.0058,0.0689,1615,-0.0019,-0.077,587281,0.0105,-0.1109,566,-0.0114,-0.0463,1.0941,0.02,-0.1645,1
202502,18119,"owen, in",238750,-0.0305,-0.2137,44,0.1892,0.2394,82,0.1349,0.1081,18,0.5,0.2857,0,,,14,0.1667,0.75,17,-0.1538,-0.2143,137,-0.0606,-0.0574,1726,-0.0388,-0.1485,287838,-0.1262,-0.2332,61,0.0804,0.0522,0.375,-0.152,-0.2165,1
202502,38025,"dunn, nd",150000,-0.0323,-0.375,7,0.0769,-0.125,101,0.3333,-0.3442,0,-1,-1,0,,,0,,-1,2,1,-0.6364,113,0.0301,-0.0026,1428,-0.0292,-0.1075,180543,0.0199,-0.2703,9,0.2,-0.28,0.2857,0.1319,-0.4018,1
202502,36061,"new york, ny",1555000,-0.0208,-0.0843,5497,0.0425,-0.0385,95,-0.055,-0.1168,1610,0.1181,0.1516,36,1.5714,0.2,594,0.1165,-0.0262,1778,-0.0387,-0.0896,1535,-0.0087,-0.0174,1350,-0.0162,-0.0357,3563922,-0.0153,-0.0257,7245,0.013,-0.0503,0.3234,-0.0273,-0.0182,0
202502,45085,"sumter, sc",276960,0.0219,0.0063,312,-0.0016,-0.0048,71,-0.0274,0.084,124,0,0.2157,8,1,-0.3333,114,0.5405,0.7813,159,0.2192,-0.1243,140,0.0199,0.0445,1998,-0.0235,-0.0446,289069,-0.0011,0.0059,470,0.0539,-0.0418,0.5088,0.0922,-0.0694,0
202502,19027,"carroll, ia",227225,0.082,0.0823,60,-0.0703,0.803,93,0.1917,0.0657,6,-0.4,0.5,0,,,10,-0.1667,0.6667,12,-0.0417,-0.0417,162,0.0117,0.1535,1389,0.0067,-0.0154,285274,0.0149,0.1407,71,-0.0596,0.6322,0.1933,0.0058,-0.1704,0
202502,50023,"washington, vt",452500,-0.0518,0.1456,89,-0.0681,0.424,89,0.0085,1.6894,28,-0.3333,-0.5,0,,,24,0.5,5,68,-0.0073,1.2667,270,0.018,0.0842,1868,-0.0757,0.0539,732492,0.0081,0.3937,158,-0.0367,0.6755,0.764,0.0468,0.284,1
202502,48413,"schleicher, tx",260000,-0.0244,-0.8799,5,-0.0909,1.5,136,-0.2402,5.0444,0,,,0,,,0,,,,,,98,-0.0777,-0.8788,2420,-0.0355,-0.0547,231800,-0.4331,-0.8929,5,-0.0909,1.5,,,,1
202502,48361,"orange, tx",217100,0.01,-0.0819,445,0.0172,0.1501,88,0.0174,0.1471,106,0.325,0.2045,6,2,2,102,0.6452,0,33,0.1379,0.1579,118,0.0211,-0.0228,1785,0.0032,-0.0376,231414,0.0225,-0.0558,472,0.0217,0.1486,0.0742,0.0079,0.0005,0
202502,46047,"fall river, sd",347250,0.008,0.3376,49,-0.0396,1.0208,87,0.1115,0.1331,4,1,-0.6,0,,,8,0.3333,3,11,0.1053,0,234,0.0285,0.5575,1617,-0.0695,-0.0917,550537,0.0333,0.7229,59,-0.025,0.6714,0.2165,0.0284,-0.221,0
202502,20149,"pottawatomie, ks",324975,0.0002,-0.1612,42,0.0921,-0.1263,69,-0.0179,0.1048,22,0.8333,0.1,0,,,0,-1,-1,25,-0.0392,-0.2576,152,0.0947,0.1101,2318,-0.104,-0.1404,404564,0.0017,-0.0845,66,0.0394,-0.1852,0.5904,-0.0807,-0.1044,1
202502,41023,"grant, or",380000,0.0215,0.0447,49,0.0103,0.1951,139,0.1556,-0.0511,4,-0.5,1,0,,,4,-0.5,-0.5,12,0.1429,0,221,0,0.094,1829,0.0443,0.0097,738689,0.0769,0.1983,61,0.0252,0.1619,0.2449,0.0284,-0.0478,1
202502,39161,"van wert, oh",221500,0.0448,-0.0987,38,-0.0625,-0.0385,56,0.0773,0.0045,30,0.875,0.25,0,,,8,-0.4286,-0.5556,25,0.1905,-0.3976,124,-0.0311,-0.06,1565,-0.0059,-0.0898,217791,-0.0118,-0.0892,63,0.0246,-0.2236,0.6667,0.1417,-0.3974,0
202502,48043,"brewster, tx",290250,0.0166,-0.1241,72,-0.0205,-0.0592,110,-0.0558,0.0973,14,0.4,-0.2222,0,,,8,-0.2,-0.4286,4,0.6,-0.5294,218,0.0124,-0.0475,1459,0.0384,0.0024,493486,0.0665,-0.0873,75,-0.0132,-0.1228,0.0559,0.0217,-0.0559,1
202502,06087,"santa cruz, ca",1194500,0.0307,0.1113,311,0.0743,0.6114,41,-0.4364,-0.1546,160,-0.0588,0.4545,0,-1,,74,0.48,1.1765,106,0.3188,-0.0231,778,0.0345,0.0585,1462,-0.0263,0.0546,1678991,0.0427,0.0512,411,0.1108,0.4003,0.3392,0.0629,-0.2204,0
202502,46099,"minnehaha, sd",374350,0.0119,0.0122,596,0,0.2534,50,-0.1525,0.1494,282,0.0682,0.4688,2,-0.5,0,80,-0.2982,0.3333,225,0.927,-0.2839,207,0.0126,-0.0297,1715,0.0009,0.0081,443653,0.0071,-0.0275,819,0.1618,0.0374,0.3767,0.1812,-0.2826,0
202502,42017,"bucks, pa",599175,-0.0012,-0.0316,496,-0.0534,0.2292,48,-0.228,0.1488,396,0.1579,-0.1041,46,0.2778,0.7692,120,-0.1429,0,556,0.0652,-0.028,287,-0.0126,0.0414,2214,-0.0012,-0.0779,875808,-0.0145,-0.0543,1051,0.0116,0.0785,1.12,0.1247,-0.2964,0
202502,17013,"calhoun, il",149950,-0.1231,-0.5163,16,0.2917,0.24,114,0.1095,0.6765,4,0,0,0,,,4,1,1,4,0,3,97,-0.0139,-0.2836,1260,-0.0918,-0.345,301044,-0.0985,-0.1439,20,0.2188,0.4444,0.2581,-0.0753,0.1781,1
202502,18095,"madison, in",182450,-0.0496,-0.0293,218,-0.1297,0.0634,63,0.0163,0.1261,118,0.0727,-0.0328,2,0,,104,-0.0189,0.3684,165,0.412,0.0579,120,-0.0535,0.0517,1669,0.0042,-0.0413,226486,-0.0439,0.021,383,0.0437,0.061,0.7546,0.2895,-0.0039,0
202502,51520,"bristol, va",243675,0.0392,-0.021,47,-0.0962,0.1463,56,-0.1181,-0.2276,28,0.4,0.2727,0,,,20,0,-0.0909,36,0.5652,0.2,142,-0.0197,0.0123,1786,0.0298,0.0411,256545,-0.0104,-0.0888,83,0.1293,0.169,0.766,0.3236,0.0343,0
202502,17109,"mcdonough, il",95250,-0.0362,0.1286,86,-0.0393,0.4492,94,0.0475,-0.1279,24,0.7143,1.4,0,,,24,0.3333,0.5,25,0.1905,0.1628,68,-0.0124,0.1569,1431,-0.0593,0.0198,128550,-0.0195,0.1493,111,0.0045,0.3899,0.2924,0.0564,-0.072,1
202502,48085,"collin, tx",517000,0,-0.0553,2980,0.0091,0.6015,52,-0.2426,0.3553,1422,0.0289,0.0724,74,-0.3621,-0.26,1290,0.1063,0.7292,1600,0.2346,-0.0356,217,-0.0008,-0.0283,2455,-0.002,-0.0022,649332,-0.0104,-0.0465,4571,0.0837,0.2988,0.537,0.0981,-0.3547,0
202502,41051,"multnomah, or",472450,-0.0054,-0.0736,1655,0.0049,0.2197,77,-0.1124,0.4951,768,0.0267,0.0637,188,0.2368,0.175,664,0.071,0.19,793,0.2461,0.1194,337,0.0003,-0.0196,1455,-0.0117,-0.0691,650414,0.016,-0.0646,2441,0.0667,0.1899,0.479,0.0927,-0.0429,0
202502,56013,"fremont, wy",491000,-0.0081,0.4089,106,-0.094,-0.1751,116,0.0894,0.0381,30,0.3636,0,0,,,6,0,-0.25,6,2,5,235,0.054,0.3052,1948,-0.034,-0.026,775621,0.0117,0.6052,113,-0.0464,-0.1274,0.0566,0.0395,0.0488,0
202502,12071,"lee, fl",439950,0.0001,-0.0777,14105,0.1058,0.4268,72,0.007,0.0752,3768,-0.0269,0.1962,136,0.2364,-0.0145,6384,0.2146,0.3612,2409,0.3869,-0.1316,263,-0.0017,-0.0603,1702,0.001,-0.0263,694176,0.004,-0.0629,16478,0.1394,0.3049,0.1708,0.0346,-0.1098,0
202502,51073,"gloucester, va",434850,0.0233,0.0447,87,0.0296,-0.0595,51,-0.1929,-0.0724,44,1,0.2222,0,,,18,-0.25,-0.1,35,0.6667,-0.2135,234,-0.0095,0.0685,1812,0.0703,-0.065,482282,0.027,-0.0853,116,0.1379,-0.076,0.4023,0.1538,-0.0788,0
202502,17101,"lawrence, il",108000,0.0385,-0.2987,26,0.0612,0,98,0.1168,-0.3135,6,,0.5,0,,,4,1,,6,-0.3125,-0.45,93,0.0333,0.1581,1624,0.0691,-0.0765,217351,0.0503,0.093,30,-0.0769,-0.1667,0.2115,-0.115,-0.1731,1
202502,48105,"crockett, tx",183750,0.0938,0,10,-0.1364,-0.2083,222,-0.2214,0.7373,0,,,0,,,0,,-1,,,,78,-0.0801,-0.0374,1962,0.0264,-0.0817,283190,0.0482,0.5582,10,-0.1364,-0.2692,,,,0
202502,05041,"desha, ar",110000,-0.1165,0.0256,21,0.1389,0.9524,61,-0.1498,-0.2327,4,-0.3333,0,0,,,6,0,,3,-0.25,-0.3333,74,0.0692,0.0607,1926,-0.0484,0.0548,144401,-0.0135,0.1469,24,0.0909,0.5484,0.1463,-0.0759,-0.2822,0
202502,12061,"indian river, fl",450000,0,-0.0526,1969,0.0725,0.2858,75,0.0101,0.1667,542,-0.0458,0.0586,18,-0.5909,-0.1,752,0.2492,0.3824,465,0.191,-0.0293,262,-0.0064,-0.0173,1782,0.0055,0.0022,968030,-0.0009,-0.0236,2423,0.0954,0.2127,0.236,0.0235,-0.0766,0
202502,15007,"kauai, hi",1397000,-0.0007,-0.1436,361,0.027,0.6869,96,-0.0637,0.0914,88,0.1579,0.4667,2,,,82,0.0789,0.64,92,0.0222,-0.2103,1014,0.0079,-0.0349,1348,0.0028,-0.1981,2799593,0.0473,-0.0326,454,0.0272,0.3742,0.2548,-0.0012,-0.2895,1
202502,19021,"buena vista, ia",235000,-0.0021,-0.0011,27,0,0.08,74,0.2704,0.5258,4,-0.6667,-0.7143,0,,,4,-0.3333,1,7,0.4,0.4,132,0.0039,-0.0426,1593,0.052,-0.0044,242902,-0.0442,0.057,34,0.0303,0.1333,0.2593,0.0741,0.0593,1
202502,37075,"graham, nc",408500,-0.0555,0.2473,24,0.2973,-0.1273,101,-0.1492,0.0465,8,0.3333,0.3333,0,,,2,,0,5,-0.4118,-0.5238,288,0.0052,0.3038,1566,-0.1324,0.0194,599006,-0.1341,0.205,29,0.0556,-0.25,0.2083,-0.2511,-0.1735,0
202502,13093,"dooly, ga",194000,0.2341,0.5216,16,0.0323,-0.3333,79,-0.1732,-0.3197,4,-0.5,-0.5,0,,,2,,-0.5,8,2.75,0.6667,101,0.1023,0.1749,1530,0.0773,-0.0079,208334,0.2757,0.0177,23,0.2857,-0.25,0.4688,0.3397,0.2813,1
202502,05033,"crawford, ar",269900,-0.0116,0.0584,153,0.0737,0.1418,56,-0.104,-0.1418,64,-0.1111,-0.0857,0,-1,,64,1,0.2308,12,0.5333,1.875,149,0.0087,0.027,1849,0.0165,0.0594,362421,0.0213,0.1108,164,0.101,0.1891,0.0752,0.0225,0.0453,0
202502,39135,"preble, oh",256119,0.0515,0.0093,58,-0.0945,0.25,71,0.1008,0.2348,34,0.5455,0.4167,0,,,32,0.4545,1,36,-0.0658,-0.1341,155,0.052,0.0282,1642,0.0285,-0.0153,271070,0.0317,-0.0614,93,-0.0842,0.0756,0.6174,0.019,-0.2739,0
202502,48171,"gillespie, tx",799000,-0.0166,0.0013,374,0.1301,0.3833,93,-0.1435,-0.1974,70,-0.1667,0.0938,4,,,86,0.4828,0.9545,46,-0.0319,-0.0714,400,0.0045,-0.0108,2190,-0.0068,0.0243,1384597,0.0201,0.0637,418,0.1104,0.3047,0.1218,-0.0204,-0.0597,0
202502,39091,"logan, oh",263450,-0.0406,0.1457,92,-0.1154,0.122,65,-0.0877,0.0788,42,0.05,-0.25,0,,,26,-0.4348,0.0833,59,0.6027,0.3295,173,-0.0002,-0.0198,1504,-0.0221,0.043,381665,0.0218,0.2522,147,0.05,0.1529,0.6359,0.2849,0.0993,0
202502,21029,"bullitt, ky",339718,0.0256,0.0029,150,-0.0884,0.4729,59,-0.0675,0.1869,88,0.1892,0.0233,2,,-0.6667,50,-0.0741,0.1905,111,0.1276,-0.0556,192,0.0115,0.0441,1731,-0.022,-0.0359,392824,0.0119,-0.028,260,-0.0114,0.1742,0.7391,0.1416,-0.4136,0
202502,45091,"york, sc",425000,0,0.0863,725,0.0219,0.4622,51,-0.2331,0.3784,434,0.2543,0.0743,6,-0.75,-0.8,344,0.1316,0.5636,478,0.2546,0.0042,216,0.0093,0.0316,2041,0.0016,0.0432,507369,0.0095,0.0512,1202,0.1048,0.2379,0.6598,0.1224,-0.3009,0
202502,51015,"augusta, va",392450,-0.031,0.013,95,-0.069,0.0385,72,0.0792,-0.1538,58,0.7059,0.0357,0,,,32,1.6667,0.4545,110,0.0735,0.7661,216,-0.0008,0.0523,1900,-0.0084,-0.0317,476734,-0.0246,-0.0379,205,0.0099,0.3366,1.1587,0.1538,0.4774,0
202502,50011,"franklin, vt",404725,0.0351,-0.063,81,-0.1786,0.4907,123,0.1056,0.1156,24,-0.2941,-0.3684,0,,,24,0,3,65,0.1504,2.9394,218,0.0012,-0.0389,1672,-0.0324,-0.0742,413038,0.0143,-0.0925,147,-0.0487,1.0634,0.8075,0.2309,0.5019,0
202502,31179,"wayne, ne",228675,0.0054,-0.059,20,0.1471,-0.093,91,-0.2057,0.0772,10,0.25,0,0,,,0,,-1,6,-0.1429,5,121,0.2159,0.2507,2340,-0.0073,-0.02,292764,0.1508,0.132,25,0.0417,0.1111,0.3077,-0.1041,0.2612,0
202502,21103,"henry, ky",298650,-0.0042,-0.0502,24,-0.2295,0.119,70,0.0145,0.1429,8,-0.4286,-0.3333,0,,,4,0,1,20,0.7391,0.3793,171,-0.0342,0.0502,1757,0.0023,-0.0541,352104,-0.0735,-0.064,46,0.0706,0.3,0.8511,0.474,0.1606,0
202502,17059,"gallatin, il",146950,0,-0.0066,6,0,0.2,146,0.2383,0.2819,0,,-1,0,,,2,0,0,1,0,0,74,0,-0.1189,1800,0,0.0539,144800,-0.0114,-0.0939,7,0,0.2727,0.1667,0,-0.0333,1
202502,24017,"charles, md",478750,-0.0026,0.0079,359,-0.0151,0.5643,41,-0.1337,0.0519,212,0.0816,0.1042,54,1.25,0.9286,78,0.0263,0.3,278,0.1255,-0.0795,217,0.0237,0.0305,2243,-0.019,-0.0047,522566,0.0107,-0.0211,634,0.0276,0.1996,0.7744,0.0967,-0.5415,0
202502,23001,"androscoggin, me",379375,0.0764,0.0198,75,0.0205,-0.2199,36,-0.3661,-0.3395,62,0.1071,-0.225,0,,,18,0.125,-0.3077,29,-0.0645,-0.3176,213,0.0245,0.0045,1812,0.022,0.0909,452368,0.1106,0.1278,103,-0.0144,-0.2572,0.3893,-0.0354,-0.0558,0
202502,13181,"lincoln, ga",559900,0.062,0.6054,20,0.1143,-0.093,104,-0.286,-0.0935,10,4,-0.1667,0,,,4,0,-0.5,3,-0.4444,-0.5455,205,0.1283,0.152,2139,-0.0535,0.0852,594099,0.0354,0.2135,22,0,-0.1373,0.1282,-0.1289,-0.1276,1
202502,01013,"butler, al",179000,-0.0425,0.2136,28,0.2791,0.1,88,-0.2257,0.1327,12,0.5,,0,,,4,-0.3333,-0.6667,6,-0.0833,-0.1538,102,0.0567,0.0943,1781,-0.0803,0.0815,228324,0.0409,0.0425,33,0.2,0.0313,0.2,-0.0791,-0.06,0
202502,21031,"butler, ky",252450,0.0102,-0.1441,20,-0.1522,0.3,133,0.1229,0.963,2,-0.6667,-0.5,0,,,4,1,0,6,0.375,0.375,150,0.0167,0.0177,1671,-0.0251,-0.2323,289263,0.0561,-0.1101,25,-0.0741,0.3514,0.2821,0.1081,0.0154,1
202502,48257,"kaufman, tx",352500,-0.0103,-0.0269,1028,0.0565,0.134,59,-0.1918,-0.0992,392,0.1951,0.1951,20,-0.4118,-0.375,432,0.1551,0.1739,433,0.293,0.0853,174,-0.0111,-0.0283,2068,-0.0014,-0.0148,417925,-0.0217,-0.0513,1457,0.1165,0.1178,0.4207,0.0769,-0.0189,0
202502,54015,"clay, wv",201500,-0.0359,0.7757,13,0,0.4444,133,0.2014,1.0581,0,,,0,,,2,-0.5,0,4,0,0.1429,101,-0.064,0.199,1711,-0.1436,0.3507,213947,-0.0501,0.0101,17,-0.0294,0.2692,0.3077,0,-0.0812,1
202502,22035,"east carroll, la",107450,-0.0652,-0.693,6,0,0.2,92,0.2887,-0.3417,0,,,0,,,4,,,1,0,0,69,0.0092,-0.4709,1638,0,-0.4718,129725,0.0251,-0.6067,7,0.0769,0.1667,0.1667,0,-0.0333,1
202502,01037,"coosa, al",269950,-0.134,-0.0926,23,0.0698,0.4375,67,-0.5649,0.1652,4,-0.3333,-0.6667,0,,,6,0.5,0.5,7,0.0833,-0.0714,138,-0.0756,-0.1707,2109,-0.1436,0.138,428000,-0.198,-0.1121,29,0.0556,0.2391,0.2826,0.0035,-0.1549,0
202502,48143,"erath, tx",418500,0.0366,-0.063,162,-0.0472,0.2869,95,0.0107,0.05,36,-0.1,-0.1,2,,,52,0.0833,0.5294,44,0.1139,-0.1619,211,0.0315,-0.0412,1943,0.0175,-0.0059,662470,0.0198,-0.1653,208,-0.0095,0.1785,0.2724,0.0394,-0.1459,0
202502,48157,"fort bend, tx",423223,-0.0036,-0.0041,2665,0.0437,0.366,46,-0.1591,0.142,1194,0.1437,0.1285,148,0.3214,-0.0263,796,-0.0293,0.174,1293,0.1338,0.0125,175,0.0044,-0.0106,2570,-0.0051,0.0278,519079,-0.0132,-0.0235,3956,0.0733,0.2255,0.485,0.0385,-0.1693,0
202502,31077,"greeley, ne",246250,0.0824,-0.9183,3,0,2,103,0.2485,0.2047,0,,,0,,,0,,,1,0,,121,-0.0503,,1589,0,,232625,0.024,-0.9228,4,0.1429,3,0.3333,0,,1
202502,42075,"lebanon, pa",394950,0.0455,0.0618,177,-0.1305,0.1101,43,-0.0116,-0.1146,84,-0.3333,-0.2222,12,-0.1429,1,54,0.08,0.8,162,0.2869,0.2519,203,0.0149,0.0869,1854,-0.0168,-0.0308,409272,0.0031,0.0899,341,0.0429,0.1843,0.915,0.2968,0.1037,0
202502,05131,"sebastian, ar",299900,-0.0001,0.0713,384,-0.0692,0.0757,100,0.0557,0.236,146,0.2586,-0.0875,4,,1,86,-0.1042,0.075,12,0.3529,0.4375,149,-0.0033,0.065,1922,-0.0036,0.0303,370664,-0.0042,0.0631,395,-0.0596,0.0868,0.03,0.0094,0.0075,0
202502,51177,"spotsylvania, va",560000,0.0182,0.0111,246,0.096,0.4273,35,-0.4085,-0.2404,176,0.4194,0.3134,10,-0.2857,0.25,58,0.3182,0.2609,146,0.0818,-0.1261,222,-0.0102,0.0257,2469,0.0072,-0.052,630371,-0.0161,0.0309,389,0.0866,0.1492,0.5927,-0.0078,-0.3754,0
202502,05093,"mississippi, ar",207450,0.0481,0.5372,89,-0.0635,-0.1238,85,0.1771,-0.0687,24,-0.25,-0.4286,0,,,12,-0.3333,-0.3333,29,-0.1077,-0.284,120,0.0503,0.4969,1652,-0.0056,0.0228,226536,0.027,0.3195,116,-0.0866,-0.1685,0.3277,-0.0162,-0.0733,1
202502,37169,"stokes, nc",319725,-0.0142,-0.0525,85,0.012,0.3852,73,0.0245,-0.128,44,0.8333,0.375,0,,,30,0.25,0.6667,60,0.0714,0.3793,153,0.0136,0.0517,1462,0.014,0.6288,347267,-0.0879,0.027,146,0.0505,0.3726,0.7101,0.0394,-0.0031,0
202502,21159,"martin, ky",149450,-0.003,-0.3093,7,0,0.5556,121,-0.0674,1.0773,0,-1,-1,0,,,4,1,,1,,-0.8,98,-0.0201,-0.0205,1723,-0.0129,-0.3599,255307,0.4036,0.1748,8,0.0714,-0.2105,0.1429,,-0.9683,1
202502,13239,"quitman, ga",454375,0.1123,0.677,19,0.027,0.1875,79,-0.1649,-0.0188,4,-0.3333,0,0,,,4,,,3,2,0.5,184,0.0308,0.0579,2269,0.0454,0.286,554677,0.0715,-0.1847,22,0.1026,0.1944,0.1579,0.1038,0.0329,1
202502,13179,"liberty, ga",299244,-0.0156,0.1087,258,0.2118,0.0597,43,-0.4069,0.0299,154,1.1389,0.4259,2,-0.5,-0.6667,60,0.4286,0.0345,156,0.1471,-0.2296,161,0.0224,0.0414,1810,-0.0466,0.0398,313315,-0.0282,0.0208,403,0.1818,-0.0714,0.6058,-0.0342,-0.2275,0
202502,54063,"monroe, wv",343250,0.3002,0.529,26,-0.1356,-0.15,118,0.1809,-0.184,6,-0.4,-0.4,0,,,4,1,-0.3333,7,-0.2778,-0.1875,201,0.0017,0.4934,1656,0.1641,0.0845,533456,0.053,0.3366,32,-0.1579,-0.1467,0.2549,-0.0502,-0.0118,1
202502,21143,"lyon, ky",352175,-0.0713,-0.2174,36,0.0923,0.4792,96,-0.0795,-0.1435,12,1,5,0,,,12,5,2,6,0.7143,-0.4,185,0.0131,-0.1077,2152,-0.1098,-0.2311,450280,-0.0208,-0.2204,41,0.1408,0.209,0.169,0.0613,-0.2477,1
202502,44001,"bristol, ri",751500,0.0463,0.1517,43,0.0118,0.5926,49,-0.1883,0.3379,18,-0.3077,-0.1818,0,-1,,2,-0.875,-0.6667,34,-0.1299,-0.1299,393,0.0114,-0.016,2090,0.063,0.0997,1048046,-0.0076,-0.0986,77,-0.0375,0.1667,0.7791,-0.1268,-0.6469,0
202502,48473,"waller, tx",380675,-0.0163,-0.053,464,0.1023,0.488,39,-0.3502,-0.3529,176,0.3538,0.5714,38,-0.05,-0.4412,94,-0.4268,-0.0962,158,0.2305,-0.3226,179,-0.0064,-0.0604,2213,-0.0217,0.0126,482078,-0.0127,-0.0671,622,0.1393,0.1488,0.3398,0.0354,-0.4066,0
202502,51620,"franklin, va",295000,0.0711,0.18,31,-0.0469,1.9048,46,-0.1068,-0.3235,10,-0.4444,0.25,0,-1,,6,-0.5,2,1,0,,159,0.0033,0.0241,1851,0.0004,0.2204,315194,0.0969,0.2869,31,-0.0313,1.9524,0.0328,0.0015,,0
202502,28057,"itawamba, ms",229900,0.0054,0.0703,55,-0.0091,0.2386,111,0.0754,0.2176,12,2,2,0,,,8,-0.2,0,11,-0.1923,-0.4324,123,-0.0102,0.061,1895,0,0.0188,287281,-0.0179,0.1566,64,-0.0448,0.0159,0.1927,-0.0437,-0.2278,1
202502,01021,"chilton, al",259000,-0.0037,-0.0539,138,0.0866,0.3019,94,0.0388,0.2584,48,0.3333,0.6,0,,,34,0.0625,0,37,0.1406,0.0282,147,-0.019,-0.0799,1789,0.0259,0.0354,324319,-0.0209,-0.0165,178,0.1234,0.2589,0.2645,0.0125,-0.0704,0
202502,37165,"scotland, nc",218675,-0.017,0.0856,82,0.0382,1.2329,72,-0.0649,0.4257,30,0.1538,0.3636,0,,,18,0.125,0.125,31,0.0164,0.069,125,-0.0327,0.1549,1813,0.0538,-0.0767,247253,0.0198,-0.0961,114,0.0271,0.7597,0.3804,-0.0082,-0.4142,0
202502,55113,"sawyer, wi",341600,-0.0079,-0.1417,77,0.0336,0.4128,99,-0.01,-0.0294,20,0,0.1111,0,,,12,1,2,22,0.7917,-0.2833,213,0.0754,-0.1076,1690,-0.0343,-0.1617,592653,-0.0706,0.1635,97,0.1221,0.1627,0.2792,0.1181,-0.2712,1
202502,18085,"kosciusko, in",307250,0.0259,-0.0483,135,-0.1509,0.2442,76,0.1099,0.1477,54,0,-0.3415,2,,,32,-0.3333,-0.0588,80,0.3008,0.0526,171,0.0234,-0.0182,1721,-0.0106,-0.0678,402631,0.0101,-0.0712,214,-0.0273,0.1694,0.5926,0.2058,-0.1079,0
202502,55021,"columbia, wi",379900,-0.0065,-0.0938,96,0.0914,0.5917,73,-0.1306,-0.2675,56,0.5556,0.8667,0,,,28,0.5556,2.5,65,0.1518,0.6329,197,0.0474,-0.14,1824,0.0026,-0.0072,444600,0.0482,-0.1727,157,0.1018,0.5622,0.6754,0.0354,0.0171,1
202502,29163,"pike, mo",210000,0.0517,0.0384,33,-0.0972,0.2745,82,-0.1856,-0.0546,12,0.2,0,0,,,6,-0.4,-0.5,14,0.2273,-0.1818,129,0.2348,0.0805,2059,-0.0312,0.2741,515013,-0.0295,0.9409,45,-0.0217,0.0714,0.4154,0.1098,-0.2317,0
202502,38041,"hettinger, nd",225000,0.3473,1.2059,7,-0.125,0.1667,134,0.3218,0.2899,0,,,0,,,2,-0.5,,2,1,1,78,0.0629,0.7313,2245,0.0637,0.5569,252221,0.0912,1.5243,9,0,0.2857,0.2857,0.1607,0.119,1
202502,55033,"dunn, wi",351725,0.0932,0.058,49,-0.0926,0.5556,81,0.2677,0.1882,22,0.375,0.2222,0,,,10,0.25,0,33,0.3469,0.2692,163,-0.0156,-0.1725,2061,0.1073,0.2286,399659,0.0691,0.044,82,0.0516,0.4298,0.6735,0.2198,-0.1519,0
202502,12083,"marion, fl",304337,0.0025,-0.0087,3508,0.0627,0.266,71,-0.034,0.1008,1106,-0.0281,0.0395,52,-0.4468,-0.4222,1464,0.2099,0.3048,1042,0.2693,-0.0175,188,-0.0059,-0.0094,1662,0.0039,0.0125,386767,0.0042,-0.0229,4545,0.1029,0.1882,0.2969,0.0483,-0.0857,0
202502,37143,"perquimans, nc",466900,0.0434,0.0063,68,0.0462,0.1826,62,-0.1908,-0.3941,18,-0.3077,-0.1818,0,,,14,0.4,1.3333,16,0.4091,-0.0606,202,-0.0097,0.0318,2458,0.0684,0.0249,506775,0.0218,0.1188,84,0.106,0.1438,0.2279,0.0587,-0.059,0
202502,13101,"echols, ga",164950,0.2113,-0.2827,4,0,1,99,0.3972,0.9314,0,,,0,,,0,,,,,,115,0.2429,-0.252,1910,-0.0052,0.2862,183700,0.0585,-0.2011,4,0,1.6667,,,,1
202502,42087,"mifflin, pa",219900,0.0228,0.2223,62,-0.0315,0.3977,68,-0.1447,0.5196,34,0.5455,0.3077,0,,-1,16,0.6,0.3333,33,0.2745,-0.1875,139,0.0666,0.3285,1496,0.0389,-0.0885,227213,-0.0238,0.096,94,0.0682,0.1124,0.5285,0.1269,-0.3806,0
202502,55041,"forest, wi",339725,0.0421,0.5842,32,0.0328,0.0862,112,0.0068,-0.1843,10,0.6667,0.6667,0,,,2,0,-0.5,13,0.0417,0.25,199,-0.0112,0.3171,1659,0.0766,0.2511,580660,-0.0263,0.8914,44,0.0357,0.1299,0.3968,0.0034,0.052,1
202502,47087,"jackson, tn",324950,0.0158,0.204,50,-0.0748,0.3944,97,0.0543,0.1023,14,0.75,-0.125,0,,,16,0,3,14,0.08,-0.1818,215,0.0011,0.1466,1365,-0.0189,-0.0572,413498,0.0067,0.221,64,-0.0303,0.3196,0.2727,0.0391,-0.1921,0
202502,37069,"franklin, nc",427515,-0.0039,-0.0061,328,-0.0121,0.3422,76,-0.0382,0.3017,134,0.1356,-0.0563,14,-0.4615,0.4,80,-0.1667,0.3333,176,0.0966,-0.1089,214,0.0049,0.015,2236,-0.0002,0.0169,517263,0.0151,0.0385,503,0.0234,0.1458,0.5374,0.0532,-0.272,0
202502,04017,"navajo, az",481000,0.0519,-0.038,360,0.0527,0.0715,97,-0.0875,0.0489,132,0.2941,-0.0149,0,,,118,0.8438,0.5526,89,0.1338,0.5614,288,0.0079,0.0097,1755,0.028,-0.045,633115,0.0128,0.0776,447,0.0707,0.1491,0.2476,0.0177,0.0777,0
202502,01011,"bullock, al",195000,0.1148,0.4444,7,-0.125,0,92,-0.1757,0.1091,0,-1,,0,,,0,,-1,4,0.6,,100,0.1493,0.2538,1595,-0.2324,-0.3942,196286,-0.0831,-0.1901,11,0.0476,0.5714,0.5714,0.2589,,0
202502,01059,"franklin, al",256225,0.0588,-0.041,59,0.1346,0.439,90,-0.0323,0.2766,22,0.5714,-0.2143,0,,,8,0.3333,1,18,0.2,-0.1,120,0.0169,0.0228,1888,-0.0118,-0.0835,302400,0.0287,-0.0403,77,0.1579,0.3162,0.3051,0.0166,-0.1827,0
202502,29181,"ripley, mo",199875,0.0383,-0.0773,40,-0.0123,0,102,-0.2364,0.375,8,-0.2,-0.5556,0,,,6,0,0.5,15,0.3043,0.6667,99,-0.087,-0.1503,1615,-0.0035,-0.0227,330536,0.0736,0.1263,55,0.068,0.1111,0.375,0.091,0.15,0
202502,16039,"elmore, id",357745,-0.0151,-0.0491,83,0.0714,1.1154,63,-0.2566,0.0328,40,0.1111,0.5385,0,,,18,0.5,0.2857,45,0.4516,0.2676,234,-0.0054,0.0756,1697,-0.0012,-0.0954,462162,-0.0374,0.0684,127,0.1814,0.7047,0.5455,0.1429,-0.3648,0
202502,40115,"ottawa, ok",173425,0.0133,0.1806,90,-0.0376,0.5702,100,0.0722,0.9005,26,0.4444,-0.1875,0,,,28,1,1,36,0.0923,4.4615,102,-0.0402,0.1301,1557,-0.011,0.038,239581,-0.0604,-0.2025,124,-0.008,0.9603,0.3966,0.0472,0.2826,0
202502,13109,"evans, ga",294225,0.096,-0.1178,19,-0.1957,0.3214,141,0.0722,2.0486,6,-0.4,0,0,,,4,0,-0.3333,13,1.5,1.5,145,0.133,-0.0008,2300,0.014,-0.0047,366681,-0.077,-0.1372,30,0.0172,0.5526,0.6757,0.4583,0.3185,1
202502,26085,"lake, mi",194950,0.0049,0.2499,71,-0.1696,0.4792,122,0.1643,0.1985,12,-0.1429,-0.25,0,,,18,0.5,2,24,0.1429,0.0667,172,0.0758,0.1224,1245,-0.0277,0.1422,394062,0.0754,0.2771,95,-0.1038,0.3571,0.338,0.0924,-0.1307,0
202502,13123,"gilmer, ga",499950,-0.0001,-0.0475,388,-0.0674,0.1814,90,0.0556,0.2363,114,0.6286,-0.1493,4,-0.3333,,126,0.2353,0.6154,105,0.1117,0.2011,267,-0.0142,-0.0337,2110,-0.0054,0.0124,645971,-0.0382,0.0668,489,-0.0327,0.2032,0.2697,0.0434,0.0044,0
202502,41027,"hood river, or",759000,-0.056,-0.0235,32,-0.0154,0.0667,119,-0.1757,0.1023,14,0.75,0.75,0,-1,,8,0.3333,-0.3333,8,-0.36,-0.2381,419,-0.0433,-0.0061,1963,-0.0519,0.0139,1100877,-0.0102,0.0596,40,-0.1222,-0.0482,0.25,-0.1346,-0.1,1
202502,50009,"essex, vt",299000,0.0442,-0.0656,30,-0.0625,0.1321,119,-0.0145,0.0085,4,-0.5,-0.3333,0,,,8,1,3,12,0.2,2.4286,198,0.0078,-0.1172,1622,0.0222,0.0877,380855,0.038,-0.1021,42,0,0.4,0.4,0.0875,0.2679,0
202502,55017,"chippewa, wi",397725,0.0265,-0.0071,94,-0.1221,0.2635,94,0.1333,0.1543,36,0.125,-0.1429,4,0,,20,-0.5,-0.0909,57,0.2697,0.2556,195,0.0166,-0.0115,2088,0.0045,0.1284,450760,0.014,0.0132,150,-0.0132,0.2723,0.6043,0.1864,-0.0038,0
202502,28143,"tunica, ms",166000,-0.0235,0.0543,4,0.3333,-0.2727,134,0.0038,0.5988,0,,-1,0,,,0,,,1,0,-0.3333,108,0.1091,0.2666,1629,-0.0694,-0.2714,182906,-0.044,-0.0225,4,0,-0.4286,0.25,-0.0833,-0.0227,1
202502,39159,"union, oh",578400,0.0179,0.0109,105,0.0145,0.2209,49,-0.2538,-0.1992,68,-0.0556,0.4167,8,0.3333,3,30,0.0714,0.5,107,0.3292,1.2526,229,-0.0109,0.0456,2525,0.0324,-0.0631,651473,-0.0041,-0.057,212,0.1429,0.594,1.019,0.2413,0.4667,0
202502,36071,"orange, ny",499450,-0.0011,0.0009,698,-0.0285,0.0797,81,0.0063,0.2578,292,0.1496,0,24,0.3333,-0.0769,126,0.125,0.1455,493,-0.0465,11.6282,262,0.0062,0.0362,1938,-0.0159,-0.022,723232,0.0145,0.0513,1186,-0.0373,0.7493,0.7056,-0.0133,0.6453,0
202502,29107,"lafayette, mo",236250,-0.0008,-0.1127,55,-0.1057,0.0377,69,0.0074,0.207,22,0.2222,-0.2143,0,,,26,0.8571,0.1818,38,0.1538,0.087,159,0.0048,0.0635,1589,-0.0156,-0.092,301765,0.004,-0.2033,93,-0.016,0.0632,0.6818,0.1534,0.0309,1
202502,48237,"jack, tx",282250,0.0386,-0.1365,45,0.0349,0.459,121,-0.0749,0.1422,10,0.25,0.6667,2,,,6,-0.5,-0.5,10,0,0.6667,151,0.003,-0.1453,1683,-0.0208,-0.1646,409241,-0.0472,-0.3103,55,0.0185,0.5942,0.2247,-0.0078,0.028,1
202502,45061,"lee, sc",225250,0.013,0.3555,19,-0.1364,1.1111,114,0.0579,3.5248,6,2,0.5,0,,,8,-0.2,3,5,0.5,0.125,109,-0.028,0.0007,2150,0.0886,0.7526,257435,0.0331,-0.1412,23,0,0.7692,0.2368,0.1005,-0.2076,1
202502,28117,"prentiss, ms",215000,0.0005,0.344,37,-0.0759,-0.0395,81,-0.0667,0.099,8,0,-0.5,0,,,12,0.5,0.2,15,0.0714,-0.1429,109,0.0039,0.1137,1825,0.0863,0.1571,220215,0.0381,0.0121,52,-0.0189,-0.0545,0.411,0.0565,-0.0496,0
202502,26009,"antrim, mi",325975,-0.0062,-0.0586,93,-0.1389,-0.0412,107,0.0441,0.2312,26,0.0833,-0.3158,0,,-1,12,0,-0.25,28,0.2174,0,237,0.0128,0.0598,1600,0,-0.0727,797413,0.1736,0.1498,122,-0.069,-0.0082,0.3011,0.0881,0.0124,0
202502,26017,"bay, mi",185000,0.0221,0.1048,144,-0.0915,0.152,49,-0.0926,0.0426,82,-0.1277,0.0789,0,-1,-1,54,-0.1818,0.2273,108,0.2486,0.08,127,0.0552,0.0457,1455,0.0022,0.0066,220145,0.007,0.0244,253,0.0264,0.1323,0.75,0.2043,-0.05,0
202502,30099,"teton, mt",539500,0.0489,0.2402,20,-0.093,0.3,125,0.0753,1.0576,2,-0.5,-0.5,0,,,0,-1,,9,1.8333,0.5455,268,0.068,0.1584,1770,-0.0017,-0.214,993042,0.1126,0.6256,25,0,0.25,0.4359,0.2964,0.0692,1
202502,29081,"harrison, mo",244900,0.1808,0.7746,10,-0.0476,-0.2308,172,0.2099,1.9316,2,0,,0,,,4,1,,4,-0.4167,0.4,146,-0.0148,0.4358,1675,0.1152,0.2407,257423,0.0228,0.1451,13,-0.1875,-0.1333,0.35,-0.2214,0.1577,1
202502,13001,"appling, ga",317725,-0.0922,0.3636,29,-0.0333,-0.3483,71,0.0885,-0.1238,16,1.6667,1.6667,0,,,4,,-0.6,7,-0.3158,-0.1333,167,-0.0453,0.2476,1850,0,0.1526,357614,-0.0667,0.3097,35,-0.1039,-0.3301,0.2241,-0.0925,0.0556,1
202502,01121,"talladega, al",222500,0.0004,-0.0035,259,-0.0354,0.2696,87,-0.0253,0.0452,74,-0.075,-0.0513,2,0,-0.6667,80,0.1429,0.3793,114,0.0861,0.2074,140,0.0026,0.091,1664,0.0103,-0.0504,306844,-0.0049,0.1256,373,0.0027,0.2517,0.4382,0.049,-0.0226,0
202502,47093,"knox, tn",425000,0.0001,-0.0502,1185,0.0085,0.5695,57,-0.0952,0.0755,644,0.197,0.1027,16,0.1429,-0.3333,562,0.2325,0.5108,925,0.1378,-0.0444,228,0.0043,0.0353,2013,0.0066,-0.0588,563996,0.0184,-0.0493,2118,0.0665,0.2325,0.7806,0.0887,-0.5015,0
202502,30089,"sanders, mt",629000,0.0064,0.0497,69,0.0458,0.062,121,0.0711,-0.0474,8,-0.5,0.3333,0,,,4,-0.5,-0.5,11,0.4667,-0.12,270,-0.0751,-0.0362,2243,0.0439,0.1995,812459,-0.0104,0.0989,80,0.089,0.0325,0.1606,0.0461,-0.0332,0
202502,21135,"lewis, ky",184250,0.0529,0.3303,12,-0.04,1.4,87,-0.0085,-0.3123,4,0,,0,,,0,,-1,2,-0.2,-0.4286,122,0.1161,-0.1146,1767,-0.0715,0.7007,306859,0.0561,0.3437,14,-0.0667,0.5556,0.1667,-0.0333,-0.5333,0
202502,27071,"koochiching, mn",189500,0.0863,-0.2566,27,-0.1017,0.0192,131,0.1757,-0.0151,8,3,,0,,,0,-1,-1,9,0.2857,-0.0526,131,-0.0018,-0.226,1548,0.0932,0.0011,406029,0.0745,0.1043,37,0.0139,0.0282,0.3396,0.1023,-0.0258,1
202502,19001,"adair, ia",262000,-0.0314,0.5277,12,0.2,0.3333,49,-0.0798,-0.5266,4,-0.3333,1,0,,,2,,-0.5,7,-0.1875,0.3,163,-0.1118,0.4227,1652,-0.0184,0.3826,259593,-0.0611,0.4543,18,0.0286,0.2857,0.5417,-0.2583,-0.0139,1
202502,28111,"perry, ms",245000,-0.0874,0.3425,7,-0.1875,-0.5357,67,0.1867,0.2594,6,2,0.5,0,,,0,-1,,6,0.2,-0.25,114,-0.0541,0.1941,2150,-0.016,0.2162,262986,-0.2231,-0.1609,13,-0.0385,-0.3902,0.9231,0.2981,0.3516,0
202502,20107,"linn, ks",232000,0.0545,0.2458,41,-0.1458,0.4386,110,0.2366,0.3466,14,0.75,0.4,0,-1,,6,-0.4,0.5,15,0.5,0.3636,161,0.1519,0.1281,1484,-0.0245,0.015,261737,0.01,0.0739,57,-0.0088,0.4487,0.3659,0.1575,-0.0201,0
202502,20047,"edwards, ks",163500,0.1474,0.0315,14,0.0385,1.4545,104,0.2395,0.0481,6,2,0.5,0,,,2,,,8,0.5,,92,0.0966,0.1313,1767,0.0184,0.4007,198384,0.0653,-0.6726,21,0.1667,2.8182,0.5556,0.1709,,0
202502,17039,"de witt, il",189950,0.2083,0.4475,14,-0.2821,0.1667,59,-0.25,-0.2378,8,0,0,0,,,4,0,,24,0.3333,0.92,99,0.0068,0.0641,1562,0.0476,-0.0603,209861,0.0199,-0.0498,38,0,0.551,1.7143,0.7912,0.6726,0
202502,37195,"wilson, nc",272000,0.0029,-0.0728,197,-0.0597,0.6281,70,-0.1389,0.6127,62,0.069,-0.0882,4,0,1,76,0.1875,0.8095,132,0.6296,0.6709,170,-0.0047,0.0101,1585,0.0028,-0.0772,307843,0.0254,0.0063,326,0.1261,0.6548,0.6701,0.2834,0.0172,0
202502,36093,"schenectady, ny",322450,0.0768,0.1725,155,0.0993,0.0164,42,-0.2911,-0.1845,118,0.5128,0.3409,2,-0.5,0,28,-0.2632,-0.4167,221,-0.1055,-0.0907,203,0.0426,0.1198,1533,-0.0142,-0.0359,443634,0.0099,0.2198,375,-0.031,-0.0542,1.4226,-0.3256,-0.1676,0
202502,48015,"austin, tx",428750,-0.0035,0.132,107,-0.0491,0.0867,93,0.078,0.1879,26,0.625,0,0,-1,-1,20,-0.5,-0.2857,39,0.4259,-0.0375,206,0.0018,0.0592,2091,0.025,0.0664,574882,-0.1088,0.2074,144,0.0361,0.0324,0.3615,0.1204,-0.0467,0
202502,40019,"carter, ok",234950,-0.041,0.1205,199,0.0179,0.1994,94,-0.0285,0.2712,56,0.5556,-0.0667,0,,,54,0.35,0.35,52,-0.019,-0.0804,132,-0.0095,-0.0182,1816,-0.0075,0.1295,298910,-0.0079,-0.0494,249,0,0.1478,0.2594,-0.0098,-0.0789,0
202502,20077,"harper, ks",160500,-0.0829,0.1673,25,0.0208,0.6897,60,0.2487,-0.4447,6,0,0.5,0,,,4,-0.3333,,6,0.0909,-0.2,78,-0.0728,0.1273,1538,-0.1005,-0.1022,177475,-0.2672,-0.538,30,0.0345,0.3953,0.2449,0.0157,-0.2723,0
202502,55001,"adams, wi",255000,-0.0466,-0.1089,88,-0.033,0.0057,114,0.1523,0.2789,30,0.5,-0.1176,0,,,16,0,-0.2,37,0.2542,0.0725,165,-0.0274,-0.0134,1531,-0.0159,-0.142,339884,0.0342,-0.0949,124,0.0333,0.0377,0.4205,0.0963,0.0262,1
202502,18077,"jefferson, in",274450,0.0214,0.0042,47,-0.2185,-0.1058,99,0.0847,0.5817,18,2,-0.4,0,,,12,0,-0.25,7,0.625,-0.1333,169,-0.0003,0.0435,1643,-0.0246,-0.092,324441,0.0051,-0.0059,54,-0.1575,-0.1083,0.1398,0.0726,-0.0044,0
202502,05089,"marion, ar",239450,-0.0393,-0.0393,93,-0.0464,0.135,89,-0.2304,-0.115,22,0.8333,0,0,,,12,-0.1429,-0.25,19,0.0556,-0.0256,166,0.0003,0.1438,1582,0.011,-0.0682,424671,0.02,-0.0689,112,-0.0429,0.104,0.2054,0.0198,-0.0339,0
202502,38049,"mchenry, nd",78250,-0.0794,-0.374,9,0.0625,-0.3704,75,0.1412,-0.0538,4,,,0,,,2,,0,2,-0.6667,-0.25,44,-0.2474,-0.3192,1969,0.145,-0.0612,114381,-0.0979,-0.4475,10,-0.2,-0.375,0.1765,-0.386,0.0283,1
202502,56043,"washakie, wy",299225,-0.1068,0.2066,26,-0.037,-0.2973,99,0.2508,0.0234,4,0,-0.3333,0,,,4,,-0.3333,2,-0.5,-0.6364,152,-0.0314,0.221,1984,-0.0045,-0.1135,320748,-0.1778,-0.0395,28,-0.0833,-0.321,0.0769,-0.0712,-0.0717,0
202502,47123,"monroe, tn",378725,-0.0032,0.0106,157,0.1021,0.1811,63,-0.253,-0.1131,52,0.0833,0.04,0,,-1,62,0.6316,0.24,45,0.0714,-0.25,226,0.0443,0.0844,1858,-0.0073,0.0185,535189,0.0541,0.143,201,0.1105,0.0442,0.2875,-0.0082,-0.1653,0
202502,37029,"camden, nc",451475,0.0262,0.0787,46,0.0833,0.6852,59,-0.0166,0.6345,20,0.4286,0.4286,0,,,6,-0.25,-0.25,26,0.0833,0.2093,223,0.0169,-0.003,2119,0.0301,0.1516,469946,0.0022,0.1839,70,0.0692,0.4632,0.5714,0,-0.2249,0
202502,40135,"sequoyah, ok",239450,0.0302,0.0548,150,0.0381,0.1494,84,0.1089,-0.1558,32,0.3333,-0.2,0,-1,,28,-0.3,0.2727,7,0.5556,-0.3636,145,0.0316,0.0642,1656,0.0059,-0.0084,345839,0.034,-0.0307,157,0.0468,0.0982,0.0467,0.0155,-0.0376,0
202502,38055,"mclean, nd",324900,-0.2333,0.3699,30,-0.0323,0.3043,123,0.198,-0.072,6,2,-0.4,0,,,6,-0.25,2,5,0,-0.6,150,-0.0775,0.3479,1979,-0.0167,0.0082,559027,0.0109,0.3818,34,-0.0145,-0.0556,0.1667,0.0054,-0.3768,0
202502,29169,"pulaski, mo",250000,0.0032,0.0724,133,-0.0112,0.3119,72,0.1211,0.2928,40,-0.1304,-0.3333,0,,,32,0.3333,0.1429,64,0.024,-0.1847,124,0.0162,0.0318,2100,0.0424,0.2192,292831,0.0121,0.1995,197,0.0026,0.0917,0.483,0.0166,-0.2942,0
202502,05139,"union, ar",289750,0.0906,0.3483,72,-0.0592,0.3,115,0.0929,0.3994,20,-0.0909,-0.1667,0,,,18,0.5,1.25,36,0.1077,0.0435,104,0.0283,0.0765,2484,0.0189,0.1157,284951,0.0429,0.1123,109,0.0046,0.2123,0.5035,0.0759,-0.1238,0
202502,21091,"hancock, ky",224900,0.0086,-0.0529,10,-0.1739,-0.0952,76,0.6053,-0.2356,2,-0.5,-0.5,0,,,4,0,,9,0.0625,-0.1053,131,-0.0549,0.0393,1560,0.0986,-0.0412,247463,0.0682,-0.0937,18,-0.1026,-0.125,0.8947,0.1991,-0.01,0
202502,26163,"wayne, mi",140000,-0.066,0.12,3159,-0.0548,0.0153,59,0.0172,0.2688,1504,-0.0705,-0.1111,54,-0.069,-0.2286,778,-0.0102,-0.076,1947,0.0362,0.0054,120,-0.0201,0.1689,1240,-0.0068,-0.0068,211439,-0.0236,0.0242,5097,-0.0247,0.0113,0.6163,0.0541,-0.006,0
202502,17001,"adams, il",211400,0.0914,0.5308,103,-0.1727,0.0098,80,0.1357,0.1003,40,-0.0909,-0.2308,0,,,24,-0.2,-0.1429,68,0.4835,0.25,105,0.0262,0.098,1819,0.0064,0.165,253063,0.0587,0.3752,171,0.0929,0.1254,0.6553,0.2899,0.1259,1
202502,34031,"passaic, nj",499000,-0.0143,0.0423,307,-0.0641,0.0268,31,-0.2561,-0.1029,202,0.0521,-0.1789,2,0,,32,-0.0588,0,218,-0.0522,0.1094,297,-0.0839,0.0272,1713,0.0316,-0.0946,570200,0.0152,0.0866,513,-0.0579,0.0545,0.7113,0.009,0.053,0
202502,13125,"glascock, ga",249900,-0.0566,-0.2109,5,0.25,1,43,0.9545,-0.6895,0,-1,,0,,,0,,,2,-0.25,0,167,0.344,-0.2372,1500,-0.2264,0.0811,275760,0.0663,-0.1293,7,0,0.625,0.3,-0.2,-0.3,1
202502,48271,"kinney, tx",184500,-0.0147,0.0543,33,0.3469,0.2941,92,-0.1318,-0.3911,6,0,-0.25,0,,,4,,1,2,-0.4286,-0.6364,112,0.0343,0.0043,1613,0.0425,0.0808,195618,0.1676,0.1016,33,0.1786,0.0476,0.0606,-0.0823,-0.1551,0
202502,13129,"gordon, ga",318450,0.015,-0.0084,185,0.0513,0.7656,75,-0.0385,0.5707,58,0.16,-0.0333,0,,-1,66,0.32,0.7368,50,0.0309,-0.2308,177,0.0048,-0.0117,1810,-0.0101,-0.0222,422443,0.015,0.0361,230,0.036,0.365,0.271,-0.0054,-0.351,0
202502,47151,"scott, tn",306175,0.0242,0.0396,72,-0.0205,0.5053,105,-0.0624,0.1471,12,-0.1429,-0.25,0,,,22,0.1,0.375,12,-0.1111,-0.1724,181,-0.0084,0.0371,1613,0.0072,-0.1222,384405,-0.0147,-0.097,84,-0.0233,0.344,0.1678,-0.0171,-0.1374,0
202502,04019,"pima, az",396200,0.0126,-0.0095,3536,0.0264,0.474,52,-0.1811,0.1818,1586,-0.0161,0.0893,86,0.303,-0.5657,1632,0.3691,0.6721,1597,0.3075,-0.0209,231,0.0014,-0.0115,1802,0.0136,-0.0273,544388,0.0009,-0.0465,5128,0.0995,0.2685,0.4516,0.0971,-0.2282,0
202502,48489,"willacy, tx",291000,0.0582,0.065,51,0.02,0.8214,111,0.1269,-0.0306,12,0.5,-0.25,0,,,4,-0.6,0,5,-0.0909,0.6667,166,0.0481,0.0764,1764,0.0235,0.0407,344170,-0.0042,0.0686,56,0.0182,0.8361,0.098,-0.012,-0.0091,0
202502,05019,"clark, ar",204250,-0.0132,0.1046,68,0.1525,0.0149,64,-0.2507,-0.3866,22,0.375,0.2222,0,,,16,0.1429,1,13,0,-0.3659,113,0.003,-0.0016,1838,-0.0372,0.0464,263445,-0.0255,0.176,80,0.1197,-0.0809,0.1912,-0.0292,-0.1148,0
202502,54083,"randolph, wv",274975,0.0003,0.2432,46,0,0.3529,98,0.0372,-0.0714,12,5,-0.3333,0,,,14,0.75,0.75,15,-0.2927,-0.2564,145,-0.0006,0.2074,1880,-0.0058,0.0394,341451,-0.0178,0.226,61,-0.0902,0.1415,0.3152,-0.1304,-0.2583,0
202502,46007,"bennett, sd",282000,0,0.3626,2,0,0,289,0.1075,0.9169,0,,,0,,,0,,,,,,176,0,0.5372,1667,0,-0.0793,282000,0,0.3626,2,0,0,,,,0
202502,31013,"box butte, ne",151000,-0.0708,0.0237,26,0.0196,1.1667,85,-0.0029,-0.0478,6,0.5,0,0,,,4,,,9,0.0588,0.5,107,-0.0036,0.1718,1601,-0.0706,-0.2362,173192,-0.1587,0.0926,33,0.0154,0.9412,0.3462,0.0128,-0.1538,0
202502,24025,"harford, md",427000,0.0047,0.0443,367,0.0223,0.7878,44,-0.1792,0.1837,238,0.1442,0.1553,14,-0.2222,0.4,118,0.439,0.8438,282,0.1235,0.0846,206,-0.0064,-0.062,2070,-0.0062,0.0701,516718,0.0123,0.0343,648,0.0554,0.3925,0.7694,0.0693,-0.4989,0
202502,26153,"schoolcraft, mi",219000,-0.1593,-0.307,21,-0.2632,-0.1765,124,0.2228,0.1027,8,0.3333,1,0,,,4,-0.5,,15,0.7059,0.6111,152,0.0046,-0.123,1595,-0.0089,-0.0973,427400,-0.0274,-0.0296,36,0,0.0435,0.6905,0.3922,0.3375,1
202502,08085,"montrose, co",529000,0.0232,-0.1086,171,-0.0145,0.069,74,-0.1978,-0.103,48,-0.2258,-0.0769,0,-1,,34,0.2143,0.5455,48,0.4545,-0.04,304,0.0288,0.0375,1847,-0.0022,-0.0408,750584,0.0044,-0.0574,216,0.0336,0.0262,0.2815,0.0908,-0.032,1
202502,18013,"brown, in",435700,-0.0089,0.0361,46,-0.0213,-0.0417,112,0.0113,0.1462,18,1.25,-0.1,0,,,8,0.3333,-0.5556,16,-0.0313,-0.2791,219,0.021,0.0748,2283,0.0266,0.1896,630639,0.0466,0.2022,61,-0.032,-0.1232,0.337,-0.0035,-0.111,0
202502,51167,"russell, va",220475,-0.0178,-0.1146,52,-0.1271,0.6349,97,0.0026,0.1374,8,-0.2,0,0,-1,,16,-0.1111,0.3333,20,0.25,0.7391,125,-0.0051,0.0029,1834,-0.015,-0.1252,313071,0.0083,-0.3729,72,-0.0336,0.6552,0.3883,0.1172,0.0233,1
202502,21157,"marshall, ky",301225,0.1069,-0.0434,79,-0.0542,0.3534,97,0.1662,0.2532,24,0.0909,0.3333,0,,,20,0,1,28,0.1702,0,162,0.0036,0.0578,1905,0.0977,-0.0808,366700,0.0353,-0.1692,107,0.0047,0.2456,0.3503,0.0672,-0.1238,0
202502,18045,"fountain, in",192450,-0.1192,-0.0916,37,-0.131,0.1061,88,0.1461,0.5482,8,-0.2,-0.7143,0,,,20,0.4286,0.6667,22,-0.0227,-0.14,122,-0.0692,-0.0332,1898,0.0173,0.1122,236853,-0.0635,-0.0484,61,-0.0547,0.0431,0.589,0.0652,-0.1685,1
202502,12093,"okeechobee, fl",349413,-0.0008,-0.0619,153,0.0702,0.309,84,-0.0535,0.68,44,0.4667,0.1,0,,,42,0.2353,0.05,41,0.2059,-0.0787,225,-0.0192,-0.0363,1530,0.0192,0.0087,689578,-0.0435,-0.1577,193,0.1063,0.2069,0.2689,0.0303,-0.1131,0
202502,48279,"lamb, tx",191875,0.0372,0.063,32,-0.0308,0.5366,86,-0.2156,-0.1342,10,0.6667,0.6667,0,,,2,-0.8,0,7,0.5556,0.75,100,0.0509,0.1845,1960,-0.0006,0.0269,240450,0.1185,0.352,38,0.0411,0.52,0.2222,0.0838,0.0271,0
202502,47173,"union, tn",498724,-0.0869,0.2708,57,-0.0887,0.2283,69,-0.2541,0.4154,18,0.2857,-0.1,0,,,22,0.5714,0.1,31,0.4762,1.5833,252,0.0032,0.2139,1715,-0.053,-0.0727,609490,-0.0348,0.1681,86,0.0491,0.4492,0.5487,0.21,0.2878,0
202502,05097,"montgomery, ar",329900,-0.0296,-0.3684,47,0.0568,0.1923,98,-0.1674,0.276,16,3,0.1429,0,,,6,0.5,-0.4,3,-0.5,-0.5,198,0.0088,-0.0717,1816,-0.0273,-0.2119,450120,-0.0163,-0.2397,48,0.0105,0.0549,0.0645,-0.0718,-0.0893,1
202502,17091,"kankakee, il",229000,-0.0387,0.0068,166,-0.0119,0.0852,60,-0.0437,0.1157,84,0.0769,-0.0233,0,,,46,-0.1481,-0.08,89,-0.0681,0.1056,146,-0.0294,0.0481,1570,0.0006,-0.037,274058,-0.0378,0.1164,254,-0.0268,0.0832,0.5378,-0.0324,0.0099,0
202502,12051,"hendry, fl",367475,-0.0041,0.078,237,0.0605,0.1051,84,-0.1854,0.0438,64,0.0323,-0.0303,4,-0.3333,1,84,0.5,-0.0455,61,0.0901,-0.1232,227,-0.0035,0.0305,1662,0,0.0497,490481,-0.0158,0.0602,295,0.048,0.0369,0.2558,0.0069,-0.0666,0
202502,54001,"barbour, wv",161825,-0.013,-0.0266,17,0,-0.0286,140,-0.0572,0.466,6,2,0,0,,,2,,-0.5,9,0.0625,-0.4138,117,-0.0123,-0.0175,1358,-0.0059,-0.0668,201131,0.0029,-0.1388,26,0.0196,-0.2,0.5,0.0294,-0.3286,0
202502,37011,"avery, nc",457018,-0.134,-0.1156,183,-0.0135,0.2086,104,0.0122,0.0221,38,0.4615,-0.1364,0,,,28,0,0.1667,48,0.0549,-0.04,364,-0.0021,0.1049,1406,-0.0733,-0.0811,792303,-0.0344,-0.169,230,0.0022,0.1504,0.263,0.0171,-0.0681,1
202502,23031,"york, me",649900,0.085,0.1293,431,0.0513,0.3328,62,-0.1987,0.1604,224,0.12,-0.0744,0,,-1,58,-0.1212,0,84,-0.1932,-0.0234,397,0.0222,0.1051,1649,0.0129,-0.0024,903899,0.0065,0.0591,516,0.0049,0.2589,0.194,-0.0588,-0.0707,0
202502,21171,"monroe, ky",246375,0.1608,0.4347,21,-0.18,-0.3971,124,0.1875,0.6197,4,0,-0.3333,0,,,2,-0.5,0,9,0.5455,0.0625,113,0.0518,-0.0858,1908,0.0803,0.2745,256762,0.1624,0.1214,29,-0.0333,-0.3095,0.4146,0.1946,0.1793,0
202502,39153,"summit, oh",199950,0.0724,0.0695,656,-0.0851,0.2486,43,-0.2489,0.1026,456,0.0179,-0.046,4,-0.6,-0.3333,238,-0.0703,0.1333,553,0.0464,-0.0683,137,0.0273,0.0719,1550,0.0101,-0.0075,288806,0.0957,-0.0292,1208,-0.027,0.0805,0.8429,0.106,-0.2867,0
202502,31035,"clay, ne",175000,-0.0127,0.0294,21,-0.0238,0.7826,139,0.1096,-0.043,4,-0.3333,0,0,,,0,-1,,6,0.5,-0.25,75,-0.0052,-0.131,1958,0.0165,0.0725,323850,-0.0848,0.249,27,0.06,0.359,0.2927,0.1022,-0.403,0
202502,54013,"calhoun, wv",174000,-0.0084,0.1879,15,0.0357,0,141,0.2124,0.5107,0,-1,-1,0,,,2,,0,4,0.3333,0,85,0.0707,-0.1536,2025,0.0189,0.125,174537,0.0877,-0.2206,19,0.0882,0.0278,0.2759,0.0616,0,1
202502,21115,"johnson, ky",199900,-0.0125,-0.1005,59,-0.0407,0.3258,118,0.165,0.1103,10,0,-0.375,0,,,14,0.75,0.4,13,0.625,-0.1034,109,-0.0193,-0.0042,1687,0.0039,-0.1517,256604,0.0112,-0.1841,71,0.0216,0.2034,0.2203,0.0903,-0.1055,1
202502,21195,"pike, ky",233875,0.0394,-0.0043,118,0.0351,0.1919,110,0.0683,0.2133,26,0.625,-0.2353,0,,,12,0,0,25,0.1951,0.0426,128,0.0386,0.1247,1875,-0.0073,-0.0583,288449,0.0349,0.1015,143,0.0595,0.168,0.2076,0.0278,-0.0297,0
202502,47009,"blount, tn",458391,-0.0077,-0.0077,423,-0.0265,0.4903,76,0.0634,0.1269,166,-0.0568,0.2388,10,4,1.5,182,0.0581,0.717,261,0.2405,0.2864,242,0.0037,0.0461,1984,-0.0227,-0.0227,637318,-0.0071,-0.1159,683,0.0614,0.4043,0.6166,0.1327,-0.0977,0
202502,17125,"mason, il",87450,-0.0594,0.2395,24,-0.0408,-0.0962,46,-0.3633,-0.2459,10,0,-0.375,0,,,8,0.3333,0.3333,11,-0.087,0.3125,61,-0.0714,0.2839,1353,0.0635,0.0336,100535,0.0247,0.2533,34,-0.0556,0.0303,0.4468,-0.0226,0.1391,0
202502,32009,"esmeralda, nv",280000,-0.0175,-0.1181,3,-0.25,1,250,0.1632,0.0353,0,,,0,,,0,,,1,0,0,312,-0.0144,0.5296,989,-0.0283,-0.3601,282917,-0.0328,-0.1089,4,-0.2,1,0.3333,0.0833,-0.3333,1
202502,16013,"blaine, id",1947500,0.149,-0.0835,190,-0.0052,0.2032,79,-0.1706,0.0161,54,0.5882,0.0385,0,,,22,0.2222,0,42,-0.0667,0.0769,1039,0.0356,0.1515,2136,0.0724,-0.1077,3847616,0.1007,0.1788,231,-0.015,0.173,0.2216,-0.0146,-0.026,0
202502,29167,"polk, mo",267450,-0.0202,-0.0282,122,0.0517,0.4969,81,0.0031,0.1733,38,0.5833,0.1875,0,,,24,0.0909,0.2,38,-0.1071,0.1364,162,0.0004,-0.0522,1586,0.0055,-0.0427,362763,-0.0416,0.1923,161,0,0.3957,0.3074,-0.0547,-0.0975,0
202502,46039,"deuel, sd",264450,-0.2613,-0.1862,7,0.4444,-0.35,55,-0.5856,-0.7295,4,,,0,,,2,,,1,1,0,102,-0.0283,-0.5435,2428,-0.048,0.6852,318293,-0.2045,-0.1965,7,0.5556,-0.3636,0.1538,0.0427,0.0538,1
202502,18123,"perry, in",205813,0.1293,0.0239,59,-0.0635,0.0926,73,0.0741,-0.1761,12,-0.25,-0.4545,0,,,10,-0.1667,-0.375,18,-0.186,-0.1667,127,-0.0212,0.0552,1708,0.0128,0.0243,248615,0.0078,-0.0198,78,-0.0936,0.0403,0.2966,-0.0447,-0.0923,0
202502,22023,"cameron, la",321250,0.0363,0.0039,46,0.046,0.0833,99,0.0077,-0.1322,6,0,0,0,,,8,-0.2,0,2,0,-0.625,226,0.0851,0.1355,1638,-0.0292,-0.1334,374656,0.0169,-0.0885,47,0.0444,0.033,0.033,-0.0015,-0.0623,0
202502,51081,"greensville, va",185000,0.2395,-0.1146,12,0.7143,0.0435,27,-0.6228,-0.3837,10,4,0.6667,0,,,4,-0.5,,7,0,-0.2778,145,0.0815,0.0526,1288,0.0544,-0.0734,199403,0.11,-0.0216,19,0.48,-0.0976,0.5417,-0.3869,-0.2409,1
202502,31033,"cheyenne, ne",274250,0.0272,0.4064,46,-0.0417,0.3529,122,0.1402,0.4353,14,0.75,0.4,0,,,6,0,-0.4,11,1.75,0.4667,110,0.0161,0.1458,2562,0,-0.0054,338432,0.0517,0.2874,56,0.0667,0.3494,0.2391,0.1558,0.0185,0
202502,45019,"charleston, sc",741223,-0.0077,-0.1718,1560,0.066,0.3746,60,-0.1403,0.1168,784,0.2288,0.071,12,-0.1429,-0.6667,582,0.3108,0.4772,797,0.4097,-0.0081,415,0.004,-0.0576,1899,0.0007,-0.0995,1367529,0.0129,-0.095,2353,0.1535,0.2186,0.5107,0.1245,-0.1971,1
202502,49011,"davis, ut",539925,-0.014,-0.0528,513,0.0219,0.3648,60,-0.1273,0.1215,268,0.0075,0.1356,12,0,-0.1429,220,0,0.6667,286,0.2123,-0.1819,240,0.0076,0.0423,2265,-0.0437,-0.1043,648865,-0.0122,0.0121,800,0.0855,0.1034,0.5571,0.0875,-0.3724,0
202502,45029,"colleton, sc",349650,-0.0001,0.0624,148,0.2241,0.7879,63,-0.1765,-0.1818,64,0.6842,1.6667,0,,-1,44,1,0.8333,35,0.2727,0.4,209,0.0462,0.0355,1620,-0.0301,-0.0146,729253,-0.02,0.0407,182,0.2181,0.6728,0.2373,0.0091,-0.0657,1
202502,16029,"caribou, id",434500,-0.0387,0.2723,22,0.075,0.3871,79,-0.0922,-0.1622,4,0,1,0,,,4,1,0,5,0.1111,0,184,-0.0008,0.0307,2305,-0.0922,-0.025,648861,-0.089,0.4356,26,0.0833,0.2683,0.2326,0.0076,-0.09,1
202502,48101,"cottle, tx",97000,-0.5026,0.7093,4,1,-0.5,24,-0.8097,-0.7788,2,,,0,,,0,,,1,-0.5,-0.5,57,0,0.3784,1401,0.0614,0.1276,141500,-0.2744,1.1622,4,0.3333,-0.5294,0.125,-0.375,0,1
202502,42063,"indiana, pa",155200,0.0428,0.0152,104,-0.0326,0.2455,73,-0.0425,-0.2836,24,-0.3684,-0.25,0,,,34,0.5455,0.5455,59,0.2062,-0.064,89,-0.0066,-0.0221,1587,0.0028,0.0434,189467,-0.0517,-0.2369,160,0.0357,0.0962,0.5625,0.1113,-0.186,0
202502,21177,"muhlenberg, ky",209375,0.0768,0.1476,58,-0.0086,0.15,60,-0.2325,-0.2373,18,-0.25,0.2857,0,,,18,1.25,0.8,26,0.3784,0,127,-0.0255,0.2911,1769,0.0193,0.093,314863,-0.0514,-0.0483,84,0.1053,0.1053,0.4435,0.1245,-0.0665,0
202502,47155,"sevier, tn",674975,-0.0037,-0.07,1477,0.0457,0.3489,96,-0.04,0.2,400,0.1494,0.1429,6,-0.625,-0.7857,552,0.2719,0.445,320,0.1899,-0.0617,379,0.0009,-0.0671,1923,-0.0072,0.0026,857775,-0.0024,-0.0293,1783,0.0575,0.2478,0.2163,0.0262,-0.0946,0
202502,12069,"lake, fl",405000,-0.0037,-0.024,2277,0.0345,0.4918,74,-0.0926,0.1136,830,0.1277,0.3217,34,-0.7119,-0.4688,1066,0.1792,0.4765,825,0.2313,-0.0636,216,0.0009,-0.0073,1906,-0.0001,-0.0157,506605,-0.016,-0.0282,3099,0.0798,0.2878,0.3624,0.0579,-0.2149,0
202502,18147,"spencer, in",287500,-0.0254,0.0017,38,0.0704,0.2459,89,0.0504,0.4104,18,2,0,0,,-1,4,-0.3333,-0.6667,15,0.5,-0.3478,151,0.0179,-0.0285,1810,-0.03,-0.0159,1502271,-0.0553,3.8479,53,0.1522,0,0.3947,0.113,-0.3594,0
202502,28127,"simpson, ms",196975,0.0519,-0.1246,65,0.075,0.4333,100,0.2121,0.1299,10,-0.4444,0,0,,,12,0.5,2,16,0.1429,0.1034,110,0.0123,-0.1057,1835,0.0052,-0.0121,236451,0.0703,-0.1124,80,0.0811,0.3223,0.2481,0.0147,-0.0742,1
202502,21213,"simpson, ky",296675,-0.0108,0.0357,116,0.0087,0.7185,81,-0.033,0.0063,26,-0.1875,0,0,,,18,-0.4375,0.125,55,0,1.0566,190,-0.0104,0.0471,1555,-0.0065,-0.0158,326888,-0.013,0.02,171,0.0179,0.8289,0.4698,-0.0041,0.0772,0
202502,42079,"luzerne, pa",225000,-0.0194,-0.0108,473,-0.0187,0.1411,56,-0.145,-0.0667,232,-0.0333,-0.0413,4,-0.5,,120,-0.0625,0.0526,75,0.0135,0.3274,132,-0.0013,0.0051,1677,-0.0092,-0.0173,298608,-0.0327,0.0935,547,-0.0144,0.1628,0.1586,0.005,0.0223,0
202502,53077,"yakima, wa",399975,-0.0245,-0.0238,332,0.0045,0.2319,61,-0.1259,-0.2453,136,0.1148,0.5455,2,,0,82,0.2059,0.64,155,0.2757,0.0131,239,0.0003,0.0245,1723,-0.0345,-0.0304,485664,0.0056,0.0267,485,0.0718,0.1412,0.4669,0.0992,-0.1009,0
202502,15009,"maui, hi",1199000,0,-0.1512,1219,0.0415,0.7985,92,-0.0213,0.4603,224,-0.1111,-0.0261,6,0.5,0.5,268,0.1754,1.3929,177,0.0172,-0.3656,1093,-0.0193,-0.1457,1048,-0.0014,-0.1178,2211234,-0.0126,-0.1506,1390,0.0342,0.4601,0.1453,-0.0035,-0.2665,1
202502,53033,"king, wa",799475,0.0316,-0.0522,2662,0.1094,0.4141,32,-0.5,0.0667,2208,0.1073,0.0855,44,-0.2903,-0.3889,658,0.2605,0.6368,2113,0.3348,-0.0307,549,0.0213,-0.0229,1540,0.0172,-0.0751,1256566,0.003,-0.1144,4757,0.1967,0.1721,0.7938,0.134,-0.3643,0
202502,51137,"orange, va",449900,-0.0112,0.0337,109,0.0743,0.4662,57,-0.1364,0.2193,68,0.619,0.0968,4,,1,26,0.3,0.8571,79,0.3621,0.2248,227,0.0148,-0.0233,2146,-0.0362,0.008,676404,-0.0944,-0.2168,185,0.1672,0.3262,0.7281,0.1539,-0.1435,0
202502,18099,"marshall, in",289000,0.0278,-0.0351,63,-0.087,-0.16,68,-0.1053,-0.2629,26,0.4444,-0.1333,0,,,14,0.4,-0.2222,37,0.3214,0.3455,137,-0.0524,-0.1532,1790,0.05,0.0551,352459,0.0794,-0.0178,101,0.0306,-0.0288,0.5873,0.1815,0.2206,0
202502,53023,"garfield, wa",257800,0.0527,0.1258,7,-0.2222,0.4,151,0.2272,1.5,0,,-1,0,,,2,-0.6667,0,3,0.2,0.2,216,0.0468,0.7725,1430,-0.088,-0.1912,360814,0.0877,-0.2335,10,-0.1364,0.3571,0.4286,0.1508,-0.0714,1
202502,08039,"elbert, co",739900,0,-0.1213,109,0.0093,0.3293,74,-0.3116,0.0034,56,0.4,0.0769,0,-1,-1,38,0.7273,3.75,81,0.1096,0.0946,243,-0.0176,-0.0247,3429,0.0139,-0.124,920972,0.0089,-0.1207,191,0.0611,0.2607,0.7431,0.0672,-0.1593,1
202502,48179,"gray, tx",152500,0.0083,-0.0313,96,-0.0352,0.8113,86,0.0424,0.703,20,-0.375,0.25,0,-1,,28,0.75,1,18,0.3462,1.1875,101,0.0531,0.0106,1679,0.0595,0.0258,184585,0.0092,-0.1018,112,-0.0262,0.813,0.1823,0.0516,0.0313,0
202502,49049,"utah, ut",571498,0.0071,-0.0103,1954,0.0347,0.4677,55,-0.2852,0.0481,960,0.1137,0.3079,132,-0.45,0.2222,830,0.2425,0.8282,1132,0.2082,0.06,216,0.0072,-0.0069,2837,-0.0052,-0.009,763530,-0.0096,-0.0732,3083,0.0919,0.2857,0.5792,0.0832,-0.2228,0
202502,13277,"tift, ga",297900,0.0328,0.0844,80,0.0127,0.2121,88,-0.0833,0.1773,22,-0.3125,-0.1538,0,-1,,36,1,5,8,0,-0.2727,149,0.0416,0.0758,2080,0.0377,0.0791,335305,0.056,0.0613,88,0,0.129,0.1,-0.0013,-0.0667,0
202502,31031,"cherry, ne",164800,-0.088,-0.4809,18,0,0.129,182,0.0753,0.7089,0,-1,-1,0,,,0,,-1,6,0,0.2,121,-0.056,0.0292,1474,0.015,-0.2469,347097,-0.0483,-0.1453,24,-0.0208,0.2051,0.3429,0,0.0203,1
202502,56025,"natrona, wy",394000,0.0758,0.0335,187,0.0219,0.2182,39,-0.2327,-0.2327,104,0.0612,0.5758,0,,,48,0.3333,1.1818,,,,184,0.0181,0.0743,2343,0.0592,0,534172,0.0117,0.029,187,0.0219,0.2182,,,,0
202502,21229,"washington, ky",249900,-0.0192,-0.5012,31,0.2979,0.4186,56,-0.3263,-0.4318,8,-0.2,1,0,,,2,-0.5,,8,-0.36,-0.0588,151,0.0028,-0.2063,1818,0.0506,-0.1668,557616,-0.0928,-0.0765,39,0.0833,0.2787,0.2623,-0.2696,-0.1331,1
202502,20087,"jefferson, ks",311975,-0.1949,0.1555,26,-0.0727,0,55,-0.2994,-0.1129,24,2,1,2,,,10,1.5,-0.1667,19,-0.0952,1,146,-0.0045,-0.0582,1998,-0.042,0.1357,342054,-0.0925,0.208,45,-0.0532,0.3485,0.7451,-0.0185,0.3725,1
202502,21139,"livingston, ky",384700,0.3153,0.6341,16,-0.1351,-0.1579,96,-0.2115,0.2308,4,,0,0,,,2,0,-0.6667,6,0.375,-0.2143,178,0.015,0.0967,1900,0.0165,0.1927,403089,0.0702,0.3474,22,-0.0652,-0.1569,0.3438,0.1275,-0.0247,1
202502,45089,"williamsburg, sc",176000,0.0057,-0.0688,31,-0.1268,-0.0462,93,0.2318,0.494,4,,-0.3333,0,,,10,0.25,0.6667,13,0.0417,0.25,118,0.031,0.0664,1484,-0.0705,-0.0584,201573,-0.1147,0.0384,43,-0.1146,0,0.4032,0.0652,0.0955,0
202502,01127,"walker, al",257400,0,-0.0191,183,0.0549,0.0224,90,-0.0191,-0.0055,58,0.381,0.0741,0,,-1,56,0.4,0.3333,55,-0.0598,-0.1129,137,-0.0164,0.0232,1980,0.0184,0.0325,375380,-0.0075,-0.0521,238,0.0304,-0.0104,0.3014,-0.0368,-0.046,0
202502,55029,"door, wi",527400,0.0595,0.0351,169,-0.0426,-0.1918,125,-0.0619,-0.1135,54,0.35,-0.0357,0,-1,-1,10,-0.375,0.25,80,0.3223,0.1189,287,0.0029,-0.0066,1647,0.0484,0.0178,663952,0.0277,0.0736,247,0.0357,-0.1053,0.4748,0.131,0.1319,0
202502,21113,"jessamine, ky",463250,-0.01,0.0211,97,-0.0251,-0.1019,78,-0.0096,0.1187,46,0.9167,-0.1154,2,0,-0.5,12,-0.4,-0.7778,97,0.043,0.0157,204,0.0549,0.0951,2307,-0.0246,-0.0509,573658,0.0207,0.0005,193,0.0185,-0.0631,1,0.0653,0.1157,0
202502,48243,"jeff davis, tx",300000,-0.0164,0.1344,39,0.0541,0.9024,104,-0.1173,-0.2911,4,-0.3333,0,0,,,6,0.5,,1,-0.5,-0.5,188,-0.0457,-0.0541,1728,0.0213,0.0105,428146,0.0192,0.19,40,0.026,0.7556,0.0256,-0.0284,-0.0719,0
202502,26073,"isabella, mi",232450,-0.0352,-0.0665,92,-0.0615,0.6195,72,-0.071,-0.2727,28,-0.1765,-0.1765,0,,,16,-0.2727,0.3333,37,-0.1609,0.0896,138,0.0092,0.0144,1621,-0.0393,-0.1302,256313,-0.054,-0.1772,129,-0.0821,0.4278,0.3989,-0.0472,-0.194,0
202502,16015,"boise, id",687225,0.1004,0.1962,55,-0.2667,1,102,-0.1697,0.1309,20,1.5,1,2,0,,2,-0.8333,-0.75,34,0.2885,2.7222,327,-0.0235,0.0766,2294,0.0434,0.1442,810294,-0.0091,0.2089,89,-0.1238,1.36,0.6091,0.2624,0.2818,1
202502,39165,"warren, oh",477500,0.0647,0.0602,294,-0.0712,0.3016,68,0.0342,0.6,204,0.2,0.02,4,1,0,86,0,0,264,0.1189,-0.1389,203,0.0164,-0.0041,2417,-0.0058,0.037,590387,0.039,0.0078,558,0.0201,0.044,0.8978,0.1525,-0.4592,0
202502,29001,"adair, mo",184675,0.0078,0.2316,80,-0.1011,0.25,112,0.0773,0.1206,18,0.2857,-0.5,0,,,8,0,0,29,0.3571,0.9,105,0.0013,-0.0156,1553,-0.0183,0.0725,254836,-0.017,0.0747,108,0,0.4026,0.3563,0.1203,0.1219,0
202502,18071,"jackson, in",263725,-0.0388,-0.0231,69,-0.0352,0.2925,63,0.2067,-0.1404,24,-0.2,-0.1429,0,,,8,-0.4286,-0.2,27,-0.0526,-0.1692,143,-0.0082,-0.0219,2134,-0.0406,0.1905,304709,-0.007,-0.0084,95,-0.0503,0.1317,0.3942,-0.0072,-0.219,0
202502,37119,"mecklenburg, nc",449983,0,0.0002,2424,0.062,0.6002,46,-0.2813,0.2432,1538,0.1547,0.1512,62,-0.2619,-0.2619,1124,0.2379,0.9116,1799,0.3014,-0.1169,248,0.0022,-0.0222,1836,-0.0157,-0.0273,654091,-0.007,-0.1204,4203,0.1485,0.1881,0.7421,0.1365,-0.6026,0
202502,28075,"lauderdale, ms",173750,0.0139,-0.0218,103,-0.0283,-0.1197,104,-0.0024,0.4804,44,1,0.2222,0,,,14,-0.4167,-0.6957,53,0.3086,0,92,0.0631,0.0806,1982,-0.0003,0.018,253935,-0.019,0.1504,157,0.0683,-0.0712,0.5146,0.1325,0.0616,0
202502,13131,"grady, ga",274900,0,-0.0818,55,0,0.3253,89,0.1094,0.1306,14,0,-0.125,0,,,6,0,-0.7,13,0.3889,0.1364,173,0,0.2121,1731,-0.0335,-0.01,361862,0.0104,0.1166,67,0.0469,0.2523,0.2273,0.0636,-0.0378,0
202502,48363,"palo pinto, tx",492450,0.0489,0.1198,219,0.0529,0.0306,91,-0.0875,0.0139,54,0.2857,0.1739,0,,-1,44,0,-0.0833,23,-0.2241,-0.4375,268,0.0522,0.2099,2031,0.0005,-0.0106,923861,-0.0019,0.2915,245,0.0273,-0.0278,0.1027,-0.0367,-0.0855,0
202502,19085,"harrison, ia",258125,-0.076,-0.1238,44,0.1282,0.3333,66,-0.0186,-0.1456,6,-0.5,-0.25,0,,,14,0.1667,0.1667,12,-0.1481,-0.3235,154,-0.0057,-0.0145,1710,-0.0576,-0.0387,327793,-0.0239,-0.0698,55,0.0577,0.1702,0.2614,-0.0848,-0.2538,1
202502,50005,"caledonia, vt",405000,0.0583,-0.097,61,-0.1357,0.4756,127,0.1345,0.2282,12,0,-0.1429,0,,,8,-0.2,0.3333,34,0.1754,0.7632,222,0.0131,-0.0661,1762,-0.066,-0.0625,473943,0.0227,-0.051,95,-0.0406,0.5882,0.5537,0.1466,0.0903,0
202502,35011,"de baca, nm",219000,0.3273,0.1838,8,0.0714,2.75,119,-0.5458,1.0342,2,,,0,,,0,,,,,,119,0.4437,-0.0964,1809,0.0047,0.2918,255473,0.2884,0.2462,8,-0.0625,2,,,,1
202502,44009,"washington, ri",885975,0.0424,0.2671,163,0.0484,-0.024,47,-0.3177,-0.0258,112,0.4737,0.098,2,-0.8333,0,12,-0.7273,-0.4545,147,0.0733,-0.2526,508,0.078,0.2842,2008,-0.0014,0.0506,1884169,-0.0165,0.3335,314,0.0829,-0.1304,0.9015,0.0209,-0.2756,0
202502,17171,"scott, il",291475,1.0116,6.2869,4,-0.3,0.1667,43,0.0688,-0.6798,0,-1,,0,,,0,,,6,0.5714,4.5,125,0.5258,1.7833,3741,0.5376,2.2474,355713,0.4889,3.4669,9,0.0588,1.25,1.5714,0.8714,1.2381,1
202502,38017,"cass, nd",399900,0.0088,0.0631,548,-0.0503,0.0788,93,0,1.0667,142,0.1639,-0.3826,42,9.5,0.3125,58,-0.2368,-0.275,197,0.2468,-0.0837,181,0.0192,0.0953,2117,-0.0004,-0.0498,486780,0.0121,0.09,745,0.0157,0.0333,0.3598,0.0857,-0.0638,1
202502,26039,"crawford, mi",262500,0.05,0.0716,27,-0.3205,-0.0364,100,0.2492,0.7137,8,-0.4286,-0.3333,0,,,4,-0.5,-0.3333,17,0.5455,0.7,171,0.1272,0.1947,1620,0.0309,0.0263,449097,0.1842,0.6505,44,-0.1386,0.16,0.6415,0.3595,0.2779,0
202502,46089,"mcpherson, sd",126875,-0.0406,-0.109,3,-0.4,-0.4,88,0.4706,1.3973,0,-1,,0,,,0,,,1,0,,51,0.045,0,2392,0,0.2177,133229,-0.1341,-0.3083,4,-0.2,-0.2,0.3333,0.1333,,1
202502,17187,"warren, il",122425,-0.0575,0.2461,47,0.0109,0,73,-0.1854,-0.1643,12,0.2,0.2,0,,,10,1.5,0.6667,9,-0.2273,0.1333,69,-0.0543,-0.0904,1692,0.0906,0.1657,146096,0.0101,0.0483,55,-0.0351,0.0092,0.1828,-0.0563,0.0215,0
202502,51023,"botetourt, va",399913,0.0063,-0.1258,48,0.0106,0.1875,73,0.1502,-0.1235,28,0.4,1.3333,0,,,18,0.2857,0.5,30,-0.1304,-0.1549,195,0.0201,0.0542,2115,-0.0022,-0.0575,422196,0.0272,-0.3348,77,-0.0494,0.0065,0.6316,-0.1025,-0.2559,1
202502,31181,"webster, ne",171750,0.2629,-0.0392,9,-0.1053,1.125,150,0.0657,2.1579,0,-1,-1,0,,,0,-1,,6,0,1,82,0.1074,0.3153,1694,0.0242,-0.4032,427989,0.0323,0.6196,15,-0.0323,1.3077,0.7059,0.0743,-0.0441,1
202502,40153,"woodward, ok",173000,0.0328,0.1161,61,0.0339,0.0339,106,-0.0024,0.4859,20,1,-0.2308,0,,,8,0.3333,-0.5,18,0.2963,0,104,-0.0017,0.1083,1645,-0.0077,0.0275,212965,-0.0734,-0.0091,79,0.0828,0.0261,0.2869,0.0581,-0.0097,0
202502,40069,"johnston, ok",361175,0.1704,0.3439,17,-0.1905,0.5455,179,0.0499,1.6036,4,1,-0.3333,0,,,0,,,5,0.6667,-0.4444,146,0.0696,0.1359,1762,0.005,0.0711,494038,0.3166,0.8315,23,-0.0816,0.125,0.2941,0.1513,-0.5241,1
202502,08125,"yuma, co",338500,0.1313,0.0456,18,-0.2,-0.3077,46,-0.698,-0.4649,12,2,2,0,,,0,-1,-1,6,0,0,205,-0.0956,0.0926,1623,0.0285,-0.081,342124,0.0529,-0.138,24,-0.1607,-0.2656,0.3056,0.0611,0.094,1
202502,29091,"howell, mo",259900,0.0297,0.0438,205,-0.0145,0.6039,107,-0.0116,0.3742,56,0.8667,0.12,0,,,42,0.3125,0.75,49,0.1975,0.2278,150,0.0398,0.1483,1740,0.0055,-0.1136,400046,0.001,0.1248,256,0.0302,0.5392,0.2372,0.042,-0.0726,0
202502,48277,"lamar, tx",296000,0.0242,0.1895,229,0.0385,0.3199,82,0.0284,-0.185,42,-0.1923,-0.1923,0,,,74,0.4231,1.0556,40,0.1449,-0.5123,142,-0.0117,0.0204,1923,0.0283,0.0676,324024,-0.0004,-0.1151,268,0.051,0.085,0.1725,0.016,-0.2944,0
202502,27001,"aitkin, mn",362450,0.0433,0.0469,52,-0.0636,0.4928,84,0.0705,-0.1234,18,0.2857,0,0,,,10,-0.2857,4,20,0.0811,-0.0476,192,0.0928,-0.0966,2013,0.0487,0.3148,419208,0.0021,0.0224,73,-0.0068,0.2946,0.3883,0.052,-0.2203,0
202502,20127,"morris, ks",234250,-0.0768,0.5748,12,-0.1786,0.5333,73,-0.3014,0.1231,4,0,0,0,,,0,-1,,4,0.1667,0,108,-0.0573,1.0836,2016,-0.0854,0.0724,225159,-0.1624,0.3605,15,-0.1176,0.3043,0.3043,0.0901,-0.1623,1
202502,37197,"yadkin, nc",314950,-0.0038,0.1719,50,-0.0388,0.7679,63,0,-0.3324,30,0.5,0.6667,0,,,16,-0.2,1,31,0.3478,0.4762,187,-0.0271,-0.0533,1549,-0.0853,0.067,346580,0.0167,-0.0702,79,0.0753,0.602,0.6263,0.1797,-0.1237,0
202502,19043,"clayton, ia",249000,-0.1476,0.4675,36,0.0588,0.6744,93,-0.1124,-0.0862,14,2.5,1.3333,0,,,4,-0.5,1,7,0.1667,-0.4167,121,-0.0337,0.0397,1927,-0.0365,0.0405,268458,-0.0928,-0.2322,45,0.1392,0.3235,0.1944,0.018,-0.3637,1
202502,42119,"union, pa",405875,-0.1376,-0.0755,45,0.0112,0.2,83,0.099,-0.1462,18,0,1.25,0,,,8,-0.2,-0.3333,28,-0.0179,-0.0984,199,-0.0184,0.1082,2061,-0.0798,-0.2018,470147,-0.0736,-0.1872,74,0.0208,0.0889,0.6111,-0.0181,-0.2022,1
202502,47055,"giles, tn",299450,-0.0641,-0.105,129,-0.0517,0.4602,94,0.0994,0.3239,36,0.0588,0.3846,0,,,44,0.4667,0.6923,41,0.4386,0.2615,186,-0.0124,-0.0752,1663,-0.0058,-0.1279,442956,-0.1242,-0.1272,169,0.0464,0.4142,0.3191,0.1087,-0.0503,1
202502,17017,"cass, il",117500,-0.0229,-0.145,19,0,-0.05,112,0.1883,0.4593,6,0.5,0,0,,,4,0,1,7,0.3,0.3,66,-0.0102,-0.1163,1654,-0.0041,-0.0217,132088,-0.0086,-0.0632,26,0.0625,0.0408,0.3421,0.0789,0.0921,1
202502,56041,"uinta, wy",407688,-0.0497,0.1103,37,0.1385,0.0882,90,0.0496,0.2676,10,0,-0.5,0,,,6,-0.4,0.5,1,,,187,0.0074,0.1029,2142,-0.095,0.0669,473993,-0.0391,-0.1615,38,0.1692,0.1176,0.027,,,0
202502,18173,"warrick, in",318250,-0.0259,-0.041,113,-0.1032,0.1024,74,0.0278,0.2437,52,0.1818,-0.1613,0,,-1,50,0.4706,0,72,0.1613,-0.1325,173,0.0424,0.0771,1963,-0.0598,-0.0336,406210,-0.0129,-0.006,187,-0.0106,0.0081,0.6372,0.1451,-0.1726,0
202502,48199,"hardin, tx",267808,-0.0266,-0.052,271,-0.0109,0.0363,86,-0.1,-0.0172,60,0,0,4,,1,60,0.0345,0.0345,14,0.0769,-0.2432,146,-0.0188,-0.0098,2054,-0.0096,0.048,338024,-0.0193,-0.0105,283,-0.007,0.0443,0.0517,0.0042,-0.0191,0
202502,13107,"emanuel, ga",224975,-0.0115,0.1935,35,0.0455,0.3529,82,-0.1921,0.1007,14,0.75,0.4,0,,,4,0,-0.5,10,0.8182,-0.2,125,-0.0822,0.0926,1972,0.1022,0.1057,324637,-0.0315,0.4856,44,0.1154,0.1447,0.2899,0.1232,-0.2003,0
202502,54109,"wyoming, wv",150000,0,0.6722,9,-0.2174,-0.3077,83,0.3306,-0.2361,2,,-0.5,0,,,0,,,3,-0.1667,-0.2857,88,-0.026,0.2506,1780,0.0201,0.357,152414,0.0278,0.298,12,-0.1724,-0.2727,0.2778,0.0169,0.0085,1
202502,13289,"twiggs, ga",224125,0.0616,0.4464,7,-0.125,-0.4615,64,0.041,-0.2209,2,0,-0.5,0,,,0,,-1,2,0,-0.4286,92,-0.2407,-0.0393,1968,0.0134,-0.0196,358813,0.3118,0.534,9,-0.0526,-0.4706,0.2857,0.0357,0.0165,0
202502,17175,"stark, il",90000,-0.2044,-0.2378,7,-0.0667,0.5556,55,-0.1705,-0.5,0,-1,,0,,,2,0,0,4,0.1429,1,55,-0.1946,-0.1907,1885,0.0377,0.0548,131336,-0.0442,-0.149,10,-0.0909,0.6667,0.5714,0.1048,0.127,1
202502,51199,"york, va",534675,0.0593,0.134,93,0,0.0276,46,-0.0667,0.1519,50,0.25,-0.0741,2,-0.6667,-0.5,22,-0.0833,-0.0833,33,0.1607,0.1017,225,-0.0114,0.054,2366,0.0057,0.0238,596510,0.0319,0.0572,117,-0.0127,0.0402,0.3495,0.0484,0.0235,0
202502,19185,"wayne, ia",175000,0.0234,0.1667,23,0.0222,0.1795,124,0.295,0.1222,0,-1,-1,0,,,4,0,-0.5,8,-0.2727,-0.2381,111,0.0066,0.0133,1648,0.133,0.1109,180731,-0.0007,-0.161,31,-0.0758,0.0167,0.3478,-0.1411,-0.1906,1
202502,21175,"morgan, ky",225000,-0.0175,-0.1,18,0.2,-0.0526,88,-0.1718,0.1429,6,,0,0,,,4,,0,3,-0.7059,-0.6154,124,-0.0748,-0.0801,1800,0,0.1142,258121,-0.0612,-0.0451,21,-0.1064,-0.1923,0.1389,-0.4278,-0.2032,0
202502,46117,"stanley, sd",335000,0.0084,0.7962,6,0,5,130,0.2482,-0.0944,4,,,0,,,0,,,4,0.4,0.75,307,0.0474,0.9327,1244,0.018,0.2286,952980,0.075,4.6894,9,0.0625,1.8333,0.5833,0.1667,-1.4167,1
202502,13205,"mitchell, ga",248425,0.1568,0.5061,36,0.0597,-0.0405,118,0.199,1.0705,12,0.2,0,0,,,8,3,0,14,-0.0968,0.75,119,-0.0509,0.1863,1920,0.1264,0.1361,323416,0.0083,0.2525,50,0.0206,0.1124,0.3944,-0.0683,0.1781,1
202502,20073,"greenwood, ks",131000,0.0077,0.6427,11,-0.125,-0.0455,153,0.2911,1.1324,2,0,-0.6667,0,,,2,,,3,0,-0.3333,73,-0.0107,-0.0645,1250,0.0549,0.159,197334,-0.0056,0.9741,14,-0.1,-0.129,0.2857,0.0357,-0.1234,1
202502,27153,"todd, mn",296725,0.0251,0.0506,29,-0.1212,-0.275,83,-0.0265,-0.175,10,1.5,-0.5833,0,,,4,-0.5,-0.5,13,0.04,-0.2571,191,0.1175,0.292,1643,-0.0772,-0.1328,419016,0.0034,0.1223,43,-0.0761,-0.2478,0.4483,0.0695,0.0108,0
202502,22017,"caddo, la",213900,0.0955,0.1349,800,-0.0527,0.1307,80,-0.0361,0.0774,180,-0.0526,-0.2857,10,0,4,212,0.0392,0.0095,242,0.1695,-0.0989,114,0.0234,0.0724,1747,0.0243,0.048,273908,0.0777,0.0919,1037,-0.0161,0.0592,0.3019,0.0574,-0.0769,0
202502,08075,"logan, co",294300,-0.0687,-0.0149,55,0.0481,0.09,84,-0.0117,-0.0817,16,-0.1111,-0.2,0,,,16,0.3333,0.3333,18,0.0938,-0.1463,171,0.0125,0.1585,1845,-0.073,-0.1183,396373,-0.089,0.2388,72,0.0515,0,0.3211,0.0134,-0.0889,0
202502,21023,"bracken, ky",247500,-0.0154,-0.0206,11,-0.12,0.4667,90,-0.0791,-0.2751,6,2,2,0,,,2,,,4,-0.2,3,179,0.044,0.8726,1792,0.3781,-0.0384,440724,0.0964,0.5242,15,-0.1944,0.8125,0.3636,-0.0364,0.2303,1
202502,55079,"milwaukee, wi",252450,0.0098,0.122,1110,0.0165,0.0904,31,-0.3034,-0.1268,576,0.2973,0.152,6,0,0,276,0.0534,0.2432,195,0.1963,-0.0051,179,0.0059,0.071,1408,-0.0005,-0.0072,325619,0.0286,0.0146,1308,0.0443,0.0801,0.1757,0.0264,-0.0169,0
202502,01057,"fayette, al",217450,0.0119,0.0233,51,-0.0286,1.125,90,0.0811,0.6514,12,0.2,0.2,0,,,10,0,-0.1667,15,0.2083,0.5263,112,-0.0144,0.0627,1874,0.0124,-0.0554,287820,0.003,-0.1917,66,0.0234,0.8986,0.2843,0.0557,-0.1115,0
202502,28007,"attala, ms",144988,-0.1183,-0.2163,30,0.0169,0.2,72,0.0667,-0.301,14,0.75,1.3333,0,,,4,0,1,6,-0.0833,-0.1538,79,-0.0171,-0.1668,1921,0.0017,0.0875,173633,-0.0626,-0.1057,36,0.0143,0.1094,0.1833,-0.0201,-0.0767,1
202502,20019,"chautauqua, ks",352000,0.2616,0.6277,8,0.1429,0.3333,153,-0.0896,0.7836,2,,,0,,,0,,,1,0,0,304,-0.2309,1.7732,2048,0.1879,0.4144,509088,0.0116,-0.377,9,0.125,0.2857,0.125,-0.0179,-0.0417,1
202502,20181,"sherman, ks",169500,0.0288,-0.3254,24,0.0444,0.4242,119,0.1498,-0.1959,4,-0.3333,1,0,,,2,,,4,-0.3333,0,94,0.0079,-0.0241,1713,0.0097,-0.0803,210206,0.0537,-0.1525,27,-0.0357,0.3171,0.1702,-0.0965,-0.0722,1
202502,19097,"jackson, ia",252925,-0.0194,-0.1434,36,-0.0769,0.7143,79,0.2702,-0.1797,8,-0.3333,-0.3333,0,,,10,0,1.5,8,-0.1579,0.7778,122,0.0309,-0.188,2050,-0.0235,0.1836,261252,-0.0087,-0.1606,44,-0.102,0.7255,0.2222,-0.0214,0.0079,1
202502,17033,"crawford, il",139475,-0.0635,0.0331,51,-0.0286,-0.0973,101,0.2834,0.0804,18,2,0.125,0,,,6,-0.25,-0.4,11,0.1667,-0.3438,80,-0.1186,-0.0607,1540,0.0064,0.129,173292,-0.011,0.0464,63,0.0163,-0.1319,0.2059,0.0345,-0.0773,0
202502,20145,"pawnee, ks",165000,0,0.3213,42,0.0247,0.431,123,0.0316,0.1893,6,-0.25,0.5,0,,,4,,1,4,0.6,0.3333,72,-0.0056,0.0242,2104,0.0092,0.052,219873,-0.0335,0.1712,45,0.0465,0.4516,0.0964,0.0347,-0.0071,0
202502,24047,"worcester, md",449950,0.0226,-0.01,593,0.1169,0.3715,75,-0.0596,0.0949,246,0.4819,0.0336,0,-1,-1,132,0.1186,-0.0435,225,0.1169,0.1847,396,0.0146,-0.0066,1182,-0.0166,-0.0187,546636,0.011,-0.0836,815,0.1149,0.3113,0.3789,0,-0.0598,0
202502,16037,"custer, id",592500,0.0042,0.1127,23,-0.1154,-0.1481,151,0.0203,0.2615,4,,1,0,,,0,,,11,-0.0833,2.6667,254,-0.166,-0.0934,2742,0.1814,0.4667,1177689,0.0495,0.2289,34,-0.1169,0.1724,0.4783,0.0167,0.3671,1
202502,17163,"st. clair, il",204975,0.0313,-0.0788,368,-0.126,0.0166,57,-0.1102,-0.1439,210,-0.0625,-0.0948,6,-0.25,2,110,0.3095,0.0784,343,0.2405,0.0603,124,-0.0143,0.0342,1723,0.0164,0.0818,250419,-0.0075,0.0125,708,0.0129,0.0336,0.9333,0.2758,0.0385,0
202502,13321,"worth, ga",259250,0.1718,-0.1076,25,0,0.8148,40,-0.3993,0.5784,10,0,0,0,,,12,0.5,2,8,-0.1579,0.7778,133,0.0185,0.1001,1573,0.0008,-0.3201,336770,0.1296,0.1865,33,-0.0294,0.8333,0.3265,-0.0612,-0.0068,1
202502,27027,"clay, mn",314400,0.0015,-0.0326,138,-0.0707,0.0376,76,-0.0033,0.0272,46,0.3529,-0.1481,2,,,30,0.0714,0,50,0.1111,-0.2126,145,-0.0007,-0.0369,2163,0.0014,0.0045,330217,-0.0054,-0.0109,187,-0.0235,-0.0386,0.3623,0.0593,-0.1151,0
202502,13085,"dawson, ga",605794,0.0073,-0.0608,156,-0.0714,0.322,70,-0.0822,0.8,64,-0.0588,-0.0857,6,0.5,-0.25,44,0.0476,0.5714,68,0.193,-0.0872,229,-0.005,0.0433,2833,-0.0155,0.0722,855879,0.0117,0.0491,219,0.0046,0.1292,0.4359,0.0966,-0.1955,0
202502,51009,"amherst, va",284900,-0.0174,-0.1066,61,0.0427,0.2449,52,-0.2727,-0.1034,40,0.6667,0.8182,0,,-1,8,0,-0.5,35,0.3269,0.1897,188,-0.0029,0.0131,1544,-0.0015,-0.0861,441292,-0.0329,-0.0968,96,0.1235,0.2484,0.5656,0.1211,-0.0263,1
202502,18089,"lake, in",282473,0.0091,-0.0333,1067,-0.0698,0.1209,68,-0.0357,0.1894,472,0.0631,-0.0923,48,0.3333,0.2,448,-0.0218,0.3659,690,2.7781,0.8193,160,0.0004,0.0109,1867,0,-0.0105,332821,0.0098,0.0118,1754,0.3134,0.3233,0.6465,0.4873,0.2482,0
202502,30087,"rosebud, mt",285000,0.0412,0.14,10,-0.0476,0.1111,118,-0.0653,-0.287,2,,,0,,,4,,,4,2.5,2.5,112,0.007,-0.0926,2390,0,0.2377,575895,0.0616,-0.1132,13,0.1304,0.3,0.35,0.2548,0.2389,0
202502,19035,"cherokee, ia",188475,0.0581,0.1545,28,-0.127,0.0577,98,0.1073,-0.1642,4,-0.5,-0.6,0,,,8,0.3333,3,8,-0.2727,0.1429,113,0.1363,0.1782,1638,-0.0061,-0.0061,226049,0.0139,0.3062,35,-0.1667,0.0769,0.2909,-0.0583,0.0217,0
202502,54029,"hancock, wv",172425,-0.0254,0.118,43,-0.15,-0.1146,93,0.1451,0.1009,14,-0.125,-0.2222,0,,,10,-0.2857,0,41,0.2239,0.1714,128,0.0424,0.3538,1508,-0.0333,0.0318,271564,0.0492,0.0982,84,0.012,0.006,0.9647,0.2947,0.2355,0
202502,06099,"stanislaus, ca",516948,-0.0106,-0.0153,623,0.1176,0.619,36,-0.4034,-0.1598,404,0.3377,0.3649,28,0.75,0.2727,204,0.1724,0.9615,316,0.262,-0.0217,305,-0.0124,0.0462,1729,-0.0017,-0.0444,632933,-0.0145,0.0163,936,0.1671,0.3267,0.5068,0.058,-0.3319,0
202502,22083,"richland, la",261250,0.0097,0.342,30,-0.0164,0.3043,104,-0.184,0.2229,6,-0.25,0,0,,,8,1,1,10,-0.1667,-0.0476,134,0.041,0.3752,1969,0.0048,0.0015,745034,0.1872,2.1284,39,-0.0941,0.1493,0.3333,-0.0601,-0.1232,0
202502,18039,"elkhart, in",281000,0.0181,0.0188,224,-0.1645,0.2451,76,0.0939,0.3117,104,-0.2239,-0.2353,2,0,-0.6667,102,-0.0192,0.3077,162,0.1912,-0.0636,153,0.0163,0.099,1866,0.0247,0.0034,337923,0.0451,-0.0376,386,-0.0574,0.0997,0.7248,0.2164,-0.239,0
202502,56039,"teton, wy",3325000,-0.1515,0.1944,164,0.0314,0.1799,131,-0.0643,0.0738,30,-0.0625,0.25,0,,-1,26,1.6,1.1667,32,0.0862,0.1053,1502,-0.0205,-0.0128,2258,-0.1276,0.0008,6525067,-0.0422,0.2233,195,0.0291,0.1682,0.1921,0.0097,-0.013,0
202502,13275,"thomas, ga",319900,-0.0079,-0.0291,156,0.0612,0.1908,71,-0.0836,0.6286,60,1,-0.25,0,,,34,0.5455,0.4167,48,0.1585,0.1728,183,0.0241,0.0467,1815,-0.006,-0.052,402770,0.0018,0.0237,201,0.0722,0.1691,0.3045,0.0256,-0.0047,0
202502,31059,"fillmore, ne",182000,-0.1078,0.2772,11,-0.0833,1.2,89,0.3111,-0.066,0,-1,-1,0,,,0,-1,,3,-0.25,0.5,128,0.0509,0.3831,1812,0.0107,0.1797,390600,0.0091,1.7804,14,-0.0968,1.1538,0.2727,-0.0606,-0.1273,1
202502,47035,"cumberland, tn",397250,0.0212,0.0745,379,0.047,0.4019,88,-0.0304,0.0701,120,0.4286,-0.0164,0,-1,,92,0.3529,0.2432,90,0.0714,-0.1133,217,-0.0006,0.0601,1800,0.0107,0.0516,484785,0.0136,0.1327,466,0.0496,0.2598,0.2378,0.0054,-0.1381,0
202502,28019,"choctaw, ms",165000,0.0233,-0.0828,10,0.25,0.5385,39,-0.7277,-0.4265,6,0.5,,0,,,0,,,2,,,97,-0.0001,0.068,1950,0.1111,0.2603,193212,0.0092,0.2383,11,0.375,0.6923,0.2,,,0
202502,49007,"carbon, ut",359100,0.1083,-0.055,88,-0.0928,0.0667,63,-0.0735,-0.5325,22,0.2222,1.2,0,,,14,0.1667,-0.125,19,0.3103,-0.05,150,0,0,2084,0.0457,-0.0006,413603,0.0451,0.0567,107,-0.0404,0.0542,0.2159,0.0664,-0.0265,1
202502,37065,"edgecombe, nc",164325,0.0023,-0.1347,104,-0.0143,0.247,81,-0.0499,0.3787,38,0.5833,-0.2083,0,,,38,0.3571,0.4615,38,0.1029,-0.1176,124,-0.0576,-0.0012,1349,0.0088,-0.0907,190844,0.0601,-0.023,141,0.0071,0.093,0.3623,0.0385,-0.1497,1
202502,42055,"franklin, pa",348473,-0.0135,0.0926,261,-0.0578,0.454,48,-0.183,0.1429,144,0.1803,0.0588,20,-0.1667,-0.4118,82,0.1714,0.7083,222,0.1385,0.1563,180,0.0137,-0.0196,2000,-0.0143,0.0529,391413,-0.0085,0.0925,484,0.0158,0.3085,0.8506,0.1466,-0.2191,0
202502,28135,"tallahatchie, ms",117200,-0.0616,-0.0004,10,0.0556,-0.2083,106,0.2149,-0.2677,6,2,0.5,0,,,0,,-1,1,-0.8,-0.3333,77,-0.0827,-0.0496,1734,0.1278,0.1673,298568,0.433,1.5887,11,-0.2222,-0.25,0.1053,-0.4503,-0.0197,0
202502,54057,"mineral, wv",291225,0.0529,0.6354,35,-0.0411,-0.1139,64,0.0242,-0.3316,14,-0.3,0.4,0,,,6,-0.25,-0.4,23,0.3143,0.0952,156,-0.0014,0.5175,1952,-0.0159,0.2062,360443,0.0446,0.4848,57,0.0273,-0.0738,0.6571,0.1777,0.1255,1
202502,37099,"jackson, nc",840000,-0.0394,0.0881,225,-0.0587,0.0113,117,-0.049,0.0591,44,0.2941,-0.3333,0,,,24,-0.0769,0.0909,66,-0.0643,-0.1027,318,-0.0277,-0.048,1916,0.0581,0.0403,1428981,-0.0037,-0.0068,290,-0.063,-0.0068,0.2918,-0.0017,-0.0371,0
202502,26071,"iron, mi",205000,0.1472,0.6335,53,-0.0708,0.3125,123,-0.0467,0.0652,16,0.6,0.1429,0,,,4,1,0,17,0.0303,-0.2273,177,0.0888,0.2241,1266,0.0202,-0.0265,387265,0.0739,0.1511,67,-0.089,0.0813,0.3238,0.0318,-0.2262,1
202502,13211,"morgan, ga",517900,-0.1337,-0.0134,103,0.0677,1.1354,95,-0.114,1.4114,36,0.6364,1.5714,6,,,34,0.1333,3.25,19,-0.0263,-0.4219,218,-0.0235,-0.0224,2479,-0.013,-0.0401,690196,-0.0314,-0.0006,120,0.067,0.4938,0.1805,-0.0174,-0.4862,1
202502,51610,"falls church, va",935000,0.0374,0.1918,24,-0.04,3,244,0.1299,14.2188,8,0,-0.2,0,,,2,,,15,0.16,0.2609,679,-0.0221,0.4784,1313,0.0048,-0.1461,1090242,0.0615,0.0774,39,0.0541,1.2286,0.6042,0.1042,-1.3125,1
202502,28029,"copiah, ms",232000,-0.019,0.6281,38,0.087,0.3158,79,0.2335,-0.1658,4,-0.6667,-0.7143,0,,,12,0.5,0.5,11,-0.2759,-0.16,109,-0.0097,0.316,2003,-0.002,0.1106,229910,-0.0256,0.4207,48,-0.0104,0.1446,0.28,-0.1403,-0.1586,1
202502,13195,"madison, ga",379000,-0.0325,-0.0191,69,-0.1384,0.8026,75,-0.0854,0.4563,22,0.1,0.375,0,,,18,-0.3077,2,37,0.2333,0.451,190,-0.0354,-0.0345,1891,-0.0174,-0.0643,428655,0.0109,0.0317,102,-0.0556,0.6721,0.5401,0.1628,-0.1309,0
202502,54045,"logan, wv",139500,-0.0379,-0.0029,32,-0.2759,0.0678,106,-0.1021,-0.014,4,-0.3333,-0.5,0,,,4,-0.3333,-0.3333,17,0.4348,-0.0571,89,-0.0872,0.0687,1750,0.1442,-0.0421,171668,-0.041,0.1499,48,-0.1273,0.0105,0.5238,0.2594,-0.0694,0
202502,47135,"perry, tn",322450,-0.0078,0.2902,35,-0.0282,0.6047,105,-0.1939,-0.2527,8,0.3333,0.3333,0,,,8,0,3,6,0.3333,2,207,0.0115,0.3398,1440,-0.0932,-0.0413,448434,-0.0385,-0.0964,40,0.0395,0.6458,0.1739,0.0472,0.0809,0
202502,37003,"alexander, nc",363250,-0.0409,-0.0503,57,-0.0259,0.5694,81,0.1054,0.776,22,0.375,-0.1538,0,,,14,0.1667,0,31,0.3864,0.3556,199,-0.0288,-0.0701,1768,-0.0076,0.0063,481303,0.0141,-0.0217,88,0.1,0.5043,0.5398,0.1605,-0.0852,0
202502,51007,"amelia, va",391712,-0.0397,-0.1031,19,-0.2549,0.1176,83,0.375,0.358,6,2,0,0,,,4,-0.6667,,18,0.2857,1.1176,214,-0.0407,0.0002,1873,0.0698,-0.0836,483787,0.0346,-0.0444,36,-0.0886,0.4118,0.9474,0.3983,0.4474,1
202502,39119,"muskingum, oh",260850,0.0211,0.0816,150,-0.0291,0.7964,68,-0.0353,-0.1333,64,0.1852,0.28,0,,,54,0.2273,0.8,81,0.0805,0.1181,145,-0.002,0.0337,1815,-0.0418,-0.0096,282939,0.0036,0.0243,228,-0.0108,0.505,0.5367,0.0545,-0.3256,0
202502,05109,"pike, ar",337975,-0.0308,-0.1093,51,0,0.1609,100,-0.1419,0.0153,10,0.6667,-0.2857,0,,,10,1.5,4,6,0.0909,-0.5556,159,-0.0523,-0.1522,2018,-0.0427,-0.019,440795,-0.0613,0.0652,56,0.0091,0.0278,0.1188,0.0099,-0.1915,1
202502,21127,"lawrence, ky",229900,0.0218,0.106,12,-0.1724,-0.0769,88,-0.0249,0.4852,4,,0,0,,,2,-0.5,-0.6667,9,0.0625,-0.2609,112,0.1774,-0.2535,1769,-0.0653,0.2324,236039,0.0468,-0.1861,20,-0.1111,-0.1667,0.7083,0.1566,-0.1763,0
202502,26007,"alpena, mi",212375,0.0365,-0.0644,42,-0.0233,0.7143,65,-0.0151,0.5444,24,1,0.3333,0,,,10,0.25,0.6667,19,0.2667,0.52,143,0.1126,0.0678,1630,-0.0219,-0.1373,571940,0.0263,-0.4988,60,0.0526,0.6667,0.4524,0.1035,-0.0578,0
202502,16021,"boundary, id",584900,-0.0116,0.1721,34,-0.299,-0.3061,88,-0.4393,0.3245,8,1,-0.2,0,-1,,6,2,-0.5714,13,0.0833,0.0833,285,-0.0695,0.1498,1800,0,-0.0837,626810,-0.01,0.2456,46,-0.2397,-0.2459,0.3824,0.1349,0.1375,0
202502,48077,"clay, tx",299225,0.1117,0.3376,50,-0.0571,0.4348,106,0.1648,0.1713,10,0.25,0,0,,,18,0,2,9,1.8333,0.3077,141,-0.0214,-0.0598,1870,0.0147,0.0698,402195,0.0344,0.1008,57,0.027,0.425,0.1717,0.1146,-0.0167,0
202502,37015,"bertie, nc",225000,-0.1627,0.1349,32,0.2115,0.6154,73,-0.0034,0.0319,4,-0.6667,-0.3333,0,,,0,-1,-1,9,-0.1818,0.125,139,-0.0288,0.1889,1854,-0.0521,0.0184,347119,-0.0589,0.0664,40,0.1111,0.4545,0.2857,-0.1374,-0.1245,0
202502,36047,"kings, ny",825000,0.0152,0.0313,2609,0.0264,0.0357,88,-0.0642,-0.0591,724,0.0616,0.0056,26,0.3,0.3,282,0.0682,-0.1076,1196,-0.0193,-0.1478,744,-0.0109,0.0359,1134,-0.0055,0.0143,1343588,-0.0043,-0.0375,3761,0.0009,-0.0318,0.4585,-0.0213,-0.0988,0
202502,37155,"robeson, nc",251975,-0.0155,0.0173,162,0.0157,0.1613,82,-0.0353,0.4977,54,0.2857,0.1739,4,,,44,0.2941,0.2941,64,0.1963,0.219,144,-0.0142,0.0854,1644,-0.0078,-0.0764,300004,0.0885,0.0503,225,0.0638,0.1628,0.3951,0.0596,0.0187,0
202502,02050,"bethel census area, ak",308000,-0.1238,-0.1421,9,0.125,-0.1818,132,0.2464,-0.1024,2,,0,0,,,2,-0.5,,2,0,-0.3333,159,-0.0203,-0.3125,1809,-0.0047,0.2727,334733,-0.0783,-0.1214,11,0.1,-0.2143,0.2222,-0.0278,-0.0505,1
202502,54103,"wetzel, wv",195000,0.0788,0.0159,20,-0.0476,0.4815,85,0.3878,0.2319,4,1,0,0,,,2,-0.6667,,9,0.0625,-0.2917,119,0.013,0.0664,1543,0.1141,-0.0741,193360,0.0468,-0.1824,29,-0.0339,0.0755,0.425,0.044,-0.4639,0
202502,12029,"dixie, fl",299000,0.0004,-0.1199,68,0.0625,0.0226,87,-0.3262,-0.0467,24,2,0.5,0,,,18,2,1.25,6,0.375,-0.6071,212,0.0619,-0.0128,1320,-0.0135,-0.0265,359130,0.0364,-0.2763,74,0.0889,-0.087,0.0809,0.0184,-0.1296,1
202502,24023,"garrett, md",660750,-0.0164,-0.0492,159,-0.0275,0.4009,96,-0.1033,0.1437,62,1.8182,0.6316,0,,,30,-0.0625,0.0714,49,0.2895,0.1667,287,0.0063,-0.0567,2172,-0.0044,0.0465,783816,-0.0178,-0.149,207,0.035,0.3355,0.3082,0.0758,-0.0619,0
202502,22033,"east baton rouge, la",290000,0.0002,-0.0332,1628,0.0188,0.1776,92,-0.0469,0.011,530,0.2864,0.0905,26,0.625,1.1667,462,0.2833,0.4172,569,0.2006,-0.1367,159,0.003,-0.0097,1827,0.0041,-0.0367,412258,0.0173,-0.0444,2203,0.0553,0.089,0.3493,0.0529,-0.1272,0
202502,06005,"amador, ca",547000,0.0962,0.1455,170,-0.0368,0.3127,75,0.0455,-0.2069,44,-0.3125,-0.2414,0,-1,,46,0,0.5333,50,0.25,0.0638,271,0.0351,0.0001,2018,0.0164,0.0967,685317,0.0443,-0.0043,220,0.0046,0.2465,0.2941,0.0675,-0.0688,0
202502,01039,"covington, al",239975,0.0003,0.11,150,0.0381,0.5957,99,-0.137,0.4813,38,0.1176,0.1176,0,,,26,0.1818,0.1818,20,0.25,0.3793,109,0.0325,0.1015,2030,-0.0252,-0.0009,295787,0.007,0.0752,169,0.0629,0.5794,0.1333,0.0226,-0.0209,0
202502,48097,"cooke, tx",399000,-0.0009,-0.0708,241,0.0105,0.3616,86,-0.0952,0.1958,56,0.037,-0.1765,2,,-0.75,68,0.4167,0.1724,56,0.1667,-0.125,202,-0.0037,-0.0072,2002,-0.001,-0.0434,532966,0.0258,-0.047,297,0.0476,0.2324,0.2324,0.0311,-0.1292,0
202502,22127,"winn, la",167488,0.0651,0.6164,17,-0.0294,0.1786,141,0.1037,1.4103,0,-1,-1,0,,,0,-1,-1,5,0.2857,-0.3571,67,0.0744,0.1452,2126,0.1008,0.3027,152427,0.0615,0.2882,21,0.0244,0,0.2727,0.0668,-0.2273,1
202502,34001,"atlantic, nj",399950,0.0001,0.0074,950,0.0651,0.1297,59,-0.1491,0.0086,414,0.1897,0.1436,24,0.0909,0.5,184,0.2267,0.0337,475,0.1061,-0.0443,257,-0.0098,0.0326,1551,0.0295,0.0323,734950,-0.0184,0.0653,1404,0.0796,0.0537,0.4997,0.0185,-0.091,0
202502,47153,"sequatchie, tn",370475,-0.0021,-0.0692,74,0,1.1765,87,-0.0568,0.2737,24,0.3333,1,0,,,24,-0.2,1,13,-0.2647,-0.1667,220,0.0107,0.0963,2035,0.1629,0.1024,578562,0.0936,0.1252,87,-0.0279,0.7755,0.1689,-0.0608,-0.2723,1
202502,20135,"ness, ks",218250,0.746,-0.4,11,0.2353,1.625,105,-0.1234,-0.3737,0,-1,,0,,,0,-1,,2,0.5,-0.5,92,0.0036,1.0103,2413,0.1111,0.2779,679577,2.6942,0.9845,12,0.3333,0.7143,0.1429,0.0252,-0.6071,1
202502,36091,"saratoga, ny",624900,0.0701,0.1315,363,-0.0307,-0.056,75,-0.0478,0.0136,132,-0.0435,-0.0959,22,-0.1538,0,40,-0.2,0.1765,425,-0.023,-0.1138,307,0.0459,0.0986,1967,0.0117,-0.0013,811939,0.0642,0.1863,786,-0.0272,-0.0866,1.171,0.0093,-0.0764,0
202502,21193,"perry, ky",149950,0.0003,-0.2087,37,-0.0395,0.3774,114,0.0363,-0.0297,12,,1,0,,,4,-0.6667,0,10,0.0526,0.1111,100,0.0394,0.0434,1496,-0.0309,-0.2425,205946,0.0117,-0.1363,46,-0.0515,0.2778,0.274,0.024,-0.0657,1
202502,46045,"edmunds, sd",126150,0.0532,-0.186,9,0.125,0.125,106,0.1047,0.099,2,,,0,,,0,-1,,1,,,61,0.1811,-0.2951,2178,0.0223,0.0921,268259,0.2711,0.3369,10,0.1875,0.1875,0.1111,,,1
202502,09140,"naugatuck valley planning region, ct",389000,0.0373,-0.0736,431,-0.1223,0.1992,51,-0.184,-0.1282,318,0,0.1357,2,-0.75,-0.8333,98,0,0.4,589,0.0907,0.0622,255,0.014,0.1041,1537,0.0213,-0.1765,477377,0.0053,-0.096,1018,-0.0117,0.1145,1.3682,0.2673,-0.1764,0
202502,02066,"copper river census area, ak",212000,-0.0578,-0.262,24,0.0435,1,176,0.1359,-0.2595,2,,-0.5,0,,,4,1,,2,-0.5,-0.4,169,-0.0202,-0.0831,1250,0,-0.1364,243654,-0.0182,-0.1477,26,-0.0192,0.7586,0.0625,-0.0679,-0.1458,1
202502,51093,"isle of wight, va",465925,-0.0071,0.0325,105,-0.0455,0.1351,49,-0.1624,0.3243,52,0.4444,0.0833,0,,,22,0.1,0,4,-0.1111,-0.8667,203,-0.0058,-0.0059,2206,-0.0027,-0.0036,499138,-0.0116,-0.0233,109,-0.0439,-0.0917,0.0381,-0.0028,-0.2862,0
202502,29057,"dade, mo",219067,0.1022,0.4604,27,-0.129,0.4595,114,-0.1775,0.1523,2,-0.6667,0,0,,,6,0.5,0.5,8,0.3333,0.0667,112,-0.0172,0.1909,2144,0.2151,0.5141,441857,0.0571,1.7803,35,-0.0667,0.3725,0.2963,0.1027,-0.1091,0
202502,27107,"norman, mn",149950,0.0347,0.0166,9,-0.25,0.5,101,0.1705,0.8409,0,,-1,0,,,0,-1,,8,0,0.7778,78,-0.0228,0.232,1869,-0.0684,-0.1626,192012,-0.0724,0.0331,18,-0.1463,0.5909,0.8889,0.2222,0.1389,1
202502,18107,"montgomery, in",229450,-0.0453,-0.1088,64,-0.0863,0.1651,73,-0.0458,-0.0458,38,0.7273,-0.05,0,,,28,0.4,0.2727,43,0.1622,-0.1313,135,0.0545,0.1766,1881,-0.0359,-0.222,251326,-0.0546,-0.1289,108,0.0238,0.0337,0.6772,0.1448,-0.2311,1
202502,20129,"morton, ks",109950,0.1219,-0.083,11,0,1,143,0.128,0.2323,4,1,,0,,,0,-1,,4,0,-0.5,60,0.0581,0.1623,1770,-0.0781,0.3216,208244,-0.0394,0.2027,15,0.0345,0.25,0.3182,0,-0.9545,0
202502,37037,"chatham, nc",886000,0.0231,0.0805,239,0.0671,0.1578,63,-0.2837,0.1062,98,0.0652,-0.1833,8,0,-0.2,46,0.0455,0.3529,151,0.249,-0.1326,299,0.0372,0.089,3151,0.0037,0.0149,1194109,0.0566,0.0849,390,0.1356,0.0277,0.631,0.0919,-0.2112,0
202502,21165,"menifee, ky",184000,0.0068,0.0236,36,-0.1,0.4118,114,0.1692,0.8537,6,0,-0.25,0,,,4,-0.6,1,8,-0.0588,1.6667,167,-0.0049,-0.0285,1061,0,0.1081,229484,-0.0471,0.0645,44,-0.0938,0.5536,0.2222,0.0097,0.1046,0
202502,48311,"mcmullen, tx",699000,1.1912,1.1912,1,-0.6667,-0.5,118,0.3128,0.1408,0,,,0,,,0,,,2,,0,276,0.0485,0.0485,2533,1.0899,1.0899,699000,0.5803,1.1912,3,0,0.5,2,,1,1
202502,30091,"sheridan, mt",205000,0.0002,0.3554,11,0.05,-0.125,122,-0.0488,0.7774,4,,0,0,,,2,,,3,0.25,1.5,87,-0.2437,-0.108,2392,0.0602,0.4352,223718,-0.0183,0.2301,13,0.0833,0.04,0.2381,0.0381,0.1548,0
202502,29049,"clinton, mo",287500,0.0456,0.1759,43,-0.1887,0.0886,90,0.0909,-0.0886,16,0,-0.1111,0,-1,,12,0.5,0.5,32,0.1228,0.6842,172,0.0145,0.0215,1719,0.0067,-0.0007,365652,-0.0038,-0.1247,75,-0.0629,0.2957,0.7442,0.2065,0.2632,0
202502,51171,"shenandoah, va",370475,-0.0099,-0.0041,104,0.1129,0.4375,44,-0.2368,0.5818,52,0.5294,-0.2353,2,0,,30,0.3636,0.6667,51,-0.0734,-0.3082,220,-0.0183,0.0076,1707,-0.0101,0.0173,492315,-0.0422,0.0432,153,0.0444,0.0662,0.4879,-0.0981,-0.526,0
202502,54087,"roane, wv",177000,-0.292,-0.0802,26,-0.0377,0.3421,151,0.1066,0.3807,4,-0.3333,-0.5,0,,,2,-0.5,0,9,-0.1905,-0.3704,122,-0.0686,0.0782,1702,-0.0862,-0.0241,273018,-0.1233,-0.0473,34,-0.0556,0.0462,0.3333,-0.0629,-0.3772,0
202502,34009,"cape may, nj",827000,-0.0409,-0.081,785,0.0404,0.0776,74,-0.1345,0.0423,302,0.313,-0.0736,8,1,1,116,0.0545,0.2889,344,0.0836,-0.0779,669,-0.0072,0.0435,1630,0.0218,-0.044,1470531,0.0086,-0.0691,1125,0.0608,0.0279,0.4376,0.0174,-0.0737,0
202502,10005,"sussex, de",539950,0.0009,0.0008,1360,0.0621,0.2364,76,-0.1065,0.0203,562,0.3707,0.2217,66,2,0.0313,270,0.2617,-0.0146,791,0.0941,0.0625,259,0.0042,0.0107,2110,-0.0079,-0.0047,683927,0.0172,-0.0285,2149,0.0649,0.1696,0.5816,0.017,-0.0952,0
202502,45049,"hampton, sc",237588,0.1327,-0.0859,31,-0.1143,0.0164,119,0.0917,0.2143,4,-0.75,-0.3333,0,,,12,0.2,0.5,12,0.2778,0.0952,135,0.0381,0.009,1681,0.0798,-0.1338,232221,0.0795,-0.4078,43,-0.0116,0.0366,0.371,0.1138,0.0267,0
202502,17197,"will, il",398195,0.0238,0.0345,845,-0.0836,0.2328,45,-0.1864,0.1699,634,0.3045,0.0819,60,0,0.6667,242,0.1,0.2222,847,0.2145,0.0797,196,0.0022,0.0276,2042,0.0186,-0.0009,470014,0.0436,0.0004,1689,0.0375,0.1475,1.0024,0.246,-0.1422,0
202502,27111,"otter tail, mn",364750,0.0182,0.0607,150,-0.0099,0.2195,95,0.1276,-0.1183,44,0.6923,-0.1852,0,,,16,-0.2,0.6,62,0.1714,-0.2065,194,0.0657,0.0494,1975,0.0022,0.0264,582627,0.0544,0.317,208,0.0323,0.0479,0.41,0.0635,-0.2201,0
202502,48429,"stephens, tx",237125,-0.012,-0.0674,44,0.0875,0.1918,144,0.0571,0.1811,10,0.25,0,0,,,4,-0.5,-0.3333,4,-0.2,-0.5,130,0.0147,0.1425,1728,0.0044,0.0012,430004,0.5048,0.4897,46,0.011,0.0455,0.092,-0.033,-0.1272,0
202502,08031,"denver, co",565000,0.0273,-0.0989,2015,0.1154,0.5931,44,-0.4238,0.2083,1118,0.0567,0.1455,20,-0.3333,-0.1667,880,0.388,0.5884,741,0.424,-0.0897,401,0.0151,-0.0599,1498,0.0054,-0.0416,771897,0.0212,-0.1338,2755,0.187,0.3274,0.3676,0.0797,-0.2758,0
202502,06033,"lake, ca",372500,-0.0119,-0.1173,371,0.0221,0.1296,99,-0.0771,-0.1043,76,-0.05,0.027,2,-0.5,0,110,0.1458,0.4474,77,0.0336,-0.0494,240,0.0004,-0.0402,1500,-0.0037,-0.0409,531774,0.0005,-0.0567,446,0.0206,0.0946,0.2078,0.0023,-0.0391,1
202502,01081,"lee, al",402590,0.0101,0.0177,709,0.0351,0.1567,53,-0.1548,-0.2169,302,0.1185,0.1185,66,0.0313,1.2,230,0.2105,0.5333,130,0.146,0.0658,195,0.0101,0.0447,2123,0.0124,-0.0389,491257,0.0026,0.0125,840,0.0448,0.146,0.1828,0.0177,-0.0156,0
202502,39065,"hardin, oh",180550,0.1339,0.1945,30,-0.0328,0.1346,63,0.0638,0.6892,20,0.4286,-0.2308,0,,,8,0,1,27,0.0816,0.1042,115,0.2407,0.221,1698,0.0077,0.0838,226641,0.1402,0.1321,57,0.0088,0.1753,0.8983,0.095,-0.0248,0
202502,28145,"union, ms",296900,0.015,0.0796,83,-0.0179,0.65,88,-0.1379,0.1182,20,0.4286,0,0,,,20,0.6667,0.25,21,0.75,0,143,-0.0439,0.0576,1925,0.0005,0.0362,312697,-0.0007,0.0832,102,0.0573,0.4604,0.2545,0.1117,-0.1655,0
202502,18007,"benton, in",256975,0.0332,0.5296,27,0,1.3478,103,0.2523,0.0148,4,0,-0.3333,0,,,8,0,1,8,0.4545,-0.4286,130,0.0001,0.2113,1904,-0.009,0.1928,274150,0.0193,0.4612,35,0.0606,0.4,0.2963,0.0926,-0.9211,1
202502,27131,"rice, mn",402460,-0.0299,-0.0087,88,-0.0169,0.1006,66,0.0397,0.1197,42,0.2353,-0.3438,0,,,18,0.125,0.2857,64,0.1963,0.1636,191,-0.0056,-0.0193,2029,-0.0088,0.0424,513032,-0.0036,0.0592,152,0.0521,0.1348,0.7314,0.1303,0.0396,0
202502,48117,"deaf smith, tx",225000,-0.0683,-0.0054,47,0.3881,-0.07,30,-0.6488,-0.3218,12,-0.1429,0.2,0,,,8,,-0.5,10,0.8182,0.1765,119,-0.0403,-0.0209,1913,-0.0052,0.0945,247759,-0.0475,-0.0634,59,0.5,0.0174,0.2151,0.0509,0.0451,0
202502,47189,"wilson, tn",578366,0.0148,0.0149,588,0.0426,0.2395,46,-0.2087,0.5424,328,0.3016,0.312,22,0.375,0.8333,188,0.119,-0.0105,478,0.1342,2.2047,240,-0.0074,0.022,2407,0.0069,-0.0285,752861,0.0032,0.0246,1063,0.0869,0.7215,0.8128,0.0656,0.4984,0
202502,49033,"rich, ut",724900,-0.0102,0.0017,95,-0.0105,0.4882,143,0.027,0.0837,16,0.1429,0.3333,0,,,12,2,0.5,17,-0.1053,0.0968,302,-0.0051,0.0857,2486,-0.0302,-0.0353,889960,-0.0108,0.0286,111,-0.0263,0.414,0.1799,-0.0191,-0.0642,0
202502,18155,"switzerland, in",299975,0.0482,0.1018,23,0.0465,-0.1346,81,0.1364,-0.0269,8,1,1,0,,,4,0,0,6,0.8333,-0.2143,156,0.1044,-0.0524,1838,0,0.2798,309297,0.0607,0.0989,28,0.1224,-0.1667,0.2444,0.1049,-0.0248,1
202502,56029,"park, wy",585000,0.0047,-0.082,131,-0.081,0.1154,121,0.0592,0.0639,24,-0.0769,-0.3333,0,,,26,-0.1875,0.8571,40,0.1286,0.0972,281,-0.0082,-0.0548,2329,0.0022,0.0701,968406,0.0259,0.0341,168,-0.0483,0.1093,0.3027,0.0562,-0.005,0
202502,01023,"choctaw, al",137500,-0.0179,-0.4096,8,-0.1579,-0.3846,116,0.1373,-0.4328,4,,1,0,,,0,,,1,0,,91,-0.0049,-0.171,2115,-0.067,-0.0919,208999,-0.0036,-0.1478,9,-0.1429,-0.3077,0.125,0.0197,,1
202502,19141,"o'brien, ia",299999,0.0804,0.3963,46,-0.0417,0.122,130,-0.0095,-0.1501,8,-0.3333,0.3333,0,,,2,,-0.5,5,0.4286,-0.1667,148,-0.0693,0.3345,1734,0.0717,-0.0495,312009,0.0524,0.2502,51,-0.0194,0.086,0.1087,0.0358,-0.0376,0
202502,01095,"marshall, al",350000,0.0427,-0.0138,376,-0.0209,0.4526,104,0.0838,0.3442,118,0.7353,0.1346,2,-0.6667,-0.6667,118,0.3111,0.5946,101,0.2642,1.5769,173,0.0089,0.0029,1953,0.0197,-0.0719,470557,0.0216,0.0108,475,0.0383,0.5886,0.2676,0.0603,0.1168,0
202502,17069,"hardin, il",147500,-0.1556,-0.252,13,0.1304,0.3684,63,-0.5172,0.115,6,,2,0,,,0,,,3,0,0,100,-0.1906,-0.0557,1244,0.0077,-0.2737,156471,-0.1404,-0.4611,17,0.1379,0.32,0.2308,-0.0301,-0.085,1
202502,20179,"sheridan, ks",479000,0.4876,0.1842,1,,-0.75,18,-0.7308,-0.9159,2,,,0,,,0,,,,,,290,1.3361,0.9019,1652,-0.368,-0.5048,479000,0.4876,-0.4083,1,,-0.75,,,,1
202502,55073,"marathon, wi",306450,0.0176,-0.1262,93,-0.1226,0.2157,45,-0.3431,-0.0426,64,-0.0588,-0.0303,0,,-1,20,0.25,0,124,0.2865,0.0466,164,0.0195,-0.0213,1804,-0.0216,-0.0873,381945,0.0253,-0.0448,217,0.0769,0.1128,1.328,0.4223,-0.2145,1
202502,53041,"lewis, wa",489745,-0.0055,-0.1054,230,-0.0336,0.2234,94,-0.0697,-0.1095,74,0.0571,0.1935,0,-1,-1,72,0.0909,0.3333,82,0.1081,0.1549,277,-0.0117,0.0027,1815,0.028,-0.0787,565656,0.0105,-0.0779,310,-0.0048,0.2019,0.3565,0.0456,-0.0211,1
202502,47187,"williamson, tn",1197000,0.05,0.0073,932,0.0293,0.0762,55,-0.2122,0.3193,564,0.541,0.5243,60,0,0.4286,238,0.3222,0.202,688,0.1106,2.1202,359,0.0098,0.0224,3357,0.0185,-0.0162,1842707,-0.0009,-0.0197,1619,0.0676,0.4991,0.7382,0.054,0.4836,0
202502,04025,"yavapai, az",663725,-0.0066,0.0257,1348,0.0294,0.2278,79,-0.1302,-0.0819,508,0.1651,0.2637,12,0.2,-0.5385,420,0.2281,0.3208,419,0.1989,-0.0379,333,0.0018,0.0265,2024,-0.0004,-0.0074,934120,-0.0034,0.0329,1761,0.066,0.1529,0.3109,0.0439,-0.0859,0
202502,45079,"richland, sc",276573,-0.0165,-0.0172,1102,0.0018,0.2158,46,-0.1674,0.2603,578,-0.043,0.0989,34,-0.5641,-0.1053,498,0.3245,0.2388,745,0.1454,-0.1008,150,-0.0023,0.02,1827,-0.0219,-0.0688,354811,0.0046,0.0536,1845,0.0561,0.0668,0.6759,0.0847,-0.238,0
202502,39175,"wyandot, oh",188175,0.0093,0.0173,37,0.1045,0.3962,62,0.0982,-0.0889,8,-0.4286,-0.4286,0,,,8,1,0.3333,14,-0.1,-0.2703,137,0.0158,0.3273,1509,-0.0841,-0.0449,215780,-0.032,0.2248,51,0.0306,0.1348,0.3649,-0.0829,-0.3332,0
202502,17145,"perry, il",72200,-0.0233,-0.4599,28,-0.0351,-0.3125,67,-0.3162,-0.0185,10,0.6667,-0.1667,0,,-1,4,-0.3333,-0.3333,20,0.0526,0.2903,67,0.0688,-0.2469,1290,-0.0023,-0.2178,124414,0.014,-0.2488,46,-0.0421,-0.1727,0.7273,0.0606,0.3398,1
202502,54093,"tucker, wv",311225,0.0379,-0.3948,42,-0.1075,0.6275,131,0.0175,0.0275,8,-0.3333,0.3333,0,,,6,,0.5,12,0.0455,0.4375,230,0.0477,-0.0122,1824,0.0244,-0.1986,451042,0.0217,-0.1391,53,-0.0783,0.5821,0.2771,0.0405,-0.0366,1
202502,05127,"scott, ar",165500,-0.0105,0.3374,38,0,0.0417,95,-0.194,1.7194,8,1,-0.2,0,,,2,-0.6667,-0.5,5,-0.0909,-0.375,99,-0.001,0.0299,1716,0.0309,0.2124,359347,-0.3389,1.01,43,0,-0.0341,0.1333,-0.0133,-0.0889,1
202502,45063,"lexington, sc",323975,0.0016,0.0127,812,-0.0128,0.2013,52,-0.0413,-0.0234,384,0.0435,0.0787,22,0.1,0.2222,406,0.5263,0.2609,595,0.2296,0.1123,160,0.0047,0.0236,2100,0.0013,0.0026,424226,0.0479,0.0224,1403,0.0649,0.1595,0.7326,0.1444,-0.0587,0
202502,05117,"prairie, ar",225000,0.0846,-0.0964,12,0.6429,1.0909,48,-0.4099,-0.3559,6,,2,0,,,0,,,2,0,-0.4286,104,0.0488,-0.063,1610,0.0923,-0.3476,246371,0.1491,-0.5343,13,0.3684,0.3684,0.1739,-0.1118,-0.4625,1
202502,13233,"polk, ga",299450,0.0204,-0.001,128,-0.0657,0.3474,82,0.0283,0.5139,30,-0.4,-0.2857,4,,,44,0.1,-0.0833,42,0.1528,-0.0879,174,-0.0014,0.0429,1770,0.0205,0.0149,356003,0.0137,0.012,167,-0.0292,0.1725,0.3242,0.0614,-0.1547,0
202502,22073,"ouachita, la",256000,0.0045,-0.0309,330,0.0015,0.1938,88,-0.0907,0.0057,116,0.234,0.234,2,,,94,-0.0408,-0.0408,126,0.2174,0.2293,134,0.003,0.0277,1855,0.0163,-0.0666,302028,0.0376,-0.024,454,0.0461,0.1856,0.3824,0.0678,0.011,0
202502,54081,"raleigh, wv",198950,0.0485,0.0475,120,-0.1078,0.0714,76,-0.0588,0.027,48,0.2632,-0.2727,2,,,22,-0.0833,-0.3125,62,0.0982,-0.1689,119,-0.0402,0.172,1638,0.0136,-0.125,255818,-0.0173,0.0444,181,-0.0474,-0.0243,0.5125,0.0961,-0.1482,0
202502,45073,"oconee, sc",383225,-0.0032,0.0698,295,0.0424,0.0424,74,-0.132,0.0459,122,0.2979,-0.1528,0,-1,-1,108,0.35,0.4211,127,0.3177,-0.1424,212,0.0023,0.0282,1827,-0.0139,-0.0616,570646,-0.0175,0.0156,421,0.1095,-0.0198,0.4288,0.0896,-0.0924,0
202502,31083,"harlan, ne",134000,0.0229,-0.1754,7,-0.0667,-0.3636,77,-0.0941,0.1119,0,-1,-1,0,,,0,,-1,5,2.3333,4,140,0.0503,0.2254,1625,0.3839,-0.0469,153571,-0.1573,-0.3012,12,0.3333,-0.04,0.7143,0.5143,0.6234,1
202502,13199,"meriwether, ga",334200,0.0877,0.181,69,0.0222,0.4082,78,0.0954,0.1698,26,0.1818,0.4444,0,-1,-1,20,0,0,21,-0.16,-0.4167,165,0.1236,0.1904,1748,0.012,0.053,409285,0.0603,0.3017,91,-0.0216,0.0904,0.3043,-0.066,-0.4303,0
202502,41043,"linn, or",468375,0.0273,0.0075,254,-0.0324,0.1736,65,-0.1688,-0.0543,126,0.1887,0.5366,12,0.5,0.5,78,-0.025,0.0263,161,0.3197,0.3644,275,-0.0001,-0.0065,1712,0.0059,0.0003,559599,-0.0012,-0.0314,412,0.0688,0.2247,0.6351,0.1695,0.0888,0
202502,18093,"lawrence, in",257400,0.0718,0.2044,108,-0.0046,0.0189,69,0.1224,-0.1406,48,0.6,-0.1724,0,,,30,0,-0.2105,42,0.1857,-0.3566,161,0.0096,0.1296,1620,-0.0012,0.0263,283600,0.0301,0.0446,151,0.0786,-0.117,0.3843,0.0617,-0.2242,0
202502,42105,"potter, pa",219950,-0.2034,0.0677,62,0.0336,0.382,104,0.0098,-0.2305,14,0.4,0.75,0,,,8,0,3,16,-0.1143,-0.1389,148,-0.1006,0.2369,1634,0.0121,-0.1173,310306,-0.0626,0.1643,77,0.0132,0.2419,0.252,-0.0421,-0.1525,1
202502,48099,"coryell, tx",255072,0.0203,-0.0017,250,0.0288,0.3158,80,-0.0213,0.2892,86,0.1622,-0.14,4,,1,74,0.3704,0.1563,89,0.1879,0.8632,148,0.0022,-0.0373,1806,0.0179,0.0068,299472,0.0369,-0.1347,337,0.07,0.4258,0.354,0.0474,0.104,0
202502,44007,"providence, ri",444500,0.0057,0.1115,459,-0.0265,0.3007,33,-0.2857,0.0569,330,-0.073,-0.0625,0,-1,-1,106,-0.3908,0.6061,521,0.0379,-0.101,271,0.0016,0.0848,1708,-0.0104,0.0023,528862,0.0034,0.0416,974,0.0083,0.0406,1.1352,0.0705,-0.5073,0
202502,19149,"plymouth, ia",310000,-0.0549,0.188,41,-0.0238,0.2059,89,-0.1377,-0.1119,16,3,0.3333,0,,,10,0.25,1.5,6,0,-0.25,136,-0.0425,0.0549,2034,-0.0212,0.0728,307563,-0.1178,-0.0511,47,-0.0313,0.1071,0.1463,0.0035,-0.089,0
202502,13297,"walton, ga",464743,0.0103,0.0327,506,-0.0288,0.1783,74,0,0.5914,170,0.3281,-0.0556,18,3.5,-0.7568,196,0.0652,0.6333,147,0.1621,-0.3438,196,0.0177,0.0025,2502,0.0001,0.0538,524639,0.0277,-0.0646,643,0.0047,0.0047,0.2908,0.0478,-0.2313,0
202502,05147,"woodruff, ar",157175,-0.046,0.5733,9,0.6364,0,48,-0.0303,-0.4269,4,1,1,0,,,2,,0,3,-0.25,-0.3333,90,0.0515,0.4465,1707,-0.0997,0.0418,162734,-0.0733,-0.2771,12,0.2,-0.1111,0.3333,-0.3939,-0.1667,1
202502,31147,"richardson, ne",116975,0.1088,0.17,22,0.1,-0.2542,92,-0.0734,-0.1663,4,0,1,0,,,2,0,,2,-0.6667,-0.7273,62,0.0187,-0.0545,1603,-0.1136,-0.1158,140332,0.0343,-0.221,23,-0.0417,-0.3429,0.0682,-0.1568,-0.1183,1
202502,19125,"marion, ia",329450,0.0646,0.177,76,-0.1214,0.2358,107,0.1889,0.9022,12,-0.5,-0.5385,0,,-1,24,-0.0769,-0.1429,46,0.2432,-0.1858,199,0.0227,-0.0449,1606,0.0466,0.1814,383143,0.124,0.2242,122,-0.0122,0.0474,0.6053,0.1775,-0.3134,0
202502,06109,"tuolumne, ca",429667,0.017,0.0004,325,0.0433,0.6414,97,-0.0277,-0.0302,82,0.025,0.4138,0,,-1,60,0.1538,0.0714,78,0.1071,-0.0313,264,0.0067,-0.031,1648,0.0015,0.0241,530118,0.0338,0.0169,402,0.0622,0.468,0.2385,0.0137,-0.1656,0
202502,37179,"union, nc",521614,0.0132,0.0434,526,-0.0038,0.705,60,-0.1638,0.2834,316,0.2951,0.2248,30,-0.0625,-0.0625,224,0.3176,0.6716,378,0.3721,0.05,225,0.007,-0.0031,2419,-0.0089,0.0056,679542,-0.0077,-0.0547,904,0.1245,0.3485,0.7186,0.1969,-0.4483,0
202502,38005,"benson, nd",199000,0,0.1371,3,0,0.5,107,0.3567,0.0704,0,,,0,,,0,,,,,,87,0,0.1005,1350,0,-0.3813,172333,0,-0.0152,3,0,0.5,,,,0
202502,48035,"bosque, tx",285000,0.0115,-0.0306,106,0.06,0.4621,101,0.0203,0.1289,28,0.5556,0.1667,0,,,26,0.1818,-0.1333,20,0.4815,0.0526,162,-0.0104,-0.1288,1800,0.0067,0.0714,397591,0.0411,-0.2336,125,0.1013,0.3587,0.1887,0.0537,-0.0734,0
202502,29021,"buchanan, mo",173200,-0.1086,0.238,125,-0.0272,-0.053,58,0.0543,-0.0969,76,0.4615,-0.1364,0,,,40,0.3333,-0.2857,86,0.2302,-0.1364,123,0.009,0.1495,1550,-0.0442,0.0971,229406,-0.004,0.1889,210,0.0716,-0.1028,0.684,0.1431,-0.066,0
202502,13025,"brantley, ga",235000,-0.0873,0.119,38,0.25,0.6304,58,-0.2744,-0.1606,8,-0.4286,-0.2,0,,,10,0.25,0.6667,3,2,-0.5385,161,-0.0141,0.0665,1728,0.0184,0.125,281577,-0.0584,-0.0756,40,0.2903,0.3559,0.08,0.0467,-0.2026,0
202502,21201,"robertson, ky",269900,0.1892,0.1076,9,0,-0.1,188,0.1043,1.8812,0,,-1,0,,,0,,-1,1,-0.3333,0,145,0.0872,0.0567,1309,0.0552,-0.3311,309211,0.0655,-0.3863,10,-0.0909,0,0.1111,-0.0556,0.0111,1
202502,19091,"humboldt, ia",189950,-0.012,0.2674,43,-0.0115,0.9545,113,0.2048,0.3055,8,1,0.3333,0,,,4,0,-0.3333,10,0.1765,0.8182,134,0.0117,0.2139,1612,0.0413,0.1308,215881,0.0112,0.2496,54,0.0288,1.0189,0.2326,0.0372,-0.0174,0
202502,18113,"noble, in",282475,-0.0233,-0.0581,69,-0.1697,0.4124,57,-0.2007,-0.2279,24,-0.1429,0.3333,0,,-1,24,0,0.5,54,0.4267,0.0094,163,0.0791,0.0856,1694,0.0033,-0.0848,305600,-0.0095,-0.1964,121,0.0041,0.1921,0.781,0.3265,-0.3118,0
202502,55141,"wood, wi",258675,-0.0111,0.0566,57,-0.1972,-0.1163,56,-0.1515,0.6471,42,0.05,0,2,,,14,-0.2222,-0.3,70,0.1393,0.053,140,0.0056,0.0987,1863,0.0422,0.007,285120,0.0112,-0.0669,127,-0.0417,-0.0307,1.2193,0.3601,0.196,0
202502,54073,"pleasants, wv",294900,0.0043,0.3919,5,-0.2308,-0.5,108,-0.0315,1.4489,2,,-0.5,0,,,0,-1,-1,4,-0.125,-0.3,293,1.4881,1.3402,1724,0.2761,-0.0422,441780,0.1941,0.6375,10,-0.0952,-0.3667,0.7,0.0846,0.2,1
202502,29227,"worth, mo",80000,-0.5115,-0.5426,3,-0.1429,-0.5714,79,0.0261,1.7544,0,,-1,0,,,0,,,2,,0,68,-0.4315,-0.4266,1765,0.2676,-0.1407,102967,-0.7841,-0.8779,3,-0.1429,-0.5714,0.6667,,0.381,1
202502,21071,"floyd, ky",209500,0.0662,0.2396,50,-0.01,-0.1538,89,-0.061,0.0172,14,0.75,0,0,,,8,0,-0.4286,21,-0.1087,-0.0682,112,0.0013,0.1317,1838,0.0124,0.0733,274416,0.0515,0.1956,71,-0.0342,-0.1242,0.4141,-0.0459,0.0381,0
202502,17111,"mchenry, il",391445,0.0078,0.0468,384,-0.1018,0.257,41,-0.2077,-0.0989,266,0.0231,-0.1474,4,-0.7143,-0.8571,96,0.0667,0.2632,416,0.2111,0.0518,196,0.0181,0.0396,1946,-0.0092,-0.0502,563336,0.0407,0.1962,799,0.0343,0.153,1.0833,0.2798,-0.2113,0
202502,48373,"polk, tx",290375,0.0189,0.1999,311,0.0542,0.023,91,-0.0524,0.2397,74,0.1563,-0.2128,0,-1,-1,82,0.4643,1.1579,39,-0.0714,-0.25,175,0.0103,0.063,1653,-0.0026,0.072,372271,0.0499,0.2147,351,0.0401,-0.0154,0.1254,-0.017,-0.0457,0
202502,21075,"fulton, ky",139450,-0.078,0.524,13,-0.0385,-0.2424,85,-0.2301,-0.0231,4,,0,0,,,4,1,,4,1.6667,3,77,-0.0092,0.2738,1818,0.0066,0.2336,154788,-0.0414,0.2822,16,0.1429,-0.1111,0.32,0.2046,0.2594,1
202502,40001,"adair, ok",224500,0.0898,0.1256,43,-0.0957,-0.2342,103,0.0563,-0.1537,6,-0.25,-0.5714,0,,,4,-0.6,-0.75,13,-0.0385,-0.1667,154,-0.0142,0.2408,1357,0.0327,-0.1665,279724,-0.0198,-0.2676,56,-0.075,-0.2071,0.2941,0.0175,0.0238,0
202502,29073,"gasconade, mo",237450,-0.0398,-0.0775,38,0.0417,0.6667,100,-0.076,0.1077,10,4,-0.1667,0,,,4,0,,14,-0.0667,0.2174,155,0.1153,0.0044,2196,0.0555,0.2046,336813,0.0539,-0.224,52,0.0297,0.5294,0.3733,-0.0433,-0.1378,0
202502,27057,"hubbard, mn",311900,0.0849,-0.1845,47,-0.07,-0.177,101,0.01,0.1194,16,0,-0.3846,0,,,8,0.3333,0,25,-0.02,-0.0577,181,0.0388,-0.0899,1696,-0.0256,-0.201,420795,0.2051,-0.2986,71,-0.0724,-0.1607,0.5269,0.0269,0.0667,1
202502,47097,"lauderdale, tn",195300,0.0198,0.1192,42,-0.0118,0.1351,82,-0.0061,0.8736,12,-0.1429,-0.25,0,,,16,0.3333,1,16,0.1923,-0.1389,130,0.0013,0.0944,1636,0.0467,-0.2068,231938,-0.0037,0.1871,57,0.0367,0.0089,0.369,0.0632,-0.1174,0
202502,13055,"chattooga, ga",233675,0.1693,-0.1638,70,0.0451,0.404,86,-0.1294,0.3831,14,0.4,0.1667,0,,,12,-0.5,-0.1429,11,-0.2143,-0.45,146,0.0371,-0.0466,1636,0.0203,-0.1492,319756,0.0858,-0.2401,80,-0.0124,0.1606,0.1583,-0.0523,-0.2458,1
202502,53053,"pierce, wa",625000,0.0041,-0.0157,1241,-0.0044,0.265,47,-0.2598,0.0805,840,0.1475,0.0269,54,-0.069,-0.2895,442,0.0474,0.4932,1018,0.1776,-0.0039,320,0.0047,-0.0029,2090,0.0073,-0.011,753384,0.0135,-0.0249,2263,0.0743,0.1369,0.8203,0.1268,-0.2215,0
202502,48383,"reagan, tx",250000,0,0.6667,3,0,0,124,0.2798,-0.5566,0,,,0,,,0,-1,,,,,127,-0.0437,0.1914,1730,0,0.0813,258000,-0.0128,0.7393,3,0,-0.25,,,,1
202502,33017,"strafford, nh",577175,0.0331,0.0495,98,-0.0926,0.0538,47,-0.2569,0.5161,70,-0.2391,-0.2857,0,-1,-1,22,-0.0833,0.5714,121,0.1308,0.7286,324,0.0676,0.0247,1842,-0.0168,0.0214,765628,0.0965,0.0702,221,0.0161,0.3738,1.2347,0.244,0.482,0
202502,16075,"payette, id",445000,0.0352,0.1768,100,0.0102,0.2134,80,-0.1284,0.2269,38,0.1176,0.1875,0,,,20,-0.1667,0.1111,40,0.2154,0.197,261,0.0302,0.0768,1863,0.0459,0.1177,583243,0.0682,0.2859,139,0.0532,0.1991,0.397,0.067,-0.0055,0
202502,08083,"montezuma, co",531000,0.0504,0.1421,93,-0.1667,-0.0464,118,0.0876,0.1512,20,0.1111,-0.3333,0,,,22,0.1,0.2222,31,0.4878,0.4524,272,0.0632,0.0106,2153,0.063,0.2185,873979,0.0895,0.3403,123,-0.0538,0.0293,0.3297,0.145,0.1132,0
202502,47065,"hamilton, tn",437000,0.0075,-0.0289,1289,-0.0043,0.2885,61,-0.1029,0.1731,520,0.0277,-0.1333,22,0.8333,0.375,490,0.1239,0.4671,591,0.2354,-0.0795,223,0.0012,-0.0163,1990,0.0162,-0.019,547394,0.0229,-0.0343,1878,0.0613,0.1585,0.4583,0.0889,-0.1832,0
202502,28159,"winston, ms",130000,-0.045,0.0634,42,-0.0119,1.1842,137,0.1513,0.4613,4,,1,0,,,4,-0.3333,0,4,0,-0.2,89,0.0516,0.0352,1627,-0.0166,-0.2305,199228,0.0794,0.0285,46,-0.0109,0.8958,0.0964,0.0011,-0.1668,1
202502,32021,"mineral, nv",199200,-0.0006,0.0768,20,0.3448,0,74,-0.2169,-0.4241,10,0.6667,1.5,0,,,0,-1,,6,0.2,2,117,-0.024,-0.1597,1532,0.022,0.0567,192052,-0.026,-0.0589,26,0.275,0.2143,0.3077,-0.0371,0.2051,1
202502,01091,"marengo, al",213725,0.0058,0.239,37,-0.0135,-0.0135,97,0.0604,-0.1422,2,-0.8,-0.6667,0,,,8,0.3333,3,11,0.375,1,98,-0.0026,0.0495,2121,-0.0194,0.0755,672661,-0.0182,1.0315,47,0.0568,0.0814,0.3014,0.0852,0.1527,0
202502,48127,"dimmit, tx",159000,0,0.0671,19,-0.1556,0.3103,108,0.0385,-0.2653,2,-0.5,-0.5,0,,,0,,-1,4,3,-0.3333,117,-0.0159,0.0846,1853,0.3101,0.1585,201613,0.0726,0.2084,23,-0.0417,0.15,0.2105,0.1661,-0.2033,0
202502,18063,"hendricks, in",374900,0.0132,0.0314,268,-0.048,0.2885,68,-0.0182,0.4674,168,0.4483,-0.0455,0,-1,-1,132,0.1579,0.2453,255,0.2854,0.0946,161,-0.0154,0.0131,2259,-0.0062,-0.0054,408777,0.0012,0.0467,523,0.092,0.1862,0.9496,0.2463,-0.1682,0
202502,55025,"dane, wi",499900,0.0266,0,498,0.0289,0.1718,47,-0.3716,0.1205,456,0.3653,-0.0087,4,-0.5,-0.6,98,0.1395,0.3611,515,0.3121,-0.0374,258,0.0044,0.0788,1965,0.0339,-0.0272,629013,0.0404,0.0132,1017,0.1486,0.06,1.0341,0.2232,-0.2247,0
202502,27031,"cook, mn",469000,0.1035,-0.1065,19,-0.0263,-0.2128,47,-0.4946,-0.4734,4,-0.6,-0.6,0,,,6,,,10,0.3571,-0.24,431,0.1202,0.6127,1197,0.0962,-0.3512,548790,-0.0354,0.0352,27,0.0189,-0.25,0.5135,0.1451,-0.0184,1
202502,06089,"shasta, ca",414000,-0.0072,-0.0569,470,-0.0534,0.3603,80,-0.0479,0.486,182,0.0706,0.1235,10,-0.1667,4,124,0.0333,0.4419,240,0.4035,7.2759,247,-0.0088,-0.0188,1736,0.0043,-0.0255,598615,-0.0328,-0.1211,704,0.0555,0.8886,0.5106,0.1662,0.4267,0
202502,32031,"washoe, nv",594000,-0.008,-0.0855,1057,-0.0422,0.4355,65,-0.14,-0.0584,538,0.1116,0.2933,34,0,0.3077,342,0.0621,0.6132,578,0.2327,0.0415,331,-0.0004,0.0156,1838,-0.002,-0.0998,1131538,-0.0189,-0.1675,1624,0.0269,0.257,0.5466,0.1219,-0.2068,0
202502,37005,"alleghany, nc",393975,-0.103,-0.1269,57,0.0367,0.7656,93,-0.0237,-0.0107,22,0.8333,0.8333,0,,,2,,-0.5,14,0,-0.325,245,0.0109,-0.0022,1779,-0.0668,-0.0977,483257,-0.0169,-0.196,71,0.0441,0.3786,0.2389,-0.0088,-0.3861,1
202502,48233,"hutchinson, tx",169500,0.0156,0.2558,97,0.0432,0.6356,72,0.0792,0.625,20,0,-0.3333,0,,,28,-0.125,0.5556,20,0.8571,0,89,-0.015,0.021,1651,-0.012,0.0672,173368,-0.027,0.019,118,0.1456,0.5325,0.2021,0.0886,-0.1284,0
202502,48417,"shackelford, tx",216250,0.2359,-0.1961,16,0,0.7222,104,0.0376,0.3355,4,1,1,0,,,0,,-1,3,0.5,0.5,122,0.0055,-0.0641,1803,-0.0296,-0.057,295710,0.0485,-0.0093,19,0.0571,0.6818,0.1935,0.0645,-0.0287,1
202502,26141,"presque isle, mi",326000,0.0054,0.3636,37,0.1045,1.0556,92,0.2867,0.1572,16,7,1,0,,,6,0,0.5,9,0.2,-0.25,199,-0.0003,0.484,1597,-0.0539,0.0582,380970,0.0413,0.3226,45,0.0854,0.5614,0.2432,0.0194,-0.4234,1
202502,20089,"jewell, ks",191000,-0.0905,-0.643,10,0.1111,2.3333,58,-0.1966,0.0087,2,-0.5,-0.5,0,,,0,,,1,-0.3333,0,112,-0.0291,-0.347,1862,-0.1473,-0.0347,350247,-0.1146,-0.599,11,0,2,0.1,-0.0667,-0.2333,1
202502,55135,"waupaca, wi",339450,0.0419,0.1648,71,-0.1402,-0.1076,82,-0.0739,0.0619,28,0.0769,-0.2632,0,,,18,-0.3077,0.125,55,0.3293,-0.018,175,0.0444,0.0986,1744,-0.029,0.0294,425397,0.0555,0.1369,125,0.0163,-0.0706,0.773,0.273,0.0705,0
202502,12035,"flagler, fl",429900,0.0069,0,1482,0.0616,0.2064,84,-0.0748,0.219,440,0.0784,0.1765,50,-0.6032,0.9231,616,0.2271,0.1579,376,0.2664,-0.1206,234,0.0114,0.0075,1906,0.0069,0.0176,568687,0.0047,0.0056,1849,0.0977,0.12,0.2535,0.041,-0.0943,0
202502,28051,"holmes, ms",134500,-0.2065,-0.2699,13,0.2381,0.4444,82,-0.3668,-0.615,6,,,0,,,0,,,2,0.3333,-0.5,98,-0.1593,0.5507,1407,0,-0.2798,291855,0.0145,0.4617,15,0.25,0.1538,0.1538,0.011,-0.2906,1
202502,31087,"hitchcock, ne",129500,-0.07,-0.2547,13,0.087,1.0833,157,0.0772,0.1673,2,-0.6667,0,0,,,0,,-1,5,0.6667,1,49,-0.2851,-0.1238,2088,0.0774,-0.0872,147838,-0.0554,-0.1378,17,0.2143,1,0.4,0.1391,-0.0167,1
202502,48259,"kendall, tx",719225,0.0282,0.0297,292,0.0355,0.2949,96,-0.0103,0.2075,74,-0.0513,-0.1591,20,1,9,98,-0.02,0.3243,101,0.2256,0.1167,284,0.0095,0.0073,2764,-0.0114,-0.017,1104150,0.0045,-0.0226,388,0.0689,0.2337,0.3442,0.0534,-0.0549,0
202502,47185,"white, tn",324950,-0.0075,-0.0664,144,0.0996,0.6034,70,-0.1083,0.0646,38,-0.0952,0.1176,2,,,42,0.3125,0.1053,43,0.0366,0.0897,205,-0.0135,0.0481,1546,0.0036,-0.1138,377097,-0.016,-0.1818,182,0.0801,0.4275,0.2962,-0.018,-0.1396,0
202502,35033,"mora, nm",575000,1.3469,0.5457,7,0.1667,-0.3636,113,0.3908,-0.0622,0,-1,-1,0,,,0,,,1,-0.3333,-0.3333,228,0.2444,-0.1737,1707,0.0134,0.2004,589857,0.1947,-0.4942,8,0,-0.3043,0.1429,-0.1071,0.0065,1
202502,29079,"grundy, mo",134950,0,-0.0114,10,0.1176,-0.5,124,0.0122,1.0081,4,-0.3333,-0.6,0,,,0,,-1,7,0.75,0.2727,89,-0.0268,0.093,1536,0.0165,0.1232,169449,-0.0256,0.088,16,0.2308,-0.3333,0.7368,0.2663,0.4474,1
202502,28079,"leake, ms",191000,-0.1279,-0.0486,18,0.2069,0.3462,100,-0.1416,0.1799,10,4,4,0,,,4,1,0,7,2.25,0.3,110,0.0346,-0.0345,1789,-0.2476,-0.211,206730,-0.0624,-0.142,24,0.3824,0.3056,0.3714,0.2335,-0.0132,1
202502,05043,"drew, ar",229500,0.0491,-0.0866,50,0.1,0.2375,115,0.1117,-0.0498,12,0.5,2,0,,,6,0,0.5,12,-0.1481,0.2778,105,-0.0046,-0.1242,2214,0.0368,0.0704,251037,0.0431,-0.0919,61,0.0342,0.2474,0.2323,-0.0677,0.0073,1
202502,37167,"stanly, nc",323250,0.0031,0.0039,178,-0.0084,0.1987,60,-0.1919,-0.0875,74,0.0571,0.0278,10,1.5,-0.375,68,0.3077,0.0625,87,0.0176,-0.1036,191,0.0073,-0.0227,1675,0.004,0.0405,424365,0.006,-0.0179,264,-0.0094,0.082,0.486,0.0124,-0.1639,0
202502,54085,"ritchie, wv",160825,-0.1277,-0.2976,17,-0.1538,1.0625,114,0.0507,0.2918,2,-0.5,-0.5,0,,,4,,,9,0.1333,0.0625,102,-0.0237,-0.0888,1985,0.0857,-0.0982,229519,-0.068,-0.7057,25,-0.0926,0.5313,0.5152,0.1305,-0.4848,1
202502,48177,"gonzales, tx",312500,-0.0079,0.0469,62,0.0164,0.5897,85,-0.1727,-0.1807,10,0.25,-0.1667,0,,,8,0,0,9,-0.2174,1,170,0.0621,0.039,1798,-0.0001,0.018,362921,-0.0171,-0.0769,68,-0.0685,0.5632,0.1452,-0.0434,0.0298,0
202502,37159,"rowan, nc",306950,0.0007,0.0234,379,0.0271,0.2131,71,-0.0035,0.2338,162,0.0253,0.0125,4,-0.5,-0.6,158,0.2344,0.2344,171,0.2302,-0.0856,198,0.0101,0.0364,1636,-0.0091,0.0146,382274,-0.0181,-0.0437,547,0.0951,0.0984,0.4518,0.0746,-0.1476,0
202502,55109,"st. croix, wi",454475,-0.0105,-0.0289,207,0,0.2938,60,-0.1484,-0.0766,86,0.0238,0.1316,0,-1,,30,-0.4231,-0.0625,114,0.0657,-0.0422,224,0.0348,-0.0331,2101,0.0167,0.0002,577747,-0.0186,0.0041,320,0.0289,0.1532,0.5483,0.0338,-0.1923,0
202502,08079,"mineral, co",622500,0.1091,0.0423,11,-0.16,-0.3438,181,-0.0585,0.3558,6,,,0,,,0,,-1,3,1.5,1.5,371,0.1487,-0.1005,2019,-0.0362,0.1743,709449,0.0557,-0.0799,13,-0.0741,-0.2647,0.2381,0.1581,0.1756,0
202502,53043,"lincoln, wa",347450,-0.021,-0.0796,44,-0.0842,0.0116,102,0.0303,0.9806,2,-0.8333,-0.8571,0,,,2,-0.75,-0.75,12,0.0952,-0.1154,191,0.0253,0.1043,2044,0.0005,0.0577,465459,-0.0064,0.055,57,-0.0174,0.0089,0.2644,0.0433,-0.038,1
202502,48457,"tyler, tx",225000,-0.0367,0.0292,122,-0.0508,0.2926,117,-0.0806,0.2513,14,-0.4167,-0.3,0,,,26,-0.0714,0.0833,11,-0.2759,0.4,146,-0.0114,0.0996,1623,-0.0344,-0.0937,301169,-0.0314,0.121,131,-0.0474,0.2857,0.0864,-0.0269,0.0066,0
202502,30053,"lincoln, mt",599000,0,0.1047,151,-0.0736,0.2276,150,0.1054,0.1434,28,0.2727,0.0769,0,,,20,-0.1667,0.25,24,0.2703,0.0682,300,-0.0221,-0.0779,2025,0.0258,0.2656,741800,-0.0208,0.1438,175,-0.0386,0.1993,0.1556,0.0421,-0.0232,0
202502,24031,"montgomery, md",599900,0.0041,-0.0165,890,0.064,0.514,29,-0.401,-0.1418,834,0.1914,0.0945,34,-0.0556,-0.3462,214,0.1263,0.3375,778,0.2071,0.0843,318,0.0095,0.0275,1775,-0.0027,-0.0629,1050986,0.0307,-0.0049,1666,0.1257,0.2886,0.8746,0.1037,-0.3466,0
202502,13121,"fulton, ga",376970,-0.0003,-0.0806,4791,0.0367,0.3606,57,-0.1567,0.2841,1842,0.0395,0.0684,70,0.129,-0.0789,1582,0.2169,0.4953,1458,0.1664,-0.0847,246,0.0001,-0.0441,1685,-0.0068,-0.064,675565,-0.0077,-0.1961,6197,0.0683,0.2247,0.3044,0.0338,-0.1481,0
202502,39107,"mercer, oh",218500,0.0976,-0.0549,27,-0.197,-0.0536,86,0.2374,0.4892,24,1,0,0,,,8,1,-0.3333,32,0.7778,0.4545,152,0.0285,0.0533,1585,-0.0498,-0.0635,265681,0.051,-0.1469,57,0.066,0.1188,1.2075,0.6621,0.4218,0
202502,05013,"calhoun, ar",154975,0.107,0.326,13,0.0417,0.6667,122,0.3013,0.6267,0,-1,-1,0,,,0,,,8,0.4545,0.7778,88,0.0303,0.0136,1354,0.0849,-0.0366,172023,0.1772,0.4494,20,0.1429,0.6667,0.64,0.1817,0.04,1
202502,20125,"montgomery, ks",133125,0.0505,-0.0139,101,-0.0337,0.349,104,0.0273,0.5564,34,0.4167,-0.1053,0,,,20,0.6667,1,46,0.046,-0.0619,75,0.0282,0.0495,1595,0.0254,0.0377,223513,0.0561,0.1254,147,0,0.2199,0.4527,0.0345,-0.1983,0
202502,13283,"treutlen, ga",52000,-0.572,-0.8595,1,0,-0.8,57,0.5915,-0.3757,0,,,0,,,0,,-1,1,0,-0.5,43,-0.3849,-0.757,1220,-0.1687,-0.1414,52000,-0.572,-0.8534,2,0,-0.7143,1,0,0.6,1
202502,21197,"powell, ky",275000,0.1044,0.0427,38,-0.2323,-0.013,93,-0.0513,-0.0054,10,0.6667,-0.1667,0,,,4,0,-0.6,21,1.05,0.5185,171,0.0919,0.0329,1503,-0.0606,0.2131,374999,0.0876,0.2622,58,-0.0085,0.1154,0.5395,0.3375,0.1888,0
202502,29189,"st. louis, mo",217475,-0.0062,-0.0332,1476,0.011,0.2896,40,-0.2308,0.0667,1140,0.2955,0.0053,36,2,-0.6667,524,0.3232,0.4971,1181,0.1636,-0.0672,160,0.0063,0.0379,1705,-0.0412,0.153,420056,0.1011,0.0663,2687,0.0945,0.1064,0.7998,0.1049,-0.3059,0
202502,27149,"stevens, mn",214950,0.0884,-0.1399,11,0.1667,-0.0455,80,-0.0419,0.6162,4,1,-0.3333,0,,,0,,,6,0.375,0.1,129,0.0045,0.0783,1633,0.0105,-0.0674,226703,0.0157,-0.1396,16,0.2308,-0.0303,0.5238,0.0794,0.0693,1
202502,01079,"lawrence, al",259900,-0.0133,0.061,64,-0.073,0.427,108,0.1934,0.3458,16,0.3333,-0.3333,0,,,20,0.1111,0.25,20,0.2581,1.2941,141,-0.0195,0.0541,1768,-0.0447,-0.0638,338517,-0.0272,0.2715,85,0.006,0.6095,0.3071,0.0808,0.1161,0
202502,31099,"kearney, ne",238500,-0.0545,0.3886,10,0,0.1875,112,-0.0911,0.2403,6,0.5,,0,,,0,-1,-1,8,0.3333,1,123,0.0993,0.8609,2011,-0.2265,-0.231,270356,-0.0179,-0.2236,19,0.2258,0.5833,0.8421,0.2105,0.3421,0
202502,28119,"quitman, ms",159000,-0.0436,,3,0.2,,47,-0.0053,,0,,-1,0,,,0,,,1,-0.5,-0.5,90,0.2103,,2740,-0.0259,,168667,-0.0141,,3,-0.1429,2,0.1667,-0.2333,,1
202502,06081,"san mateo, ca",1450000,0.0033,-0.1159,483,0.3644,0.1555,24,-0.5766,-0.0962,488,0.3189,0.291,8,3,1,82,0.3667,0.1389,264,0.5952,-0.0605,905,0.0251,-0.0531,1575,0.0224,-0.0338,2739204,-0.0635,-0.1723,747,0.4777,0.0756,0.5466,0.0791,-0.1257,1
202502,48327,"menard, tx",461250,1.3654,1.1461,2,-0.5,-0.25,224,0.257,2.5516,0,,,0,,,0,,,1,0,-0.5,503,0.509,4.941,1642,0.0549,-0.285,461250,0.2383,1.2233,3,-0.1667,-0.375,0.6667,0.3333,-0.3333,1
202502,53015,"cowlitz, wa",449450,-0.0407,-0.0674,260,-0.0632,0.2783,88,0.0057,0.0969,100,0.3514,0.1364,14,-0.5333,-0.7407,122,0.2449,0.3864,130,0.1818,-0.1275,285,0.0101,0.0393,1652,-0.0738,-0.0936,564494,-0.0234,0.0094,392,0.0051,0.1315,0.501,0.1039,-0.233,0
202502,26123,"newaygo, mi",267000,0.0271,-0.0447,115,-0.0949,0.5267,81,-0.0552,-0.0896,42,-0.0455,0.05,0,,,30,-0.1176,0.5,56,0.4605,0.3537,173,0.0292,0.027,1571,0.0106,-0.0421,325227,-0.0365,-0.1732,170,0.0242,0.4803,0.4847,0.1843,-0.062,0
202502,29151,"osage, mo",309000,-0.0608,0.0347,17,-0.2273,2.0909,87,0.2226,3.4935,4,-0.3333,0,0,,,4,0,,11,0.8333,1,136,-0.0267,0.0449,1723,-0.0409,-0.2265,793213,0.1266,1.9937,28,0,1.5455,0.6471,0.3743,-0.3529,1
202502,45075,"orangeburg, sc",267896,-0.001,0.0254,228,0.0964,0.25,80,0.0922,0.0224,88,0.8333,0.913,2,,-0.75,62,0.1071,0.7222,61,0.1415,-0.3529,159,0.0236,0.0319,1673,-0.016,-0.0572,317480,-0.0193,0.0498,286,0.0939,0.0653,0.2659,0.0105,-0.2478,1
202502,23013,"knox, me",620000,0.0122,0.0517,126,-0.0079,0.2923,110,-0.0068,0.1168,28,-0.3,-0.2632,0,,,16,-0.2727,0,35,0.0145,-0.125,324,0.0294,0.1324,1930,0.0101,-0.0159,1016794,0.0343,0.0636,159,-0.0215,0.1778,0.2778,0.0061,-0.1325,0
202502,48291,"liberty, tx",299450,-0.0018,0.1539,580,0.0536,-0.0186,79,-0.0247,-0.0125,128,0.1034,-0.2195,22,0.8333,-0.2143,124,-0.1842,-0.2955,104,-0.0236,-0.2737,163,-0.0005,0.0471,1914,0.0029,0.0613,343660,0.0163,0.1406,683,0.0372,-0.0726,0.1784,-0.0141,-0.0627,0
202502,37089,"henderson, nc",552000,0.0203,0.0877,452,0.0391,0.6741,78,-0.0828,-0.0313,152,0.1515,0.0857,4,1,,140,0.129,0.4894,257,0.5088,0.13,274,0.0005,-0.0307,2037,0.0147,0.0184,728876,0.0012,-0.0517,706,0.1757,0.4263,0.5675,0.1767,-0.2733,0
202502,28027,"coahoma, ms",143500,0.0474,0.5518,29,-0.0169,0.0943,106,0.2485,-0.0276,6,0,-0.5,0,,,8,1,1,30,0,5.5556,63,0.015,0.3222,2256,0.0027,0.1859,614461,0.0524,2.205,59,0.0086,0.918,1.0172,0.0172,0.8474,1
202502,40145,"wagoner, ok",324974,-0.0201,-0.0753,316,-0.0217,0.2038,49,-0.2033,-0.0755,134,0.0152,0.1964,4,0,-0.6667,98,-0.125,0.3611,164,0.5425,0.0124,173,-0.0021,0.0054,2030,-0.006,-0.0104,409256,0.022,0.0496,482,0.0981,0.141,0.5174,0.1892,-0.0978,0
202502,26149,"st. joseph, mi",247500,0.0366,0.0691,101,-0.0195,0.4155,58,0.0267,0.1667,40,0.1111,-0.1304,4,,0,34,0,0.8889,63,-0.1189,-0.087,140,0.0075,0.0039,1733,0.0511,0.0596,278543,0.0185,-0.0608,165,-0.0519,0.1708,0.6269,-0.0707,-0.345,0
202502,27093,"meeker, mn",326175,0.0741,-0.0174,34,0.1356,1.0303,76,-0.1508,1.0966,20,1,0,0,,,4,-0.3333,1,21,0.3667,0,154,0.0185,-0.0715,1724,-0.0408,-0.0945,401910,0.0295,-0.0428,54,0.2414,0.4795,0.6119,0.1035,-0.6305,1
202502,06001,"alameda, ca",849500,0.0632,-0.0003,1230,0.2908,0.5207,24,-0.5155,-0.0784,1210,0.1957,0.4405,26,-0.3158,0.0833,264,0.4348,0.6709,707,0.5292,-0.007,614,0.0219,-0.0176,1377,0.0426,-0.0074,1050021,0.0228,-0.0446,1935,0.3988,0.291,0.5746,0.0896,-0.3054,0
202502,24510,"baltimore, md",219625,0.0032,0.1562,1766,0.0089,0.139,51,-0.1441,-0.0734,916,0.3199,-0.0338,76,1,0.4074,558,0.1341,0.1529,942,0.0859,-0.0881,161,0.0099,0.044,1478,0.0106,0.0287,257167,0.0333,0.056,2703,0.0346,0.0467,0.5331,0.0378,-0.1328,0
202502,21039,"carlisle, ky",198175,0.1324,0.0572,11,-0.0435,0.8333,109,-0.1996,-0.2963,0,-1,,0,,,0,,,4,-0.1111,0.3333,95,0.0031,0.2098,2206,0,0.2774,292648,-0.0652,0.783,15,-0.0625,0.6667,0.3636,-0.0277,-0.1364,0
202502,17121,"marion, il",159475,0.0726,0.3345,66,-0.0296,0.1802,95,0.1082,0.3536,24,1,-0.2,0,,,10,-0.375,0.6667,27,0.1042,-0.2429,91,0.0221,0.169,1723,-0.0012,0.1982,217390,0.0629,0.4758,92,0,0.011,0.4046,0.049,-0.2261,0
202502,46015,"brule, sd",259000,0,-0.122,3,0,-0.6667,236,0.1349,1.4404,0,,-1,0,,,0,,,,,,134,0,-0.4301,2178,0,0.4549,276300,0,-0.1417,3,0,-0.7,,,,1
202502,48423,"smith, tx",372400,0.0022,-0.0313,1072,0.0823,0.2114,69,-0.098,0.0147,352,0.2138,0.1656,10,0,0.6667,308,0.2126,0.2031,240,0.0667,-0.222,185,0.0017,-0.0162,2016,-0.0009,-0.0371,467105,-0.0131,-0.0542,1307,0.0797,0.1048,0.224,-0.0033,-0.1248,0
202502,12103,"pinellas, fl",425000,0.018,-0.07,6904,0.1089,0.2586,64,-0.0376,0.094,2592,0.064,0.1541,62,-0.0313,0.24,3250,0.1691,0.1574,1862,0.2442,-0.0546,311,0.0146,-0.0574,1310,0.0042,-0.0076,669330,0.0338,-0.0769,8763,0.135,0.1758,0.2697,0.0293,-0.0893,0
202502,56003,"big horn, wy",351500,0.0993,0.0815,25,-0.2958,-0.3421,92,0.2098,-0.0956,4,-0.3333,-0.6667,0,,,2,0,-0.6667,9,-0.0526,0.2,170,0.0552,0.1342,1800,-0.0569,-0.0803,480720,0.1106,0.0654,33,-0.2697,-0.2935,0.36,0.0924,0.1626,0
202502,20061,"geary, ks",236000,0.0758,0.5739,79,-0.0248,-0.1865,51,-0.2008,-0.3494,40,-0.0476,0.1111,4,,,24,1,-0.2,55,0.028,-0.3452,122,0.0543,0.2485,2018,0.0264,0.176,263051,0.0331,0.4253,134,0.0113,-0.2535,0.7006,0.036,-0.1698,1
202502,22075,"plaquemines, la",399000,-0.0099,0.0521,68,-0.0217,0.125,116,0.2078,0.2367,10,-0.1667,-0.2857,0,,-1,16,-0.2727,0,9,-0.32,-0.7018,182,-0.0055,0.0123,2429,-0.0168,0.06,470675,-0.0333,0.0426,77,-0.0552,-0.1348,0.1259,-0.0552,-0.3491,0
202502,18179,"wells, in",287450,-0.0239,0.0854,33,-0.1772,0.25,78,0.24,0.9136,16,0,-0.2727,0,,,8,0.3333,-0.2,22,-0.1698,-0.2143,152,-0.036,0.0609,1792,-0.0234,0.052,338647,0.006,0.2974,54,-0.1818,0.0189,0.6769,0.006,-0.4,0
202502,16045,"gem, id",599925,0.0484,-0.2318,90,0.0843,0.4173,50,-0.1071,-0.5434,36,0.5,1,2,,0,20,0.25,0.25,32,0.4222,-0.2195,305,0.0095,-0.0991,2050,0.0016,-0.0883,812909,0.0959,-0.1155,118,0.119,0.119,0.3556,0.0845,-0.2901,1
202502,38071,"ramsey, nd",260825,-0.2606,0.1075,11,-0.0435,-0.5769,104,0.0945,-0.2042,4,,0,0,,,0,,-1,3,0.2,-0.1429,172,0.0462,0.4705,1785,-0.2342,-0.1512,429613,-0.0398,0.6476,15,0.0357,-0.5085,0.2727,0.0553,0.1381,0
202502,20103,"leavenworth, ks",412364,0.1222,0.0259,158,-0.1051,0,77,0.0929,-0.0129,88,0.4667,-0.0638,12,5,1,46,-0.1154,0.0952,139,0.3645,-0.0142,199,0.0022,0.0117,2038,0.0335,0.0421,432953,0.0235,0.0446,296,0.0783,-0.0034,0.8794,0.3027,-0.0127,0
202502,48273,"kleberg, tx",221225,0.0398,0.309,60,-0.1185,0.1553,116,0.132,0.5382,14,-0.125,-0.3636,0,,,12,0.2,0,24,0.3429,-0.0962,147,0.0267,0.1682,1530,-0.0081,0.0561,262950,0.026,0.2159,86,0.0178,0.1097,0.395,0.1357,-0.1099,0
202502,20201,"washington, ks",92250,0.2219,-0.2849,5,0.5,0.5,55,-0.5176,-0.6018,4,,,0,,,0,-1,,2,1,,64,0.013,0.046,1487,0.1474,-0.3068,122175,-0.0314,-0.157,6,0.5,1,0.4444,0.1111,,1
202502,39121,"noble, oh",232100,-0.1073,-0.1854,20,-0.1667,0.25,73,-0.284,0.0902,6,,0.5,0,,,2,-0.5,0,6,0.3333,-0.0769,121,-0.1497,-0.0315,1939,0.0216,-0.0122,309654,-0.0952,-0.1972,26,-0.1053,0.1087,0.3,0.1125,-0.1063,1
202502,47059,"greene, tn",332450,-0.0171,-0.0329,226,0,0.911,82,0.0721,0.1555,82,0.2813,0.7826,0,,,72,-0.0526,0.2857,97,0.1617,0.0838,197,0.0118,0.0072,1691,0.0006,-0.0169,416676,-0.0208,-0.0982,325,0.0569,0.5931,0.4302,0.0599,-0.3283,1
202502,28005,"amite, ms",185000,0.4865,0.2416,18,0.0938,0.2069,122,0.1571,0.0253,6,,2,0,,,0,,-1,5,-0.0909,0.1111,101,0.4424,0.275,1747,0.0176,-0.0624,274250,0.1287,0.3652,23,0.0714,0.1842,0.2857,-0.058,-0.0246,1
202502,19175,"union, ia",122975,-0.0158,0.0163,57,0.0556,-0.0656,52,-0.2949,-0.3846,12,-0.4545,-0.1429,0,,,16,0.6,-0.1111,30,0.2245,0.1538,98,0.0114,0.2254,1336,0.0565,-0.0423,162520,-0.0193,-0.0205,87,0.1154,0,0.5263,0.0726,0.1001,0
202502,12081,"manatee, fl",485000,0.0158,-0.0537,3940,0.1149,0.2183,66,-0.0294,0.211,1524,0.0748,0.1424,56,-0.3333,-0.3,1914,0.1963,0.1352,1218,0.2218,0.0087,273,-0.0005,-0.0493,1782,0.0137,-0.0022,763431,0.0279,-0.1533,5157,0.1387,0.1624,0.309,0.027,-0.0642,0
202502,20157,"republic, ks",114500,0.0726,-0.15,8,-0.2,-0.0588,72,0.4545,-0.4,0,-1,-1,0,,,0,-1,,4,0.1667,0.1667,84,0,-0.0544,1359,-0.1678,-0.0234,175223,-0.0077,0.122,12,-0.1154,-0.0417,0.4375,0.1375,0.0846,1
202502,40097,"mayes, ok",285275,0.0197,0.0635,136,-0.039,0.1152,68,-0.1536,-0.2241,34,0.1333,0.2143,0,,-1,32,0.2308,-0.0588,35,0.25,0.2281,163,0.0199,0.0406,1870,0.0016,0.0847,364822,-0.0316,-0.0318,171,0.0179,0.1477,0.2583,0.0597,0.0237,0
202502,54027,"hampshire, wv",307450,0.0252,-0.1955,43,-0.1146,0.2143,85,0.0273,-0.2225,14,0,0,0,,,14,1.3333,0.4,19,-0.2245,-0.4328,205,0.0547,0.0691,1582,-0.0125,-0.2865,481952,0.0444,-0.1922,62,-0.1268,-0.0815,0.4471,-0.0634,-0.5101,1
202502,35053,"socorro, nm",280050,0.1485,0.3496,32,-0.0303,-0.0303,131,0.0586,0.1855,10,0.25,0,0,,,4,-0.3333,0,8,-0.1579,-0.4074,165,0.019,0.2424,1564,0.0516,0.0645,394933,-0.0265,0.1365,40,-0.0698,-0.1579,0.25,-0.0379,-0.1591,0
202502,51021,"bland, va",264225,-0.0936,-0.1992,13,-0.0714,-0.037,102,0.1686,0.1521,0,,-1,0,,,4,-0.5,-0.3333,4,0.3333,0.3333,195,0,0.5425,1650,-0.0435,-0.1956,913573,0.0326,0.4219,17,0,0.0625,0.3077,0.0934,0.0855,1
202502,40103,"noble, ok",192000,0.1301,-0.2278,27,0.1739,0.0588,96,-0.0905,-0.2042,8,1,0,0,,,2,-0.5,0,9,-0.4333,0.5455,100,-0.0498,-0.3028,1738,0.037,0.037,188143,0.0471,-0.1985,36,-0.0897,0.1452,0.3148,-0.3374,0.0991,1
202502,19187,"webster, ia",178100,0.0325,0.2283,98,-0.0101,0.1737,88,-0.0612,0.2089,32,0,0.0667,0,,,20,0.1111,0.1111,28,0.3095,-0.0179,135,0.0638,0.2471,1403,-0.0021,0.0389,202680,0.0332,0.1571,127,0.072,0.1195,0.2806,0.0685,-0.0547,0
202502,13151,"henry, ga",367071,-0.0077,-0.0204,1312,0.0214,0.3967,70,-0.0246,0.645,356,-0.1317,-0.2294,58,0.45,2.625,452,0.2216,0.378,394,0.1487,-0.0437,162,0.004,-0.011,2313,-0.0103,-0.0203,425648,-0.0131,-0.0014,1705,0.0544,0.28,0.3004,0.0333,-0.1383,0
202502,51165,"rockingham, va",424450,0.0144,0.1025,124,-0.0237,-0.1179,69,-0.0214,0.4421,82,0.1714,0.0513,0,,-1,20,-0.1667,-0.375,120,0.1274,0.1435,206,0.0107,-0.0022,2065,-0.0099,0.0959,558376,0.023,0.1723,242,0.0233,-0.0183,0.9676,0.1297,0.2212,0
202502,28013,"calhoun, ms",169000,0,0.1131,26,0.0851,0.1333,110,0.2443,0.2066,8,1,1,0,,,10,1.5,0.6667,4,-0.4286,0,87,0.0007,0.0965,2034,0.033,0.1229,223577,0.03,0.3027,30,-0.0167,0.1132,0.1569,-0.141,-0.0209,1
202502,16007,"bear lake, id",410750,0.034,-0.2869,41,-0.012,-0.1961,137,-0.0108,0.3464,10,0.25,1.5,0,,,4,,0,8,0.6667,-0.25,199,-0.0375,-0.1638,2135,-0.1312,-0.1232,769686,-0.0015,0.0551,49,0.0543,-0.1983,0.1829,0.0745,-0.0132,1
202502,37135,"orange, nc",479850,-0.0301,-0.0967,211,-0.0047,0.2796,70,-0.1003,0.3627,116,0.7059,-0.1944,0,-1,-1,74,1.4667,0.7619,119,0.3077,-0.2831,278,-0.0131,0.035,1898,-0.0343,-0.1234,708171,0.0074,-0.1461,333,0.0918,0.0168,0.5653,0.1351,-0.4438,0
202502,48191,"hall, tx",112500,0.5,0.5762,19,0.0882,0.7619,125,-0.004,0.0989,4,1,,0,,,2,0,,3,2,0.2,69,0.4474,0.2226,1630,0.0248,0.2265,140337,0.1029,0.1405,22,0.1622,0.6538,0.1622,0.1033,-0.0759,1
202502,17019,"champaign, il",263950,-0.0204,-0.0874,166,-0.124,-0.0829,68,-0.0493,0.2162,128,0.3333,-0.1467,0,-1,,44,0.2222,-0.2143,183,0.1845,-0.0711,162,0.0123,-0.0206,1753,-0.0273,-0.0134,347465,-0.0162,-0.0159,349,0.0145,-0.0767,1.1024,0.2871,0.014,0
202502,38043,"kidder, nd",215000,-0.1885,0.0048,5,-0.1667,-0.1667,122,0.3886,0.2857,0,,-1,0,,,0,,,,,,107,-0.2047,-0.072,2120,0.1867,0.3156,209940,-0.2242,-0.2501,5,-0.1667,-0.3333,,,,1
202502,42041,"cumberland, pa",409990,0.0251,0.0602,294,-0.0531,0.2458,51,-0.15,0.0303,182,0.2639,-0.0714,16,1,0.3333,70,0.129,0.129,259,0.1239,-0.1412,200,0.0048,0.0375,2028,0.0068,-0.0238,467710,0.001,0.0111,552,0.0289,0.0204,0.8793,0.1385,-0.3962,0
202502,12039,"gadsden, fl",313625,0.0284,0.1082,88,-0.0056,-0.0928,76,-0.0194,0.3511,38,0.4615,0.1875,0,-1,,30,0.5,1.1429,37,0.1746,3.625,163,-0.043,0.0031,1788,0.0347,0.0511,322678,-0.0258,0.0071,125,0.0462,0.1857,0.4205,0.0645,0.338,0
202502,48169,"garza, tx",740000,0.8049,1.4832,8,-0.1111,-0.1111,152,0.179,1.7054,0,,-1,0,,,0,-1,,2,0,0,245,0.6918,0.4193,3022,0,0.6094,717811,0.0779,0.7237,10,-0.0909,-0.0909,0.25,0.0278,0.0278,1
202502,54025,"greenbrier, wv",332000,0.054,-0.0752,99,-0.0294,0.0588,86,0.0239,-0.1929,18,-0.4706,-0.3571,0,,,20,0.1111,1,29,-0.0333,-0.0333,170,0.0418,-0.0852,1988,0.0415,-0.1943,638872,0.063,-0.1134,128,-0.0303,0.0199,0.2929,-0.0012,-0.0279,0
202502,34019,"hunterdon, nj",670750,-0.03,0.003,158,-0.0247,-0.2,55,-0.2254,-0.1235,106,0.6563,0.0816,0,,-1,20,0,-0.4118,147,-0.0201,-0.0298,303,0.0197,0.1155,2448,-0.0245,-0.1394,1059401,-0.0093,0.074,301,-0.0147,-0.125,0.9272,0.0044,0.1627,0
202502,28011,"bolivar, ms",184875,0.0138,0.2534,77,-0.0129,0.5455,96,0.0324,-0.0948,8,-0.2,-0.6364,0,,,10,-0.2857,0.25,16,0.1481,0.0333,104,0.0004,0.0957,1824,0.0201,0.216,229320,0.0187,0.2713,91,0.0055,0.4,0.2026,0.0284,-0.1004,0
202502,21225,"union, ky",170500,-0.0173,-0.1187,12,-0.04,0.4118,91,-0.0496,0.456,4,0,0,0,,,0,-1,-1,5,1,0.6667,114,-0.0175,-0.0949,1393,0.0014,-0.0316,193570,0.0015,0.0604,18,0.1667,0.4583,0.4167,0.2167,0.0637,1
202502,20097,"kiowa, ks",172500,0.1538,-0.31,6,-0.1429,5,80,0.1154,-0.2295,2,,,0,,,0,,,2,0.5,,93,0.5002,-0.2464,1455,-0.0261,-0.2783,153055,0.2018,-0.3878,8,0.1429,7,0.25,0.1071,0.25,1
202502,29139,"montgomery, mo",179250,0.0156,-0.2051,23,0.1842,0.7308,58,-0.0415,0.8047,12,0,-0.1429,0,,,2,0,-0.5,11,0,0.375,129,0.1642,-0.0179,1884,0.0402,0.3802,223929,0.0271,-0.0589,33,0.1,0.5714,0.4889,-0.0901,-0.1265,1
202502,48145,"falls, tx",229700,-0.011,0.0335,55,0.3253,1.4444,89,0.0113,-0.0939,26,5.5,0.8571,0,,,12,-0.25,2,5,-0.4444,-0.3333,117,0.0017,-0.1684,1836,-0.0072,-0.0098,298800,-0.0385,-0.0808,60,0.1782,0.9508,0.0909,-0.126,-0.2424,1
202502,36123,"yates, ny",419900,0.0244,-0.1617,31,-0.0159,0.4419,128,0.2929,3.2667,6,0.5,-0.5714,0,,,4,0,0,32,-0.0986,3.5714,270,-0.008,-0.0186,1729,0.0353,0.0108,731017,0.106,0.1871,63,-0.0597,1.1724,1.0323,-0.0947,0.7067,1
202502,39051,"fulton, oh",238200,-0.1225,0.2408,37,0.1061,0.3273,42,-0.217,-0.1981,26,0.1818,0.0833,0,,,10,0,0.6667,26,0.0612,0.1556,138,0.0258,0.1186,1638,-0.0244,0.044,262621,-0.0827,0.1105,62,0.0789,0.2178,0.7123,-0.0301,-0.1059,0
202502,13251,"screven, ga",273700,-0.0046,0.2301,22,0,0.6538,72,0.2203,-0.4566,0,-1,-1,0,,,8,1,,6,-0.1429,-0.25,147,0.0628,0.3318,2003,-0.0027,0.068,367436,0.0058,0.5224,28,-0.0351,0.3095,0.2791,-0.0465,-0.3363,1
202502,31169,"thayer, ne",206750,-0.0384,0.654,10,0.1111,0.0526,110,0.0652,0.5103,2,,0,0,,,2,0,,3,0,-0.1429,124,0.0561,0.1054,1496,-0.114,0.0438,226650,-0.1042,0.049,13,0.0833,0.04,0.3,-0.0333,-0.0684,1
202502,20031,"coffey, ks",247500,-0.0816,-0.1608,27,0.1739,1.0769,52,-0.0631,-0.2121,6,-0.4,-0.5,0,,,0,-1,,4,1,1,139,-0.0627,0.0398,1752,-0.0085,-0.2536,251720,-0.0504,-0.1462,31,0.22,0.9677,0.1481,0.0612,-0.0057,1
202502,17085,"jo daviess, il",326000,0.0191,-0.287,125,-0.0119,0.8444,119,0.1232,-0.0366,34,0.7,0.1333,0,,,20,-0.2308,1.5,33,0.3,0.1404,176,-0.01,-0.0603,2067,0.0085,-0.2177,422170,-0.0173,-0.2158,156,0.04,0.6335,0.261,0.0626,-0.1612,1
202502,04012,"la paz, az",325000,-0.0532,-0.1034,46,0.011,-0.1154,114,0.0389,0.1947,8,-0.2,0.3333,0,,,14,1.3333,0.4,5,-0.4,-0.3077,289,0.0021,0.0435,1211,-0.1323,-0.1212,560124,-0.0166,-0.015,51,-0.0381,-0.1293,0.0978,-0.067,-0.0272,1
202502,13237,"putnam, ga",565000,0.0372,0.2682,202,0.0495,0.2875,87,-0.1512,0.2985,64,-0.0303,0.28,0,,,34,0,-0.4688,45,0.5254,-0.0722,250,-0.0021,0.167,2269,0.0132,-0.0069,781140,0.0105,0.1248,244,0.1144,0.2025,0.2233,0.0697,-0.0866,0
202502,13225,"peach, ga",258425,-0.0155,0.0931,60,-0.0164,-0.1241,78,-0.0719,1.1831,24,0.2,-0.25,0,,,20,0,0.1111,32,0.125,-0.3762,128,-0.0436,-0.0066,1973,0.0064,0.0776,290624,-0.0333,0.106,91,0.0226,-0.2265,0.525,0.066,-0.2122,1
202502,32023,"nye, nv",425000,0.0273,0.012,220,0.1224,0.1028,47,-0.4763,-0.1416,86,0.1316,0.1622,2,-0.6667,,60,0.2,0.3043,84,0.1597,0.057,214,-0.0135,0.0691,2028,0.0101,-0.0222,517608,0.0158,0.1493,298,0.1309,0.0586,0.3795,0.0122,-0.0164,0
202502,13111,"fannin, ga",699924,-0.0365,-0.1052,534,-0.0084,0.1908,97,-0.0671,0.0104,136,0.6585,0.0149,0,-1,-1,128,0.1636,0,100,0,0.1637,329,0.0101,-0.02,2464,-0.0167,-0.0708,985639,-0.0132,-0.0281,631,0.0032,0.184,0.1865,0.0016,-0.0043,1
202502,28163,"yazoo, ms",171156,0.0452,0.2403,26,-0.25,-0.2388,124,0.0736,0.0185,4,-0.5,-0.6667,0,,,4,0,-0.5,14,0.4737,2.1111,88,0.0215,0.1996,2016,-0.0014,0.158,258074,0.0958,0.4093,40,-0.0805,0.0526,0.549,0.2696,0.4147,0
202502,13217,"newton, ga",340670,0.0021,-0.0022,503,0.0479,0.486,60,-0.1643,0.3132,214,0.2588,0.5286,12,0.2,0.2,174,0.2794,0.8511,143,0.2275,0.007,163,0.0061,-0.0146,2098,-0.0166,-0.0026,396187,0.0069,0.0294,640,0.0857,0.3375,0.2843,0.0416,-0.1352,0
202502,12059,"holmes, fl",258735,-0.0049,-0.1179,57,0.0089,0.4868,109,0.2351,0.2938,10,-0.2857,0,2,,,18,0.2857,0.8,14,0.3333,0.4737,164,0.0149,0.0943,1683,0.003,-0.0722,318329,0.0036,-0.098,71,0.0677,0.5106,0.2478,0.0603,-0.0022,1
202502,54107,"wood, wv",212500,0.0429,-0.0399,110,-0.1373,0.0476,86,0.0088,0.114,34,0.2143,-0.3929,0,,-1,38,0.1176,0.1176,55,-0.0268,-0.2922,119,0.0001,0.0863,1753,0.0379,-0.1601,301739,0.0175,0.1928,165,-0.0909,-0.0984,0.4955,0.0562,-0.2379,0
202502,06035,"lassen, ca",293750,0.0307,-0.0176,89,-0.0829,-0.1238,117,0.0175,-0.0809,18,0.125,0.5,0,,,12,-0.1429,-0.1429,29,0.14,0.14,181,0.0097,-0.016,1813,0.1202,0.1328,481625,0.0612,0.0383,119,-0.0124,-0.0403,0.322,0.063,0.0745,0
202502,08071,"las animas, co",322500,0.075,-0.0442,122,0.0427,0.3189,138,0,0.0494,22,-0.0833,0.8333,0,,,12,-0.1429,0.5,24,-0.0204,0.3333,177,-0.0143,-0.0987,1822,0.0003,-0.0487,464930,0.0128,-0.2204,144,0.0213,0.3091,0.1967,-0.0127,0.0021,1
202502,40071,"kay, ok",144950,-0.0283,-0.072,119,0.0085,0.185,66,-0.2054,-0.2443,44,0,0.1579,0,,,22,-0.1538,-0.2143,53,0.117,-0.1923,94,-0.0777,0.039,1592,-0.0386,-0.0843,213170,0.0128,0.011,171,0.0654,0.027,0.443,0.043,-0.207,0
202502,42049,"erie, pa",239900,-0.0392,0.0376,177,-0.1041,-0.0831,68,-0.0933,-0.0621,124,0.2917,-0.1389,0,-1,-1,46,0.2105,0,186,0.2962,-0.1206,144,-0.0301,0.0777,1633,-0.0307,-0.0498,358670,0.0196,0.1286,369,0.0837,-0.0866,1.0538,0.3254,-0.0449,0
202502,45025,"chesterfield, sc",251950,-0.0347,-0.0297,100,0.0585,0.3267,84,-0.0059,0.0568,28,-0.0667,-0.125,2,,,20,-0.0909,2.3333,21,0.5556,0.05,138,-0.0249,-0.1247,1604,-0.0258,0.0771,270770,-0.0461,-0.0441,119,0.1023,0.2674,0.2111,0.0674,-0.0556,0
202502,53019,"ferry, wa",415000,0.0122,0.1067,40,0.039,0.6667,163,0.1733,0.0762,2,-0.5,-0.75,0,,,2,,0,2,-0.4286,-0.6364,283,0.0525,0.478,1706,-0.0351,0.0999,530932,0.0093,0.0873,42,0,0.4237,0.05,-0.0409,-0.1792,1
202502,41013,"crook, or",615975,0.0599,0.0639,142,-0.0035,0.2467,99,-0.102,0.0532,32,0.2308,-0.0588,8,3,3,22,-0.4762,-0.1538,47,0.2533,0.0562,352,0.0666,0.1304,1996,0.0314,-0.0315,972922,0.0371,-0.0681,190,0.0615,0.2219,0.3322,0.0681,-0.0599,0
202502,42003,"allegheny, pa",239950,0,-0.0398,2149,-0.1077,0.1138,86,0.0299,0.1169,866,0.0409,-0.1323,6,-0.6667,-0.7857,604,0.0671,-0.0321,1490,0.2506,-0.0033,169,0.0091,0.0099,1471,0.0081,-0.0548,376507,0.0468,-0.1508,3638,0.0107,0.063,0.6931,0.1986,-0.0814,0
202502,30083,"richland, mt",253500,0.0162,-0.0212,25,-0.0385,0.25,95,0.016,-0.3656,2,-0.75,0,0,,,0,,,8,-0.1667,-0.0625,199,0.0089,0.1724,1630,-0.0213,0.0025,280817,-0.0639,0.0853,32,-0.0857,0.1429,0.3,-0.0462,-0.1,0
202502,53055,"san juan, wa",1159000,0.036,-0.1415,85,0.0696,0.1736,107,-0.1162,-0.1901,22,0.2222,0.1,0,,,6,0,0.5,13,-0.2121,0,666,0.0563,0.0838,1935,0.0036,-0.0788,2011086,0.0599,0.1203,97,0.0104,0.1279,0.1538,-0.055,-0.0267,1
202502,46079,"lake, sd",389450,0.0156,0.0167,41,0.0649,0.3667,58,-0.2764,-0.4492,16,0.3333,0.6,0,,,10,1.5,0.6667,10,1.7143,-0.3448,228,0.0046,-0.0693,2190,-0.0333,0.013,505472,-0.0251,-0.0449,51,0.2169,0.1477,0.2317,0.1408,-0.2516,0
202502,06077,"san joaquin, ca",572470,0.0132,0.0418,964,0.0838,0.5765,38,-0.3902,0.0135,598,0.15,0.196,52,0.1818,0.1304,364,0.3684,1.2195,519,0.1508,-0.0486,322,0.0041,0.0325,1787,-0.0015,0.0122,648883,0.0027,-0.0419,1492,0.1126,0.2874,0.5384,0.0314,-0.3537,0
202502,29003,"andrew, mo",362450,0.2543,0.1749,23,-0.0213,0.3529,77,0.1724,-0.2134,12,1,-0.1429,0,,,4,0,0,9,-0.1429,0.0588,158,0.0573,0.2723,2270,0.1985,-0.0053,438869,0.1906,0.2456,33,-0.0294,0.3469,0.3913,-0.0555,-0.1087,0
202502,53037,"kittitas, wa",716500,0.011,0.0167,218,0.0211,0.5971,101,-0.0946,0.2182,72,0.2414,0.6364,0,-1,,30,-0.2857,0.1538,63,0.0678,0.0244,431,0.0045,-0.0175,1932,-0.0014,-0.0716,1099791,0.0149,0.0121,281,0.0369,0.4156,0.289,0.0126,-0.1616,0
202502,28033,"desoto, ms",382662,0.0011,-0.0249,731,0.0871,0.368,73,-0.096,-0.0701,256,0.0579,0.0667,18,3.5,-0.25,212,0.191,0.2771,289,0.1824,-0.104,168,0.0112,0.0144,2329,-0.0006,-0.0329,408869,0.0029,-0.0104,1023,0.1168,0.2035,0.3949,0.0318,-0.2081,0
202502,01025,"clarke, al",189725,0.0255,-0.0466,72,-0.0654,0.1532,117,0.0759,0.3526,26,1.6,1.1667,0,,,12,0,0.2,15,0.5,0.5789,101,0.0887,0.0492,1976,0.0205,-0.0414,232857,0.0509,0.0503,87,0.0058,0.2183,0.2098,0.0791,0.0566,1
202502,05035,"crittenden, ar",235975,-0.0558,0.073,126,-0.0195,0.3125,85,0.0335,0.5,38,-0.2083,-0.24,2,,,30,0.25,0.5,47,0.1481,-0.306,129,-0.0006,0.0339,1782,-0.0103,-0.0334,270406,0.0158,-0.0011,170,0.018,0.0462,0.369,0.0539,-0.3289,0
202502,51678,"lexington, va",439923,0.1081,-0.0202,7,0,-0.3333,38,-0.2857,-0.6652,4,1,0,0,,,0,,-1,1,0,-0.5,207,-0.1507,0.0603,1788,0.1543,-0.0078,803917,-0.0461,0.5213,8,0,-0.2727,0.1429,0,-0.0476,1
202502,48349,"navarro, tx",290000,0.0178,0.0096,233,0.0403,0.4264,79,-0.1342,0.2794,72,0.2857,0.5652,2,,,82,0.2059,0.3667,47,0.4531,-0.0313,169,0.0189,-0.0224,1749,0.0105,-0.0009,481318,-0.0003,0.126,279,0.09,0.323,0.2,0.0568,-0.0945,0
202502,36035,"fulton, ny",262464,0.0609,0.3159,73,-0.1751,-0.2022,104,0.1243,0.3595,20,0,-0.5833,0,,,16,-0.2,-0.2727,71,0.0217,-0.0537,161,0.0597,0.2711,1517,0.003,0.002,315051,0.0635,0.3448,143,-0.0952,-0.1467,0.9658,0.1861,0.1515,0
202502,19157,"poweshiek, ia",249675,-0.0013,0.0425,59,-0.064,-0.0488,106,0,-0.0964,12,0.2,-0.25,0,,,8,-0.4286,0,19,0.0882,-0.1591,141,-0.0144,-0.0571,1700,-0.0044,0.0331,311971,-0.0119,0.0402,78,0,-0.0663,0.3162,0.0442,-0.0415,0
202502,19019,"buchanan, ia",202200,-0.1207,-0.2344,43,0.0494,0.5179,74,-0.3303,0.1341,18,0.2857,0.2857,0,,,14,1.3333,1.3333,21,0.3226,-0.1087,128,0,-0.1653,1622,-0.0419,0.0062,259383,-0.0667,-0.1472,62,0.1182,0.1942,0.4824,0.0996,-0.3391,1
202502,16009,"benewah, id",412250,0.0329,-0.173,34,-0.0694,0.1356,74,-0.1353,-0.2881,8,1,0,0,,,2,0,0,13,0.0833,0.3,262,0.0112,0.0126,2097,0.1297,-0.1061,607273,0.0254,-0.277,47,-0.0313,0.1923,0.3881,0.0547,0.0491,1
202502,22125,"west feliciana, la",540250,0.0061,0.7371,22,0,-0.4133,84,0.3268,0.7107,6,-0.4,-0.4,0,,,6,0.5,0,6,0,-0.0769,209,-0.0677,0.2054,2476,0.039,0.4422,763816,0.0027,0.5776,28,-0.0175,-0.3563,0.2727,0,0.0994,1
202502,38095,"towner, nd",113675,-0.471,-0.0644,4,0.3333,1,121,-0.3727,-0.2235,4,,,0,,,0,,,3,,,64,0.1788,-0.1775,2456,-0.1187,0.4318,217563,-0.2518,0.7906,6,1,2,0.625,,,0
202502,39123,"ottawa, oh",476200,0.041,-0.0047,129,0.103,0.0983,81,-0.1123,0.8101,48,0.5,-0.1111,0,,,8,-0.3333,-0.5556,51,0.1087,-0.2388,310,0.0276,0.1622,1504,-0.0402,-0.1181,633924,0.0135,-0.0428,180,0.1046,-0.0191,0.3969,0.002,-0.1758,0
202502,32001,"churchill, nv",402400,-0.0094,0.0676,51,0.1333,0.2143,48,-0.3091,-0.2748,26,0.0833,0.1818,0,,,18,0.5,0.2857,26,0.2093,-0.2877,245,-0.0143,0.008,1658,-0.014,0.0405,449853,-0.0366,0.1137,79,0.1544,-0.0063,0.5098,0.032,-0.3592,0
202502,06101,"sutter, ca",484750,0.0419,0.0436,98,-0.0485,0.4203,51,-0.1245,0.1461,46,-0.1481,0.2105,2,,0,30,-0.1176,0.1538,54,-0.0183,0.1505,264,0.0028,0.0041,1841,0.0343,0.0564,534667,0.0427,0.073,151,-0.0444,0.3144,0.5459,0.0168,-0.128,0
202502,39027,"clinton, oh",259175,0.0409,0.0031,56,-0.1579,0.2584,62,-0.1051,0.1176,22,0.2222,-0.2667,0,,,22,0.2222,0.375,43,-0.0549,-0.0444,155,0.0165,-0.05,1686,0.0078,0.0266,293997,0.0453,-0.0837,97,-0.1101,0.0778,0.7679,0.0836,-0.2434,0
202502,20069,"gray, ks",275000,0,0.1308,20,-0.0698,1.6667,79,0.5545,-0.3485,0,-1,,0,,,0,-1,-1,7,-0.1875,0.8571,183,0,0.0488,1504,0,-0.1541,322079,0.052,-0.1203,26,-0.1186,1.4762,0.325,-0.0471,-0.1417,0
202502,53021,"franklin, wa",508888,0.0429,0.0709,178,-0.0483,0.026,80,0.0032,0.252,54,-0.2703,-0.0357,0,,,58,0.2083,0.381,64,0.1869,0.016,263,-0.0027,-0.0009,2114,0.0942,0.0903,612683,0.0276,0.1164,241,-0.0184,0.0278,0.3577,0.0709,-0.0035,0
202502,54097,"upshur, wv",199900,-0.0447,0.2503,36,-0.1341,0.5106,114,0.0022,0.2069,6,-0.25,-0.25,0,,,8,0.3333,0,15,1.3077,0.0345,128,0.0172,0.1805,1934,0.0337,0.2122,268954,0.0212,0.1039,50,0.0206,0.2692,0.4225,0.264,-0.1945,0
202502,48081,"coke, tx",245000,0.0041,0.3335,18,0.25,0,124,-0.1172,0.1612,4,0,0,0,,,2,0,,1,-0.5,-0.6667,119,-0.0325,0.0385,1798,0.002,0.1763,450453,-0.0832,0.755,19,0.1563,-0.075,0.0571,-0.0857,-0.1143,0
202502,26109,"menominee, mi",199900,-0.048,0.0321,41,-0.0575,0.3226,91,0.1629,-0.1186,16,0.1429,1.6667,0,,,6,0.5,2,25,0.25,0.0204,156,0.0218,0.2786,1538,-0.0306,-0.1403,349673,0.0028,-0.1403,66,0.0476,0.1892,0.6098,0.15,-0.1806,1
202502,13081,"crisp, ga",354250,0.0969,0.272,64,0.0079,0.2095,120,-0.0608,0.2876,18,0,0.5,0,,,12,0.2,2,16,-0.1389,-0.0882,164,0.079,0.2582,2231,0.0494,0.1428,479946,0.077,0.5048,79,-0.0063,0.1286,0.2441,-0.0416,-0.0797,0
202502,19107,"keokuk, ia",137400,-0.0555,-0.0581,27,0.0192,0.6563,78,0.2101,-0.0189,4,0,-0.5,0,,,4,-0.5,0,6,-0.1429,-0.2941,82,-0.2389,-0.1589,1453,0.0036,-0.0043,164506,-0.0666,-0.0145,32,-0.0303,0.3333,0.2264,-0.0428,-0.3048,0
202502,39103,"medina, oh",414850,0.0834,0.0406,139,-0.1036,-0.0348,54,-0.057,0.6045,110,0.1957,-0.2361,2,,0,54,0.0385,0.35,151,0.1615,-0.2688,179,0.0185,0.045,2238,0.038,-0.051,496196,0.0519,-0.0235,291,0.0175,-0.1604,1.0903,0.2488,-0.3488,0
202502,24043,"washington, md",349675,0.0182,-0.0484,259,-0.053,0.4389,44,-0.1579,-0.0928,134,0.2182,0.1552,4,-0.6,-0.8333,98,0.3243,0.6333,153,0.2541,-0.113,189,0.0182,0.0475,1833,0.0186,-0.0054,403380,0.0039,-0.0651,413,0.0404,0.1702,0.5907,0.1447,-0.3676,0
202502,21239,"woodford, ky",489000,0.0406,0.1372,39,-0.0494,0.1667,68,0.0112,-0.0037,20,0.4286,0.25,0,,-1,10,1.5,-0.2857,27,0.08,-0.0847,198,0.0172,0.027,2426,0.0242,0.1601,638400,-0.0066,0.2544,66,0.0155,0.048,0.7013,0.084,-0.1926,0
202502,31149,"rock, ne",128700,0.035,0.9102,2,-0.2,-0.5,184,0.7518,0.5617,0,,-1,0,,,0,,,3,-0.1429,-0.4,92,0,1.0256,1339,0,-0.0514,128700,0.0114,0.5711,5,-0.1667,-0.4444,1.5,0.1,0.25,1
202502,30005,"blaine, mt",149900,0.2002,-0.6252,6,-0.25,1,77,0.4101,-0.3904,2,,,0,,,2,,,1,,,103,0.0427,-0.3934,1449,0.0858,-0.3841,168644,0.089,-0.5997,7,-0.125,1.3333,0.1667,,,1
202502,40067,"jefferson, ok",129750,-0.0057,-0.1052,12,-0.2,-0.1111,131,0.2429,0.1704,0,-1,,0,,,2,0,,7,0.1667,0,72,-0.0886,-0.0486,1864,0.2177,0.1788,410633,0.1667,1.5369,20,-0.0714,-0.0488,0.5833,0.1833,0.0648,1
202502,17199,"williamson, il",225000,0.0001,0.42,163,-0.0298,0.1769,71,-0.0405,0.2241,56,0.3333,-0.2222,0,,,50,0.4706,0.0417,89,0.0471,-0.1317,128,0.0017,0.2371,1816,0.0078,0.1301,268560,0.0331,0.0472,251,-0.0079,0.048,0.546,0.0401,-0.1941,0
202502,45027,"clarendon, sc",333475,-0.0111,0.0341,98,-0.0439,0.3517,97,-0.0766,0.1156,22,-0.2143,0.375,0,,-1,20,-0.0909,0.25,26,0.7586,-0.15,180,-0.0002,-0.012,1775,-0.0457,-0.0246,387790,-0.0082,-0.0078,123,0.047,0.2069,0.2602,0.1187,-0.1536,0
202502,40057,"harmon, ok",92500,-0.1494,0.0947,5,0.125,-0.1,62,-0.0677,-0.3641,0,-1,,0,,,0,,,,,,48,-0.0939,-0.2629,1910,0.0274,0.25,108367,-0.0552,0.0043,5,-0.1,-0.25,,,,0
202502,42083,"mckean, pa",161150,0.0078,-0.1097,73,-0.0701,0.46,122,0.1711,0.0318,4,-0.6667,-0.6667,0,,,10,-0.375,1.5,25,-0.0385,-0.1803,108,0.0494,0.1538,1573,0.0032,-0.1873,191589,0.0326,-0.0247,97,-0.0766,0.2138,0.3425,0.0113,-0.2675,1
202502,47137,"pickett, tn",371875,0.0192,-0.0519,29,-0.0656,-0.0656,65,-0.3325,-0.3759,6,-0.25,-0.6667,0,,,4,,1,5,0,-0.55,220,0.1164,-0.025,1536,0.1007,-0.0087,952823,0.0397,0.5672,33,-0.0845,-0.1875,0.1579,0.0104,-0.17,0
202502,51005,"alleghany, va",199913,0.0543,0.1777,51,0.01,0.6833,81,0.1378,0.2727,14,0.4,-0.3636,0,,,28,0,0.75,13,-0.0741,-0.2857,110,0.0826,0.0487,1724,0.0052,0.0108,318721,-0.0038,-0.2248,63,-0.0233,0.3125,0.2475,-0.0225,-0.3358,0
202502,39171,"williams, oh",189750,-0.0377,0.0332,58,-0.1727,0.4375,61,-0.062,0.3224,30,2.75,0.3636,0,,,18,-0.25,0.8,39,0.013,0.2581,117,-0.0543,-0.0258,1503,0.0054,0.0538,210101,-0.0264,-0.0467,98,-0.0798,0.3611,0.6783,0.1243,-0.0967,0
202502,20189,"stevens, ks",186250,0.0797,0.0208,5,-0.1667,-0.3333,127,0.3804,0.8143,0,,-1,0,,,0,,,2,1,-0.6,80,-0.0038,-0.0814,2090,0.0029,0.05,269725,0.0838,0.6218,7,-0.0667,-0.4167,0.4,0.2333,-0.2667,1
202502,18163,"vanderburgh, in",234894,-0.0352,0.2111,322,-0.046,0.1183,71,-0.0241,0.2566,174,0.5,0.1154,4,,-0.3333,110,0.1,-0.0179,213,0.1576,-0.0955,142,0.0207,0.1155,1784,-0.0049,0.0847,278392,-0.0053,0.1215,533,0.029,0.028,0.6625,0.1165,-0.1566,0
202502,21111,"jefferson, ky",267450,-0.0274,-0.0841,1159,-0.0653,0.1749,46,-0.1481,0.0455,808,0.2431,-0.017,26,0.8571,-0.2353,480,0.0909,0.1429,1027,0.2904,-0.05,166,0.0118,0.0316,1635,-0.0297,-0.081,372616,0.0001,0.0249,2182,0.0722,0.0569,0.8861,0.2443,-0.2098,0
202502,01111,"randolph, al",365250,-0.0135,-0.0781,68,0,0.0714,108,-0.0357,0.0693,16,0.3333,-0.2,0,,-1,16,1.6667,0.3333,26,0.2143,0.4571,202,0.1002,0.1395,2319,-0.0176,-0.0258,488782,0.0515,-0.0345,92,0.0517,0.1366,0.3778,0.0667,0.1,0
202502,05079,"lincoln, ar",182000,-0.0605,0.5556,24,-0.06,0.4688,128,0.094,0.7902,6,2,-0.4,0,,,6,-0.25,,6,0.2,-0.1429,102,-0.0001,0.1434,1819,-0.2596,0.3832,358931,-0.0195,2.0835,29,0,0.2609,0.2553,0.0553,-0.1822,1
202502,13215,"muscogee, ga",229975,0.0314,0.0964,433,-0.0259,0.2891,66,0.048,0.4886,222,0.2472,0.0183,6,2,-0.5714,122,-0.0615,0,266,0.2036,-0.1236,131,0.0069,0.079,1756,0.0156,-0.0003,313503,0.0455,0.1086,696,0.0334,0.0953,0.615,0.1173,-0.2896,0
202502,48499,"wood, tx",315000,0.0187,-0.0063,295,0.048,0.2245,80,-0.0533,-0.0643,76,0.0857,0.2258,0,-1,-1,74,0.2759,0.1935,56,0.1313,-0.1765,184,-0.0016,0.0417,1825,0.0062,-0.0131,444170,-0.0329,0.0388,349,0.0641,0.137,0.1902,0.014,-0.0926,0
202502,29225,"webster, mo",328088,-0.0033,-0.122,111,0.0777,0.4416,64,-0.1056,-0.1561,46,0.2778,0.2778,0,,,14,-0.4167,-0.5882,51,0.2439,0.3973,168,0.0414,0.0178,1827,-0.0195,-0.1027,402346,0.0194,-0.0754,163,0.1359,0.4361,0.4595,0.0614,-0.0146,1
202502,51109,"louisa, va",499950,0.0307,-0.0706,202,0.0688,0.4532,58,0.0952,-0.1756,82,0.0513,0.5185,6,0,-0.7,50,0.5625,0.3158,113,0.066,-0.1341,248,0.0052,0.0116,2224,0.0818,-0.0078,683929,0.0764,-0.0544,315,0.0678,0.1887,0.5594,-0.0014,-0.3794,0
202502,48475,"ward, tx",242450,0.023,-0.1408,43,0.1039,0.3281,64,-0.195,-0.3245,12,-0.4,0.5,0,,,6,,-0.4,1,-0.6667,0,158,0.0651,0.0937,1775,0.0131,-0.0883,295292,-0.0048,-0.0361,44,0.0235,0.3385,0.0235,-0.0544,-0.0077,1
202502,13305,"wayne, ga",267431,-0.003,-0.0001,93,0.0109,0.5678,89,0.1516,0.3421,20,0.4286,-0.4118,0,,,24,-0.0769,0.2,28,0.1,-0.2254,158,-0.0206,0.0177,1819,0.01,0.0778,313294,0.0064,0.0323,109,0.0235,0.1658,0.2973,0.0241,-0.3044,0
202502,42009,"bedford, pa",192750,0.0536,0.3028,93,-0.051,0.4091,87,-0.0198,-0.1639,20,0.1111,0,0,,,12,-0.3333,-0.1429,13,0.1364,-0.359,137,-0.0062,0.0484,1684,0,0.1145,220120,0.0047,-0.1125,107,-0.0093,0.2384,0.1344,0.0222,-0.161,0
202502,26137,"otsego, mi",314750,0.0161,0.1142,52,-0.168,0.4054,116,0.0043,0.8157,8,-0.6,-0.6923,0,,,10,0.25,0.25,24,-0.0588,0,168,0.044,0.2308,1990,-0.0013,-0.0659,589892,0.2162,0.3518,77,-0.0994,0.2623,0.4615,0.0535,-0.1871,0
202502,39047,"fayette, oh",231000,0.0896,-0.0121,43,0,0.1622,45,-0.2261,0.1125,30,0.1538,0,0,,,14,0,-0.4167,25,0.3889,-0.0196,152,0.0189,0.1181,1594,0.0418,-0.0461,314106,0.033,0.2285,67,0.1074,0.072,0.5814,0.1628,-0.1078,0
202502,19033,"cerro gordo, ia",290743,0.006,0.2923,215,-0.0115,0.6564,113,0.0791,0.3636,32,-0.2727,-0.4286,0,,,30,0.1538,0.3636,40,0.1268,0.1429,156,0.0009,0.2087,2027,0.0042,0.0295,357481,0.0373,0.1258,243,-0.0122,0.4832,0.1865,0.0229,-0.0838,0
202502,47047,"fayette, tn",429950,0.0301,-0.0336,259,0.0299,0.3787,83,-0.0672,-0.0724,74,0.0571,0.1212,18,8,0.5,68,0.36,0.1333,91,0.223,0.2313,187,-0.0006,0.0994,2577,0.1209,-0.0096,528802,0.0317,-0.0039,349,0.0772,0.322,0.3501,0.0553,-0.0419,0
202502,12077,"liberty, fl",198675,-0.3711,0.1546,10,-0.1739,-0.2083,112,0.2174,0.0159,0,-1,,0,,,2,,-0.5,3,-0.3333,0.2,149,0.1283,0.2376,1648,-0.094,-0.0315,243962,-0.0964,0.1272,13,-0.1935,-0.0741,0.3158,-0.0755,0.1075,0
202502,28023,"clarke, ms",130000,-0.0441,-0.2348,24,0,0.6207,110,0.1702,0.1518,4,1,0,0,,,12,1,5,6,0,-0.1429,82,0.0803,-0.1433,2168,0.0441,0.1563,192151,-0.0016,0.0387,29,-0.0333,0.3488,0.2553,0,-0.2274,1
202502,23015,"lincoln, me",622000,0.0817,0.1366,93,-0.1886,0.5164,121,0.1551,0.3482,32,0.2308,0.2308,0,,,8,-0.5556,-0.2,29,0.0755,0.3571,330,0.0131,0.0231,1896,0.0544,0.0768,856782,0.0563,0.1105,121,-0.1393,0.4785,0.3081,0.0757,-0.0362,0
202502,05017,"chicot, ar",229000,0.0044,-0.2379,13,0,0.1304,144,0.1358,-0.0723,0,-1,-1,0,,,0,,,2,-0.2,0,114,-0.0014,-0.1149,2000,0.0101,-0.0167,212446,0.0146,-0.1772,14,-0.125,0.0769,0.1538,-0.0385,-0.0201,1
202502,28021,"claiborne, ms",124500,-0.1263,-0.2153,13,0,0.625,182,-0.1337,0.4578,2,0,,0,,,0,-1,-1,4,1.6667,3,61,-0.0551,0.015,2368,-0.0021,0.0287,159277,-0.031,-0.529,16,0.1034,0.7778,0.3077,0.1923,0.1827,1
202502,19127,"marshall, ia",202425,0.0216,0.5143,72,-0.1118,0.9861,84,0.2444,-0.0289,26,-0.1333,0.1818,0,,,12,-0.4,2,56,0.1915,0.4545,148,0.0463,0.4813,1291,0.0023,0.0458,209421,0.0183,0.0899,127,0,0.7569,0.7832,0.1994,-0.2862,1
202502,29029,"camden, mo",385000,0.0138,-0.0876,713,0.0171,0.4119,80,-0.1011,0.2214,220,0.4667,0.1,2,,-0.5,126,0.5366,0.26,148,0.3455,0.0314,254,0.0048,-0.0099,1629,-0.0238,-0.0658,696597,-0.0132,0.0151,858,0.0652,0.3253,0.2076,0.0507,-0.0766,0
202502,55039,"fond du lac, wi",352250,0.0684,0.0394,130,-0.0813,0.383,64,-0.1318,0.702,58,-0.0645,-0.0938,0,,,18,-0.25,-0.1818,88,0.1733,0.1282,186,0.037,0.0721,1722,0.0051,-0.0331,402168,0.0267,0.1068,216,-0.0046,0.2529,0.6769,0.1469,-0.1529,0
202502,36033,"franklin, ny",221250,-0.0051,-0.115,131,0.0156,0.442,129,0.0404,0.0467,14,-0.3,-0.125,0,,,12,1,-0.1429,43,-0.2389,-0.2182,149,-0.0001,0.1344,1658,0.0285,-0.0099,657303,0.0176,-0.0779,174,-0.0569,0.2042,0.3295,-0.1102,-0.2782,1
202502,36109,"tompkins, ny",481000,0.0725,0.2658,61,-0.0469,0.1731,86,0.0615,0.5,48,0.7143,-0.1429,0,,,4,-0.7143,-0.3333,97,0.043,0.096,201,0.0404,0.0567,2321,0.0326,0.1438,588938,0.0618,0.1262,157,0,0.1135,1.5902,0.137,-0.1118,0
202502,17201,"winnebago, il",209375,0.009,0.0216,199,-0.1674,-0.0149,38,-0.2754,-0.2424,200,0.0638,0.0101,2,0,-0.5,60,-0.2105,-0.0323,311,0.0561,0.0437,125,0.0376,0.1357,1738,-0.0104,0.0045,258311,0.0813,0.1462,501,-0.0502,0.0214,1.5603,0.3302,0.0875,0
202502,53011,"clark, wa",673650,-0.0042,0.0336,1088,-0.0009,0.2513,81,0.0125,0.2857,502,0.0203,-0.0669,160,-0.2308,-0.1304,444,-0.0177,0.2542,725,0.0592,-0.0041,319,0.0107,0.0261,2142,-0.0204,-0.0181,840206,-0.0185,0.0169,1803,0.0204,0.1336,0.6659,0.0378,-0.1708,0
202502,39043,"erie, oh",303500,0.1036,-0.1324,121,-0.0623,0.2751,58,-0.0754,-0.4086,74,0.6087,0.48,0,,,32,0.2308,1.2857,112,0.4268,0.3099,161,0.0642,-0.1592,1950,0.0313,0.0811,463145,0.1689,-0.0919,227,0.1049,0.2654,0.9295,0.3186,0.0247,1
202502,40043,"dewey, ok",149000,0.0643,0.1099,8,0.0667,-0.3333,144,-0.0544,1.1259,0,,-1,0,,,2,,,1,-0.5,-0.6667,82,0,0.1247,1367,-0.052,-0.1301,150090,0.0048,-0.0715,10,0,-0.3448,0.125,-0.1417,-0.125,1
202502,39029,"columbiana, oh",181200,0.0509,0.133,166,-0.0321,-0.0377,83,0.1186,0.0123,46,-0.1481,-0.2581,0,,-1,62,0.6316,0.0333,88,0.1438,0.0542,115,-0.0218,0.0811,1667,0.0097,0.0903,260140,0.0696,0.0727,254,0.0222,-0.0155,0.5271,0.081,0.0459,0
202502,05123,"st. francis, ar",128500,0.1174,-0.1601,25,0.1111,-0.0909,89,-0.2521,0.4711,6,-0.4,-0.5,0,,,4,0,-0.3333,14,0.0385,-0.1,68,-0.003,-0.212,1788,-0.0215,-0.0709,207864,0.0254,0.1044,39,0.1143,-0.0824,0.54,-0.0378,-0.0055,1
202502,35007,"colfax, nm",385000,-0.0191,0.0769,128,-0.023,0.0581,137,0.0936,0.2477,32,0.6,0.3333,0,,,20,0.4286,0.25,31,0.1273,-0.0746,282,0.0034,0.0206,1676,0.0084,0.0358,545467,0.0027,0.0457,158,0.0032,0.0227,0.2431,0.0324,-0.0349,0
202502,13169,"jones, ga",306154,-0.0101,0.0802,77,0.0621,0.54,90,-0.1388,0.374,24,0.0909,0.2,4,,1,16,-0.1111,-0.1111,30,0.0536,0.0172,141,-0.0355,-0.0045,2059,-0.0132,0.0436,304361,-0.0283,0.0115,108,0.0964,0.3846,0.3831,-0.0031,-0.1969,0
202502,41053,"polk, or",549500,0.0085,0.1024,221,-0.02,0.2176,87,0.0841,-0.0057,70,-0.0278,-0.0789,20,0.6667,1,44,-0.2903,-0.4054,90,0.1401,-0.1674,286,-0.014,-0.0019,1895,0.0135,0.1187,673537,0.0283,-0.0342,309,0.0232,0.0655,0.405,0.0569,-0.1873,0
202502,27127,"redwood, mn",227450,0.0988,0.141,31,-0.1528,0.0702,87,0.1924,0.2218,2,-0.75,-0.8,0,,,12,1,1,13,0.25,-0.2424,118,0.0592,0.0759,1941,0.0142,-0.0065,269969,0.0702,0.2005,44,-0.044,-0.0114,0.4098,0.1321,-0.1691,1
202502,01015,"calhoun, al",224835,0.0247,0.1245,258,-0.0601,0.2965,74,-0.1404,0.097,100,0.0638,0.087,2,0,,68,-0.0286,0.4783,125,0.3736,0.0638,122,0.0717,0.1401,1865,-0.0092,0.0859,269951,0.0475,0.1282,381,0.051,0.2076,0.4845,0.153,-0.106,0
202502,51183,"sussex, va",258650,-0.2029,0.2291,19,-0.0513,0.0278,98,0.0652,1.3195,8,3,-0.4286,0,,,6,0.5,2,6,-0.1538,-0.3125,186,0.0119,0.1059,1466,-0.0702,0.115,368180,-0.0474,0.6875,24,-0.0769,-0.0943,0.2973,-0.036,-0.1471,1
202502,48165,"gaines, tx",364000,-0.0843,0.2174,62,0.0082,0.0696,76,-0.0258,-0.2488,26,0.8571,1.1667,0,,,18,-0.1,0.125,10,0.1765,-0.3103,164,-0.0665,0.0795,2112,-0.0177,0.0361,396657,-0.028,0.1916,72,0.036,-0.0069,0.1626,0.0233,-0.0896,1
202502,30049,"lewis and clark, mt",581225,0.0568,-0.0425,149,-0.0887,0.1732,87,0.061,0.3182,50,0.087,-0.2188,0,,,40,0.3333,0.3333,62,0,0.1376,283,0.0105,-0.025,1977,-0.0153,-0.0981,762797,0.0402,-0.0667,209,-0.0649,0.1547,0.4161,0.0369,-0.013,0
202502,41031,"jefferson, or",460250,-0.0633,0.0568,101,0.0576,0.1953,90,-0.1667,-0.0244,18,-0.3571,-0.25,0,,,18,0.2857,0,33,0.0154,0.5,282,-0.0313,0.0368,1663,-0.0206,0.0272,627022,-0.0481,0.2544,134,0.0635,0.2642,0.3267,-0.0136,0.0664,0
202502,47081,"hickman, tn",431225,0.0393,0.0675,72,0.0286,0.5484,94,0.1355,0.3963,26,0,0.8571,0,,,24,0.2,0.0909,23,0.5862,0.15,231,0.0075,0.1377,1756,0.031,-0.1959,618226,0.041,0.2281,95,0.1377,0.4286,0.3194,0.1123,-0.1107,1
202502,21059,"daviess, ky",278875,-0.0211,0.0056,187,-0.0767,0.0507,63,-0.0704,0.6299,86,0.4333,-0.2182,0,,,64,0.1034,0.1034,105,0.366,0.0195,154,-0.0008,0.0155,1790,-0.0615,-0.0018,335361,-0.0248,0.0192,287,0.0305,0.025,0.5603,0.1816,-0.0171,0
202502,51131,"northampton, va",539995,0.0046,0.0104,89,0,0.2535,107,-0.1046,0.0974,24,0.5,1.4,0,-1,,8,0.3333,1,26,0.1304,-0.2,297,-0.0008,0.1,1800,-0.0123,-0.09,710843,-0.0084,0.0285,116,0.0221,0.1,0.2921,0.0337,-0.1656,1
202502,28031,"covington, ms",176375,0.0115,-0.3387,30,-0.1806,0.0351,100,0.2061,1.4568,2,-0.8333,-0.8571,0,,,10,0.25,0.25,14,1,0.75,96,-0.0628,-0.1773,1783,0.0013,-0.1292,245849,0.0327,-0.2928,45,0.0588,0.25,0.4746,0.2801,0.1939,1
202502,39095,"lucas, oh",189900,0.0855,0.2668,494,-0.0962,0.0335,39,-0.22,-0.0311,346,0.1689,0.0485,2,-0.5,-0.6667,106,-0.2319,-0.2429,429,0.1689,-0.0794,131,0.0293,0.1632,1522,0.0181,0.0437,253592,0.0423,0.232,939,0.033,-0.0048,0.8693,0.1971,-0.1066,0
202502,54033,"harrison, wv",169375,-0.0737,-0.1303,111,-0.0792,0.0728,86,0.1793,0.1753,40,0.0526,-0.2857,2,,,28,-0.3333,0,64,0.2959,-0.1241,114,-0.01,-0.076,1635,0.0002,-0.0582,220794,0.0174,-0.1235,176,0.0446,0,0.5747,0.1663,-0.1292,1
202502,42023,"cameron, pa",94450,-0.1406,-0.0672,14,-0.0968,0.5556,104,0.0615,0.4577,6,2,0.5,0,,,0,-1,,4,1,0,57,-0.0876,-0.3459,1609,0.0235,0.169,155207,-0.0313,-0.0104,18,0,0.4,0.2857,0.1567,-0.1587,0
202502,49047,"uintah, ut",414475,0.0235,-0.0305,96,0.0495,0.3357,86,0.0585,0.0424,44,0.2222,0.5714,2,,,14,-0.125,0.1667,41,0.35,0.2656,195,0.0363,0.1237,2117,0.0685,-0.1865,530305,0.0461,0.0109,137,0.1143,0.3125,0.4241,0.0944,-0.0235,0
202502,42047,"elk, pa",164125,0.0942,0.3065,42,-0.0978,0.4821,117,0.2161,-0.0411,8,0,-0.3333,0,,,4,-0.7778,-0.3333,20,0,0.0263,106,0.0103,0.268,1373,0.0112,-0.1025,221998,-0.1775,0.2556,61,-0.0833,0.2872,0.4699,0.046,-0.2087,0
202502,51155,"pulaski, va",251250,0.0639,0.0569,58,-0.1606,0.369,68,-0.1148,0.08,24,0.5,-0.2,0,,,22,0.1,0.8333,32,0,-0.2889,168,0.0858,0.1653,1666,0.1019,-0.0086,362649,0.058,0.1305,88,-0.0928,0.0476,0.5565,0.0894,-0.5149,0
202502,06115,"yuba, ca",486675,-0.0068,0.0307,212,0.0444,0.5551,54,-0.3415,-0.2517,120,0.3043,0.8182,6,-0.25,2,68,-0.0286,1.4286,109,0.2616,-0.1842,264,0.0184,0.004,1837,-0.0239,0.0085,489768,-0.0216,0.0278,319,0.0981,0.1881,0.513,0.0883,-0.4649,1
202502,37109,"lincoln, nc",477750,0.0084,0.0617,261,-0.0133,0.3968,56,-0.2257,0.0229,134,0.0635,0.34,2,-0.6667,-0.8,108,0,0.2857,149,0.2802,-0.023,232,-0.0024,0.087,2007,0,-0.0516,636600,-0.0007,0.082,406,0.0657,0.1891,0.5701,0.1307,-0.245,0
202502,55023,"crawford, wi",257475,0.0312,-0.1008,29,0.0357,0.0357,104,0.0751,0.1339,10,1.5,-0.1667,0,,,2,,,12,0.5,-0.04,156,0.0357,-0.006,1703,0.0454,0.0858,308963,0.0769,-0.1136,41,0.0946,0.0253,0.4138,0.1281,-0.0326,1
202502,51071,"giles, va",293225,0.0855,0.0665,25,-0.0909,0.1905,89,0.2369,1.2468,8,-0.2,0,0,,,10,0,0,13,0.25,0.087,160,-0.0248,0.1016,1914,0.0945,0.0629,573322,0.0871,0.279,36,-0.027,0.0746,0.5,0.1364,-0.0476,1
202502,21099,"hart, ky",239900,0.0019,-0.0064,56,-0.1462,0.1809,78,0.04,0.2735,14,0.4,-0.4167,0,,,18,0,1.25,19,0.2333,0.0278,169,0.0112,0.1842,1452,-0.0232,-0.1827,298725,-0.0187,-0.0492,75,-0.051,0.1641,0.3333,0.1026,-0.0496,0
202502,01033,"colbert, al",265100,0.02,-0.0572,252,0.0792,0.8876,94,0.0027,0.3686,72,0.2,-0.122,0,,,60,-0.0909,0.6667,61,0.0083,-0.2293,140,0.0104,-0.0157,1873,0.0122,-0.0676,372800,0.0117,-0.0611,307,0.0424,0.4584,0.2401,-0.0169,-0.3479,0
202502,42039,"crawford, pa",199225,0.0491,0.1678,103,-0.1345,0.0619,96,0.2166,-0.1096,26,0.0833,-0.1333,0,,,18,-0.4,-0.1,50,0.1494,-0.0196,133,0.0215,0.1172,1595,0.0068,0.0464,271431,0.0425,0.1169,150,-0.0683,0.0453,0.4854,0.1199,-0.0403,0
202502,29213,"taney, mo",265250,-0.0241,-0.0353,598,0.0482,0.3799,107,0,0.3313,148,0.5102,0.0423,4,,,134,0.1754,-0.0147,141,0.1564,0.1757,197,-0.0047,-0.0434,1412,-0.0042,-0.0014,374439,-0.0051,-0.08,737,0.0651,0.3306,0.2351,0.022,-0.0408,0
202502,49019,"grand, ut",670000,-0.0147,0.1171,91,0.0055,-0.1034,139,0.0018,-0.0464,26,2.25,1.6,0,,,10,-0.375,0.25,23,-0.0426,0.4516,465,-0.0184,-0.1026,1551,-0.014,0.1207,917014,-0.0104,0.1831,114,0,-0.0298,0.2473,-0.0124,0.0945,1
202502,04015,"mohave, az",419950,0.0087,-0.0221,1318,0.0293,0.2529,77,-0.0552,0.3333,490,0.0208,0.0841,34,0.7,0.4167,508,0.3656,0.8676,467,0.2554,-0.0816,262,0.0161,0.0203,1655,-0.0033,-0.0306,560164,0.0182,-0.0001,1782,0.0784,0.1445,0.3543,0.0638,-0.129,0
202502,35015,"eddy, nm",315750,-0.0032,0.0017,134,-0.029,0.7748,89,0.0381,0.2,52,0.3,0.1304,0,-1,,28,-0.1765,0.75,64,0.1636,-0.0519,166,0.0112,-0.0006,1872,0.0111,0.0358,320062,-0.0012,-0.1142,196,0.0103,0.4,0.4776,0.0791,-0.4164,0
202502,06037,"los angeles, ca",1012500,0.0212,-0.0353,10555,0.1117,0.4079,40,-0.3798,-0.0361,6078,0.0113,0.33,240,-0.0083,-0.084,2464,0.5191,0.5694,4748,0.1695,-0.0044,662,0.0205,-0.0026,1732,0.0096,-0.0223,2426999,0.0503,-0.0863,15284,0.1343,0.2566,0.4498,0.0222,-0.1863,0
202502,29075,"gentry, mo",183675,0.0233,0.0933,10,-0.2083,-0.24,113,0.2053,0.0865,2,,0,0,,,0,-1,-1,4,-0.3,-0.3,112,0.1662,-0.0187,1587,0.0097,-0.0341,276217,-0.0489,0.0843,13,-0.2353,-0.2571,0.3684,-0.0482,-0.0316,0
202502,39037,"darke, oh",217450,-0.0111,-0.1385,83,-0.0678,0.0714,53,-0.1021,-0.1281,30,-0.2105,-0.1667,0,,-1,34,0.0625,0.8889,61,0.6267,0.3261,145,-0.0068,0.0232,1677,0.0268,-0.0305,264663,-0.0008,-0.0281,140,0.1155,0.1618,0.7394,0.3157,0.142,1
202502,40017,"canadian, ok",320000,0,0.0176,834,0.0196,0.1576,44,-0.2727,-0.0833,288,-0.0069,-0.0588,14,-0.5333,-0.3,224,-0.145,-0.1111,386,0.1679,-0.1013,176,0.0064,0.0314,1876,-0.004,-0.0181,364268,-0.0067,0.0474,1220,0.0636,0.0613,0.4631,0.0588,-0.1334,0
202502,22089,"st. charles, la",273250,-0.0064,-0.1017,131,0.0038,0.0921,91,-0.0694,0.0372,42,0.1667,0.6154,0,,,38,0.1875,-0.05,43,0.25,0.2687,154,0.003,0.0149,1825,-0.018,-0.118,316945,-0.0176,-0.0056,173,0.0549,0.1419,0.3257,0.0641,0.0453,1
202502,16011,"bingham, id",434975,0.0419,0.0888,107,-0.0776,0.2588,78,-0.0687,0.1064,36,0.6364,-0.0526,0,,,22,-0.1538,0.2222,43,0.4333,0.5088,187,0.0211,0.0983,2277,-0.0462,-0.0946,504347,0.0079,0.0707,147,-0.0034,0.3258,0.4019,0.1432,0.0666,0
202502,13099,"early, ga",236925,0.0168,-0.3072,13,0.1818,0,171,0.1658,0.3294,2,0,-0.5,0,,,6,0.5,,4,0.3333,1,112,0.0306,0.072,1981,-0.0131,-0.3958,226798,0.0268,-0.4236,18,0.2963,0.1667,0.3077,0.035,0.1538,1
202502,06079,"san luis obispo, ca",1125000,0.0234,0.093,450,-0.0186,0.3086,78,-0.0959,0.2292,226,-0.0424,0.018,12,5,2,134,0.1356,0.5952,253,0.3612,0.0181,599,0.0024,-0.0003,1934,0.0374,0.0941,1643054,0.0126,0.015,700,0.0786,0.1915,0.5617,0.1567,-0.1602,0
202502,13145,"harris, ga",475000,0.0027,0.1052,88,0.0602,0.1892,83,0.0784,0.8333,30,-0.2105,-0.4444,2,0,0,14,-0.125,-0.2222,68,0.0968,0.0462,164,0.0263,0.0615,2860,0,0.1094,516121,0.0071,-0.1665,157,0.0717,0.1214,0.7727,0.0257,-0.1057,0
202502,41037,"lake, or",285750,0.0142,0.0496,41,-0.0575,0.9524,122,0.1544,0.3807,4,-0.6,-0.3333,0,,,4,-0.5,-0.5,9,0.8,0.5,204,0.0058,-0.0006,1517,0,-0.0417,695561,0.0301,0.9135,50,0.0309,0.8519,0.2195,0.1046,-0.0662,0
202502,27015,"brown, mn",219900,-0.0834,-0.1498,20,-0.1304,-0.1111,103,0.0123,0.1513,8,1,-0.4286,0,,,2,-0.5,-0.8333,17,0.2143,-0.3818,96,-0.0604,-0.068,2211,0.1007,-0.0494,229181,-0.044,-0.1574,36,-0.0137,-0.28,0.85,0.2413,-0.3722,1
202502,51640,"galax, va",224450,0.0333,0.0466,24,0.0217,1.0435,88,0.0765,0.3435,14,,0.75,0,,,4,-0.3333,0,7,1.1667,-0.2353,151,-0.0023,0.0467,1583,0.0895,-0.1341,260800,-0.001,-0.0326,29,0.1837,0.381,0.2766,0.1462,-0.4625,1
202502,56001,"albany, wy",435000,-0.0328,-0.0715,66,0.0234,0.9552,72,0.1216,-0.3953,16,-0.2727,-0.4286,0,-1,,8,0,3,27,-0.2174,-0.0182,214,0.008,0.0345,2166,-0.0766,-0.1929,587905,-0.01,-0.1073,93,-0.0513,0.5289,0.4122,-0.1268,-0.4087,0
202502,17005,"bond, il",161250,0.0086,-0.0783,19,-0.1395,-0.2449,84,0.1126,-0.0289,6,0.5,-0.5714,0,,,8,0,1,9,-0.32,-0.2273,111,0.0124,-0.0501,1853,0.2179,0.1579,190383,0.0529,-0.1621,28,-0.1765,-0.2222,0.4595,-0.1219,0.0105,0
202502,40091,"mcintosh, ok",349999,-0.0299,0.2927,102,-0.0049,0.3333,96,-0.1111,0.4656,24,0.7143,0.5,0,,,20,0.6667,0.1111,27,0.6875,0.08,200,0.0324,0.215,1664,-0.0233,-0.0135,401024,-0.0396,0.0105,128,0.0894,0.2611,0.2647,0.1086,-0.0621,0
202502,19095,"iowa, ia",218750,0.0417,0.5086,31,-0.1143,-0.0159,123,0.3297,0.5423,10,1.5,-0.1667,0,,,8,0,0,11,0.5,0.6154,109,0.0007,0,1835,0.0231,0.0375,260260,0.0263,0.1647,37,-0.0641,0.058,0.3387,0.1387,0.1324,1
202502,29009,"barry, mo",326000,0.0734,0.0663,145,-0.157,0.2083,119,0.0237,1.0042,30,-0.2857,-0.4828,2,,0,24,0.0909,0,64,0.5488,0.3804,173,0.0376,0.1092,1756,0.0332,-0.0438,511923,0.0807,-0.019,209,-0.0188,0.2667,0.4379,0.1996,0.0546,1
202502,48313,"madison, tx",398750,-0.1129,0.276,38,0.0411,-0.013,97,-0.0939,-0.0398,10,0.6667,0.25,0,,,2,-0.6667,-0.75,8,0.6,0.1429,202,-0.0634,0.0465,1993,-0.0199,0.0489,508860,-0.0627,0.2065,46,0.122,0.0222,0.2105,0.0735,0.0287,0
202502,51141,"patrick, va",249450,-0.0385,-0.0403,47,0.0814,0.8235,96,0.0582,-0.1604,8,-0.2,-0.2,0,,,12,1,2,19,-0.1395,-0.1778,162,-0.0413,0.0525,1564,-0.0176,-0.1173,377032,-0.0403,-0.3416,66,0.0394,0.375,0.3978,-0.1022,-0.4845,0
202502,42109,"snyder, pa",323650,-0.0226,0.2929,52,0.0505,1.1667,96,0.0462,0.5714,14,0.1667,0.1667,0,,,8,0.3333,-0.2,22,0.0233,-0.0222,184,-0.0069,0.134,1559,-0.0005,-0.1344,330481,0.0009,0.2054,74,0.0423,0.6087,0.4231,-0.0113,-0.5144,0
202502,13245,"richmond, ga",215000,0.0027,-0.0338,459,-0.0276,0.1156,80,-0.0592,0.3532,214,0.2442,0,6,-0.4,-0.25,134,-0.0946,0.0635,252,0.0501,-0.0754,139,0.0065,0.0203,1586,0.0168,-0.0321,242545,0.0268,-0.014,711,0.0064,0.0365,0.5485,0.0406,-0.1133,0
202502,13147,"hart, ga",339900,0.003,-0.0268,123,-0.0315,0.1182,101,0.1261,0.608,32,0.0667,-0.36,4,1,,24,0.2,-0.2941,38,0.2667,0.027,183,0.038,-0.0148,1805,-0.0123,-0.0147,463780,0.0196,-0.0421,161,0.0387,0.1181,0.3089,0.0727,-0.0274,0
202502,25019,"nantucket, ma",4498750,0.0354,0.0807,97,-0.0202,0.0778,132,-0.0621,0.0975,16,0.1429,-0.1111,0,,-1,2,0,-0.5,7,0.0769,6,1707,0.0127,0.0307,2957,0.0423,-0.0577,6194244,0.0446,-0.0884,104,-0.019,0.1374,0.0722,0.0065,0.0611,0
202502,26051,"gladwin, mi",220739,-0.0318,-0.0751,85,-0.1099,0.36,106,0.0761,0.3947,14,-0.3636,-0.5,0,,-1,14,0,0.1667,33,0.1579,0.1579,159,0.0356,-0.0112,1328,-0.055,-0.047,263380,0.0122,-0.0369,118,-0.0486,0.2983,0.3882,0.0898,-0.0678,0
202502,29027,"callaway, mo",297400,0.0347,-0.0207,69,-0.1543,0.0703,76,0.0201,0.6,32,0.4545,-0.0588,0,,,14,0.1667,-0.125,50,0.4493,1.5641,172,0.0187,0.037,1789,0.0086,-0.0489,322308,0.0315,-0.0248,117,0.031,0.3787,0.7299,0.304,0.4252,0
202502,19069,"franklin, ia",173700,0.1013,0.2516,37,-0.0513,1.3871,94,0.0162,1.2118,8,1,0.3333,0,,,4,-0.3333,1,11,0.0476,0.1,123,0.2031,0.3541,1582,0.1381,0.147,219228,0.1176,0.4415,48,-0.04,0.92,0.2973,0.0281,-0.3479,1
202502,53067,"thurston, wa",599970,0.0084,0.0526,349,-0.0767,0.0387,42,-0.3759,0.0506,224,-0.0894,-0.1579,16,1,-0.3333,122,0.0167,0.2708,337,0.4402,-0.0316,298,0.0199,0.0231,2103,-0.004,0.0621,701626,0.0005,-0.061,686,0.1174,0.0007,0.9656,0.3466,-0.0701,0
202502,41003,"benton, or",681500,0.0287,0.1512,114,-0.0044,0.2611,96,-0.0026,0.1667,56,0.0769,0,4,,-0.5,34,0.4167,0.1333,62,0.1171,-0.1206,318,0.0121,0.0676,2233,0.0408,0.0802,912019,0.0558,0.3186,175,0.0325,0.1044,0.5463,0.0594,-0.2371,0
202502,47149,"rutherford, tn",487400,0.0237,0.0356,1066,0.023,0.3935,51,-0.0734,0.3557,488,-0.0687,0.0472,40,-0.3103,-0.2308,334,0.2556,0.4649,685,0.206,2.2235,226,-0.0028,0.0138,2205,0.0194,-0.0243,582719,0.022,-0.0186,1742,0.078,0.7959,0.6426,0.0975,0.3648,0
202502,37107,"lenoir, nc",236175,-0.0149,0.0216,87,-0.1307,0.0058,65,-0.0647,-0.3211,36,0.0588,-0.0526,0,,,24,0.3333,0,68,0.2273,0.2857,131,0.0043,0.0235,1707,-0.0271,-0.0452,245444,-0.0267,-0.016,154,-0.0097,0.0887,0.7803,0.2276,0.1699,0
202502,55101,"racine, wi",339945,0.0151,-0.0174,334,0.0689,0.0341,38,-0.2692,-0.1314,160,0.194,0.3333,4,-0.3333,,96,0.5,0.6,63,0.156,0.26,203,0.0137,0.0559,1548,0.0021,-0.0515,393601,0.004,0.0444,396,0.0761,0.0659,0.1889,0.0142,0.0339,0
202502,08123,"weld, co",519125,-0.011,-0.0112,1015,0.048,0.3063,53,-0.1853,0.2711,480,0.048,-0.1273,22,-0.56,-0.6563,384,0.2632,0.6696,575,0.2795,-0.0361,223,0.0213,0.0137,2429,-0.0421,-0.0628,652556,-0.0214,-0.0548,1588,0.1227,0.1566,0.566,0.1024,-0.201,0
202502,56033,"sheridan, wy",499750,-0.0503,-0.1515,122,0.0385,0.2926,133,0.0816,0.3911,34,0.2143,-0.0556,0,,,6,-0.5,-0.5714,33,0.32,-0.3774,293,0.0009,0.0254,2068,-0.06,-0.0034,883596,-0.0457,0.0834,153,0.0664,0.0932,0.2716,0.0579,-0.2922,1
202502,13311,"white, ga",399225,-0.0006,0.0221,213,0.1211,0.9452,83,-0.0148,0.1067,60,0.2,0.5,0,,,52,0.625,0.8571,31,0,-0.1948,247,-0.0006,0.0833,1658,-0.023,0.0779,466564,-0.0301,0.0152,242,0.1025,0.6296,0.1455,-0.0176,-0.2061,0
202502,36101,"steuben, ny",184675,0.0265,0.0349,170,0.0495,0.378,68,0.0462,-0.2338,62,0,0.4762,0,,,32,0.0667,-0.0588,142,0.3041,1.2283,106,0.0331,0.1261,1682,-0.0069,-0.0386,238832,0.0217,-0.0351,307,0.1434,0.6505,0.8348,0.163,0.3185,0
202502,20119,"meade, ks",146250,-0.1397,0.0454,10,-0.1739,0.3571,125,0.1737,5.4103,0,-1,,0,,,0,-1,,2,0.3333,1,95,0,0.0677,1746,-0.0481,0.1816,147450,-0.1842,-0.1384,11,-0.1538,0.375,0.2105,0.0801,0.0677,1
202502,42091,"montgomery, pa",532498,0.0143,-0.0047,693,-0.0623,0.0949,44,-0.2281,-0.102,566,0.1504,-0.1184,40,0.1111,-0.2857,212,0.1042,0.2619,828,0.0548,0.0036,251,0.0159,0.0156,2146,0.0066,-0.025,757270,-0.0132,-0.0501,1520,0.0137,0.0465,1.1957,0.1327,-0.1087,0
202502,22041,"franklin, la",170375,0.0653,0.0682,33,-0.0299,0,120,0.1861,0.0552,8,1,0.3333,0,,,10,0,0.6667,8,-0.1579,1.6667,84,-0.0332,-0.0272,1868,-0.0235,0.041,213538,-0.0005,0.084,40,-0.0909,0.1111,0.2462,-0.0374,0.1538,0
202502,17151,"pope, il",224400,-0.1497,-0.2235,13,0.1364,0.1905,98,0.0652,0.5935,2,,,0,,,0,,,3,1.5,0.25,116,-0.1183,-0.0788,1515,-0.2425,-0.3229,327037,-0.0939,-0.1176,15,0.25,0.2,0.2,0.1091,0.0095,1
202502,54067,"nicholas, wv",226224,-0.0373,-0.1058,40,-0.1111,0.1765,99,0,-0.088,10,0.25,0.6667,0,,,4,0,-0.3333,6,0,-0.1429,130,-0.0085,0.155,1780,-0.0342,-0.2,307523,-0.0548,-0.6644,46,-0.0891,0.1084,0.15,0.0167,-0.0559,1
202502,36003,"allegany, ny",142450,-0.1858,-0.1361,86,0.0755,0.0556,99,0.0591,0.113,22,0.375,0,0,,,18,0.5,0,55,-0.0179,0.3924,79,-0.1671,-0.2058,1763,0.0229,-0.0551,255461,-0.0118,-0.0862,141,0.0407,0.1757,0.6433,-0.0611,0.1556,1
202502,20205,"wilson, ks",172450,0.0698,0.2784,29,-0.0645,0.0943,75,-0.2635,-0.0478,8,3,0,0,,,6,2,0.5,11,0.2353,-0.125,111,0.4289,0.508,1402,0.0086,-0.2895,174851,0.0762,0.0025,40,0.0127,0.039,0.3621,0.0879,-0.0908,0
202502,45031,"darlington, sc",233700,0.0387,0.0387,156,0,0.0912,72,-0.1966,0.3951,38,0,-0.2083,2,-0.5,-0.5,40,0.3333,0.1111,15,-0.0333,-0.1944,138,0.001,0.0839,1718,0.0527,0.0471,283178,0.0209,0.2546,170,-0.0029,0.0897,0.0932,-0.0032,-0.0331,0
202502,39073,"hocking, oh",469700,0.1563,0.1052,57,-0.0579,-0.1163,68,-0.2122,0.3827,26,0.0833,-0.0714,0,,,12,-0.3333,-0.4545,26,0.2381,0.2093,289,0.1575,0.0563,1843,0.0568,0.0721,685212,0.1103,0.1798,84,0.006,-0.0291,0.4561,0.109,0.1228,0
202502,27077,"lake of the woods, mn",289900,-0.0162,0.3177,29,0,0.234,139,0.2811,-0.2245,0,-1,,0,,,4,1,,6,0,-0.25,187,-0.0449,0.0142,1578,0.009,0.1377,414528,0.0168,0.5119,35,-0.0282,0.0952,0.2069,0,-0.1335,0
202502,18041,"fayette, in",148400,-0.0976,-0.1001,64,-0.0929,0.3229,93,0.0725,0.5948,16,-0.1111,-0.2,0,-1,,16,0.3333,0.3333,22,-0.0652,-0.14,121,-0.0147,0.185,1391,-0.031,-0.1438,190245,-0.0714,0.0286,85,-0.0865,0.1901,0.3386,0.01,-0.1823,1
202502,19145,"page, ia",186225,0.1641,0.1551,48,-0.0588,0.0787,72,0.0593,-0.3559,10,0.25,-0.4444,0,,,2,-0.75,-0.6667,15,0.0345,0.1538,113,0.0985,0.0077,1489,-0.0152,0.0641,222716,0.1065,0.2691,63,-0.0382,0.115,0.3125,0.0282,0.0204,0
202502,48491,"williamson, tx",456975,0.0155,-0.0802,1984,0.0374,0.1899,66,-0.1538,0.3469,904,0.2053,-0.0109,50,-0.5536,-0.1935,860,0.114,0.3694,1039,0.0479,1.5995,217,0.0002,-0.0526,2156,0.0015,-0.0284,544034,0.0055,-0.0599,3012,0.0363,0.4601,0.5236,0.0053,0.2839,0
202502,48359,"oldham, tx",215000,0,0.1436,5,0,-0.0909,168,0.2007,0.5728,0,,,0,,,2,0,,1,0,-0.5,168,-0.0197,0.4178,1778,0.1161,-0.053,283500,-0.0006,-0.0695,6,-0.0769,-0.1429,0.2,0,-0.1636,0
202502,48281,"lampasas, tx",371125,-0.0398,0.0325,130,0.0359,-0.0941,99,0.0206,0.0286,22,-0.2667,-0.4211,0,,,34,0.3077,-0.0556,28,-0.2222,0.6,198,-0.001,0.0022,2000,-0.009,0.0229,453928,-0.0336,0.0977,156,-0.0095,-0.0095,0.2154,-0.0715,0.0934,0
202502,45011,"barnwell, sc",249750,-0.0301,0.2744,26,0.1818,0.3333,95,-0.3704,1.0824,10,0.25,-0.1667,0,,,4,-0.5,-0.3333,9,-0.1818,-0.25,128,0,0.3803,1709,-0.032,-0.0574,308007,-0.0588,0.3057,34,0.0149,0.0794,0.3462,-0.1538,-0.2692,1
202502,25011,"franklin, ma",447950,-0.0256,0.1639,58,-0.1533,0.2083,74,-0.1984,0.586,24,-0.1429,-0.3333,0,,,10,-0.375,0,8,-0.4,-0.4231,243,-0.0285,0.0939,1680,-0.0094,-0.0105,781512,0.0792,-0.084,65,-0.2182,0.075,0.1293,-0.0532,-0.1415,0
202502,18003,"allen, in",308375,0.0545,-0.03,631,-0.068,0.3766,56,-0.0549,0.1915,358,0.1474,0.0719,6,-0.25,-0.5,228,-0.1364,0.2391,463,0.1662,-0.0011,160,0.0211,-0.001,1818,0.0001,-0.054,350733,0.0131,-0.0695,1095,0.02,0.1851,0.7343,0.1475,-0.2777,0
202502,19075,"grundy, ia",208400,-0.0734,0.4586,35,-0.1977,1.3,78,-0.0462,0.3136,8,-0.3333,-0.2,0,,,14,0.4,1.3333,18,0.2963,0.2069,120,-0.0407,0.2656,1756,0,0.1282,251539,-0.0739,0.3592,52,-0.0714,0.7049,0.5072,0.1933,-0.4594,0
202502,48461,"upton, tx",173500,0.0087,-0.2114,7,-0.1765,0.5556,172,0.2694,5.0885,2,,0,0,,,0,,-1,1,,-0.6667,112,0.0055,-0.2297,1468,0,0.0345,152411,0.0239,-0.5096,8,-0.1176,0.5,0.0714,,-0.2619,1
202502,55009,"brown, wi",522900,0.0417,0.0567,292,-0.0961,0.1409,72,0.0286,0.0213,166,0.0779,-0.1531,0,,-1,84,0.6154,0.68,234,0.2381,0.0884,257,0.0443,0.1324,2048,0.0154,0.0131,613548,0.0322,-0.0207,529,0.0272,0.1209,0.8027,0.2167,-0.0387,0
202502,37047,"columbus, nc",274450,0.1191,0.048,90,-0.1973,-0.1435,110,0.0604,1.9073,14,-0.5625,-0.7083,0,,-1,30,0,0.6667,31,-0.0882,-0.1014,153,-0.0109,-0.0878,1666,0.0294,0.088,307641,0.0346,0.0529,120,-0.1809,-0.1367,0.3464,0.0414,0.0162,1
202502,24009,"calvert, md",497325,0.0255,-0.0175,130,-0.0813,0.244,63,0.0769,0.2115,112,0.6471,0.3659,6,0.5,-0.5,36,-0.0526,0.2857,110,0.1117,-0.095,231,-0.0043,0.046,2103,0.0145,-0.0395,598929,0.015,0.1187,238,-0.0083,0.0554,0.8423,0.1462,-0.3156,0
202502,17155,"putnam, il",207000,-0.0796,-0.1,20,-0.0714,0.3448,118,0.1809,2.4058,4,1,-0.6,0,,,0,-1,-1,4,1.6667,0.3333,146,0.0184,0.2132,1648,-0.0005,0.0583,245074,-0.0115,0.0138,24,0.0682,0.3429,0.2051,0.1337,-0.0018,1
202502,56005,"campbell, wy",337500,-0.0059,-0.1816,96,-0.0495,0.1636,61,-0.2268,-0.0397,48,0.6,0.0435,0,-1,,28,-0.0667,0.1667,47,0.4242,0.0562,157,0.0085,-0.0414,2183,-0.0324,-0.0936,404590,-0.0202,-0.164,142,0.0637,0.1094,0.4896,0.1629,-0.0498,1
202502,08053,"hinsdale, co",679000,-0.0116,-0.1502,23,-0.0213,1.1905,140,0.0508,1.1628,2,0,,0,,,0,,,1,,,380,-0.0148,-0.0287,1824,0,-0.1711,1170804,0.0108,0.4199,24,0.0213,1.2857,0.0435,,,1
202502,48071,"chambers, tx",377175,-0.0171,-0.0153,227,0.0089,-0.0904,62,0.0165,0.3743,64,-0.1351,-0.2889,8,-0.4286,3,80,0.2903,-0.0244,101,0.0745,0.1813,165,0.0081,-0.0228,2329,-0.0098,0.0247,438922,0.0054,0.0002,328,0.0266,-0.0267,0.4459,0.0272,0.1025,0
202502,13039,"camden, ga",400838,0.0023,0.0715,340,0.1296,0.6,70,-0.2011,0.2694,164,0.907,0.7447,2,0,-0.8889,70,0.1667,0.4,117,0.1527,-0.1986,195,0.004,0.0509,2029,-0.019,0.0037,448643,-0.0159,-0.0153,412,0.1274,0.1543,0.3441,0.0069,-0.3429,1
202502,06061,"placer, ca",699000,0,-0.0833,858,0.0645,0.3695,45,-0.3118,-0.0573,570,0.122,0.2723,32,0.0667,0.1429,242,0.1,0.4405,471,0.2855,-0.0581,352,-0.0132,-0.0393,2071,0.0111,-0.0745,1180729,-0.083,-0.1322,1327,0.1435,0.179,0.5484,0.0943,-0.2489,0
202502,21021,"boyle, ky",290000,-0.0161,0.0123,90,0.0056,0.5169,77,-0.1026,-0.0497,40,1.5,1,0,,,34,0.5455,3.25,33,0.383,-0.1216,169,0.0224,0.074,1692,-0.0057,0.0012,343848,-0.0155,0.0035,120,0.067,0.2513,0.3631,0.0991,-0.264,1
202502,51045,"craig, va",329900,0.4169,0.1309,10,0.25,1,74,0.2049,-0.1765,6,0,-0.25,0,,,0,-1,-1,5,0.125,-0.5714,184,0.0655,0.0251,1485,-0.0499,0.0399,294540,-0.2407,0.0304,15,0.16,-0.0645,0.45,-0.05,-1.65,1
202502,37093,"hoke, nc",354225,0.0333,0.0848,320,-0.0199,0.7224,77,-0.0552,0.4128,96,0.2973,0.3714,24,1,11,58,-0.1944,1.4167,165,0.1957,0.0092,162,-0.0113,-0.0095,2150,0.0219,0.0829,347066,0.0172,0.0283,475,0.0259,0.3748,0.5164,0.0931,-0.365,0
202502,30057,"madison, mt",926125,-0.0692,-0.3089,117,-0.0043,-0.0602,103,-0.1007,-0.1697,12,-0.4545,-0.3333,0,,,8,0,0,23,0.1795,-0.098,746,-0.0183,-0.0657,1910,-0.047,-0.1147,2278027,-0.0614,-0.1175,140,0.0109,-0.0731,0.1966,0.0306,-0.0082,1
202502,39125,"paulding, oh",132938,-0.1063,-0.2401,34,-0.1807,1.0606,61,-0.1312,-0.1404,18,0.5,0.8,0,,,14,0.4,6,28,0.5714,0.1,111,-0.0221,0.0419,1398,-0.0302,-0.1723,179258,-0.0692,-0.0661,62,0.0424,0.5185,0.8088,0.3871,-0.7063,1
202502,19089,"howard, ia",166175,-0.0147,-0.0751,8,-0.1176,0.1538,150,0.2105,4.0678,2,0,0,0,,,0,-1,,6,0.2,-0.4286,105,0.026,-0.1116,1557,-0.0978,-0.0227,221094,0.0164,0.0353,13,-0.0714,-0.2778,0.8,0.2118,-0.8154,1
202502,19117,"lucas, ia",155000,0.0339,-0.0988,44,-0.044,0.45,115,-0.0518,1.1009,8,0.3333,-0.5556,0,,,2,0,-0.5,15,0.16,0.2083,108,0.0561,-0.1877,1459,-0.0769,0.07,245073,0.0283,-0.1933,59,0.0263,0.3765,0.3333,0.0586,-0.0667,1
202502,51810,"virginia beach, va",415000,-0.0348,-0.0119,686,0.0587,0.3669,33,-0.2667,0.0909,448,0.2308,0,6,-0.5714,-0.4,144,-0.1429,0.44,1,0,0,247,0.0016,0.0439,1703,-0.012,-0.0575,647527,-0.0253,0.0315,686,0.0571,0.3628,0.0015,-0.0001,-0.0005,0
202502,22093,"st. james, la",190000,-0.0355,-0.2549,34,0.1754,0.4565,110,0.028,0.0862,10,0.6667,0.25,0,,,8,1,1,7,0.3,-0.1333,121,0,-0.016,1577,0.0029,-0.1639,230309,-0.0079,-0.192,40,0.194,0.3559,0.194,0.0186,-0.1321,1
202502,31037,"colfax, ne",264000,0,-0.0529,20,0.1111,1.3529,107,0.2485,0.024,4,0,1,0,,,0,-1,-1,3,0,0.5,188,0,-0.0635,1416,-0.0026,-0.0019,308352,0.0754,0.0516,24,0.119,1.6111,0.15,-0.0167,-0.0853,1
202502,18067,"howard, in",195000,0.0003,0.0487,155,-0.1271,0.8841,57,0.0135,0.0226,92,0.0698,0.5333,4,1,0,58,0.0357,0.6111,127,0.3457,0.0285,132,0.0147,0.0866,1648,0.008,0.0024,232360,0.014,0.0942,278,0.0183,0.3636,0.8188,0.2877,-0.6812,0
202502,29011,"barton, mo",215700,-0.0738,-0.1353,28,-0.1912,0.25,99,0.0765,0.3873,6,-0.25,-0.25,0,,,4,-0.5,,12,0.2,-0.0769,130,-0.0732,0.1288,1716,0,-0.129,547100,0.0508,1.0875,40,-0.0909,0.1268,0.4364,0.1422,-0.1545,1
202502,21223,"trimble, ky",272475,-0.0225,-0.1472,9,-0.1053,0.0625,40,0.1791,-0.3705,0,-1,-1,0,,,4,0,,5,0.6667,-0.2308,156,-0.0318,0.1257,1800,-0.0316,-0.1387,385341,0.0274,0.544,14,0.0769,0,0.5882,0.2724,-0.2243,1
202502,08111,"san juan, co",700000,0,0.1765,13,0,-0.1875,84,-0.497,-0.3828,0,-1,-1,0,,,2,-0.5,0,2,0,-0.4,460,0.0418,0.0733,1608,-0.0429,-0.0429,1994500,0.0372,1.6631,15,0.0714,-0.1892,0.1154,0,-0.0409,1
202502,26057,"gratiot, mi",167500,-0.0337,-0.0118,75,0.042,0.6374,64,0.0242,-0.3227,22,0.5714,0,0,,,18,0.125,1.25,24,-0.1579,-0.1724,118,0.0199,0.012,1573,0.0045,-0.1025,202765,0.0399,-0.0612,97,-0.0203,0.3129,0.3221,-0.0765,-0.3152,0
202502,31093,"howard, ne",275000,-0.2141,0.0693,12,-0.0769,0.5,98,0.3706,4.6812,2,-0.5,-0.75,0,,,0,-1,-1,2,0.5,-0.5714,161,0.0156,0.7248,2479,0.0527,-0.1052,492487,-0.0474,0.6582,14,0,0.2174,0.125,0.0481,-0.3125,1
202502,29207,"stoddard, mo",191450,0.0809,0.2352,80,0.0458,0.0526,100,-0.0124,0.2284,20,0.4286,-0.0909,0,-1,,14,0.4,0,23,0.0698,0.2778,100,0.016,-0.0642,2037,-0.0034,0.3803,213856,-0.0065,0.142,90,0,0.0655,0.2875,0.0065,0.0507,0
202502,37185,"warren, nc",393500,-0.0517,-0.0094,60,0.1009,0.4286,79,-0.0427,0.6614,18,0.2857,1.25,0,,,10,0.25,0,14,0.1739,-0.069,238,-0.0582,0.0058,1651,-0.1062,-0.1652,782117,-0.045,0.3166,74,0.1136,0.3009,0.225,0.014,-0.1202,1
202502,12047,"hamilton, fl",259000,0.0465,-0.0354,47,0.033,0.7091,111,0.0091,-0.083,6,0,0,0,,,10,0.25,0.25,8,0.6,-0.4839,171,-0.0334,-0.0598,1512,-0.0188,-0.0623,335599,0.0071,0.0102,55,0.0891,0.2791,0.1702,0.0603,-0.3934,0
202502,21117,"kenton, ky",299250,-0.0119,-0.0618,240,-0.0533,0.3296,48,-0.1518,0.3571,176,0.1,0.0864,0,,-1,100,-0.0385,0.4286,208,0.1925,-0.0757,192,-0.0051,0.0241,1539,-0.0109,-0.126,396588,-0.0029,-0.1467,450,0.0515,0.0963,0.8646,0.1782,-0.3792,0
202502,26139,"ottawa, mi",474900,0.0349,-0.0156,348,-0.0361,0.0451,53,-0.1985,-0.1176,200,0.0638,-0.0099,2,0,-0.6667,84,0,0.5556,248,0.1327,-0.0407,220,0.0257,-0.0351,2096,-0.0147,-0.013,643101,0.0258,-0.0143,595,0.0267,0.0076,0.7122,0.1061,-0.0637,0
202502,41015,"curry, or",599475,-0.0306,-0.0664,127,0.0201,0.1289,118,0.0021,-0.0689,38,1.375,0.4615,0,-1,,24,0,-0.25,19,0.1875,-0.3091,353,-0.0015,0.0561,1740,-0.0374,-0.0325,890852,-0.0069,-0.0877,149,0.0458,0.0607,0.1496,0.0211,-0.0948,0
202502,47141,"putnam, tn",390950,0.0358,-0.0186,291,0.0583,0.424,63,-0.0233,-0.2198,100,-0.0196,0.087,2,,,78,-0.1702,-0.0714,103,-0.0237,0.1508,214,0.006,0.0425,1843,0.0097,-0.0216,453506,0.0124,-0.0641,390,0.0401,0.3316,0.3546,-0.0298,-0.0842,0
202502,06017,"el dorado, ca",748500,0.0547,-0.0295,551,0.0204,0.3493,52,-0.3355,-0.1417,296,0.3097,0.2759,6,0,0.5,142,0.1639,0.127,222,0.2514,0.0137,357,-0.0123,-0.0585,2164,0.0379,0.0294,1030466,-0.0391,-0.234,772,0.076,0.2364,0.4024,0.0743,-0.1332,0
202502,05103,"ouachita, ar",161350,0.0091,0.01,58,-0.0252,0.0741,90,-0.191,-0.2258,12,-0.4,0.2,0,,,10,1.5,0.25,24,0.1463,-0.0408,92,0.0291,0.0521,1658,-0.0637,-0.0993,189828,-0.0509,0.0019,82,0.0316,0.0584,0.4052,0.0606,-0.0485,0
202502,49005,"cache, ut",511250,0.0025,0.0226,328,0.0061,0.492,75,-0.1379,-0.1018,118,0.2826,0.3111,4,0,-0.3333,76,-0.1739,0.027,107,0.2588,0.1568,213,0.0195,0.0085,2616,-0.0188,0.0106,706484,-0.0039,0.0331,434,0.0458,0.4029,0.3267,0.0656,-0.0947,0
202502,31055,"douglas, ne",375400,0.0161,-0.0502,1086,-0.0114,0.286,39,-0.1809,-0.1348,558,-0.0971,-0.0279,46,0.0952,0.15,332,0.6436,0.6117,862,0.1712,0.0809,183,0.0015,0.0095,2083,0.0156,-0.0548,459113,0.0176,-0.0529,1937,0.0496,0.1829,0.7937,0.1237,-0.1506,0
202502,05101,"newton, ar",363650,0.0541,0.1684,53,0.05,-0.0187,124,0.029,0.0464,10,0.25,0.6667,0,,,2,-0.8333,-0.5,11,0.1667,1.3333,221,0.0365,-0.1496,1600,-0.0099,0.2012,506102,0.0048,0.2327,63,0.0413,0.1053,0.2,0.02,0.1159,0
202502,48437,"swisher, tx",110000,0.1892,-0.033,27,-0.1017,0.325,56,-0.3644,-0.5182,10,4,1.5,0,,,6,2,0.5,8,0.0714,1.1429,82,0.1022,0.1652,1432,0.0049,-0.1016,135618,0.0854,-0.0204,34,-0.0556,0.4167,0.283,0.0457,0.108,1
202502,27019,"carver, mn",549950,0.0291,0.1019,247,0.0313,0.0601,51,-0.2708,-0.0901,148,-0.0513,-0.039,8,-0.75,-0.3333,44,0.0476,0.4667,188,0.0712,0.0474,234,0.0171,-0.0092,2338,0.0086,0.0262,750310,0.0869,0.1512,434,0.0446,0.0471,0.7611,0.0284,-0.0093,0
202502,05005,"baxter, ar",275000,0,0.0427,221,-0.0264,0.151,79,0.0227,-0.1076,68,0.0625,-0.0286,0,,,42,-0.2222,0.1053,84,0.2846,0.0309,164,-0.015,0.0786,1739,-0.0029,0.0083,407294,-0.0145,0.067,305,0.041,0.1299,0.3778,0.0915,-0.044,0
202502,28147,"walthall, ms",203500,-0.1252,0.1904,25,0,0.087,122,0.0406,0.1221,2,-0.75,-0.5,0,,,4,-0.3333,1,9,-0.1,0.8,94,-0.0585,0.0288,2066,-0.0477,0.1004,350381,-0.0434,0.6525,34,-0.0286,0.193,0.36,-0.04,0.1426,0
202502,02070,"dillingham census area, ak",681750,-0.0904,0.5583,4,0.4,-0.125,91,-0.5596,-0.3536,0,-1,,0,,,0,,,1,0,,218,0.2111,-0.3238,1565,-0.4801,0.2776,578875,-0.1775,0.2035,5,0.5,0.125,0.2857,-0.1143,,1
202502,02068,"denali borough, ak",972500,0,2.2422,2,0,-0.5,181,0.1552,1.5069,0,,,0,,,0,,,,,,196,0,-0.2092,5550,0,2.7124,972500,0,1.9474,2,0,-0.5,,,,1
202502,21033,"caldwell, ky",199450,0.031,0.1397,24,0.0682,1.35,83,0.0573,-0.2188,4,-0.5,,0,,,6,-0.25,,7,0.1818,0,127,0.0456,0.0889,1566,0.0367,-0.0595,244986,0.0794,0.1399,30,0.0714,0.8182,0.2766,0.0266,-0.3734,0
202502,55049,"iowa, wi",416150,0.0741,-0.1183,39,-0.1979,0.6383,98,0.1988,0.0652,10,-0.375,-0.2857,0,,,4,-0.6,,29,0.2667,1.375,204,0.0125,0.25,2121,0.0363,-0.0385,497347,0.042,-0.045,67,-0.05,0.8732,0.7403,0.2715,0.2296,1
202502,54079,"putnam, wv",285000,-0.0155,0.027,63,-0.1379,0.25,73,0.1911,0.7035,28,0.75,-0.2632,0,,,20,0,2.3333,43,0.2836,-0.2586,142,-0.0005,0.0099,2016,-0.0088,-0.0214,363491,0.0166,-0.0681,105,-0.0094,-0.0367,0.688,0.2259,-0.472,0
202502,39093,"lorain, oh",320000,0.0875,0.4522,366,-0.0699,0.1546,59,0,0.0261,234,0.0086,-0.1069,4,,-0.5,160,0.1429,0.3793,320,0.2034,-0.0139,172,0.0875,0.3468,1933,0.0377,0.1582,395517,0.0509,0.2449,682,0.031,0.0656,0.873,0.1982,-0.1491,0
202502,16079,"shoshone, id",327450,-0.0199,0.0827,86,-0.0851,0.8105,68,-0.2139,-0.2023,22,0.1,0.5714,0,,-1,18,0,0.8,22,-0.0222,-0.1373,248,-0.0759,0.1971,1508,0.1138,-0.1397,408778,-0.005,0.1222,107,-0.0779,0.449,0.2558,0.0165,-0.281,0
202502,39083,"knox, oh",352000,0.0118,-0.0026,101,-0.0605,0.542,70,0.0734,0.0988,48,0.0909,-0.04,0,,,36,-0.1818,0.2,60,0.202,0.4691,189,0.0573,-0.0131,1719,-0.0455,-0.1998,465797,0.0348,-0.0128,158,0.0128,0.4976,0.5891,0.1286,-0.0292,0
202502,54043,"lincoln, wv",107500,-0.2939,-0.2735,24,0.2973,0.6,71,-0.3733,0.558,6,2,2,0,,,6,0.5,,5,-0.3333,-0.3333,75,-0.0546,0.1131,1493,-0.1643,-0.1654,150992,-0.1984,-0.1619,29,0.1373,0.3182,0.2083,-0.1971,-0.2917,1
202502,29145,"newton, mo",284975,0.0274,0.0806,152,-0.0617,0.2016,78,0.1071,0.2351,38,-0.3667,-0.4412,0,-1,-1,42,0,0,72,0.1077,-0.191,142,0.017,0.0722,1964,0.0225,-0.052,385230,0.0387,0.0165,224,-0.0022,0.0394,0.4737,0.0724,-0.2299,0
202502,29211,"sullivan, mo",104975,-0.4594,-0.5589,17,0.375,0.1,30,-0.7037,-0.7391,2,-0.5,0,0,,,2,,-0.5,5,0.5,3.5,77,-0.2806,-0.2615,1352,-0.095,-0.4111,166624,-0.2102,-0.357,21,0.4,0.3548,0.2727,0.0227,0.2061,1
202502,13155,"irwin, ga",225375,-0.1447,-0.0539,20,0.1429,0.8182,105,-0.0457,0.327,4,1,0,0,,,2,0,-0.5,2,0,1,122,-0.0517,0.0521,1837,0.0466,0.0339,286433,0.0089,0.0231,22,0.1579,0.8333,0.1,-0.0143,0.0091,0
202502,02170,"matanuska-susitna borough, ak",470250,0.0392,0.0709,342,0.0074,0.2597,73,-0.2151,-0.0671,138,0.0781,0.0781,8,0.3333,1,94,0.175,1.2381,210,0.0689,0.032,258,-0.0042,0.0048,1798,0.0399,0.0063,499097,0.0196,0.0567,548,0.0224,0.1587,0.6126,0.0353,-0.1351,0
202502,30095,"stillwater, mt",484500,-0.1011,-0.2007,36,-0.1341,0.2909,97,0.1722,-0.0849,4,0,0,0,,,2,-0.75,-0.5,10,-0.0952,0.5833,274,0.003,-0.2001,1787,-0.0031,-0.1954,551642,-0.0552,-0.355,46,-0.1165,0.3582,0.2676,0.0115,0.0494,1
202502,40033,"cotton, ok",220000,0.1172,0.7426,11,0.0476,1,57,-0.1972,-0.5921,6,2,,0,,,2,,,4,-0.2727,0,119,0.1268,0.6289,1875,-0.0132,0.0288,249671,0.1494,0.5734,16,-0.0313,0.6316,0.3636,-0.1602,-0.3636,1
202502,13063,"clayton, ga",256975,0.002,-0.0482,887,0.0824,0.2682,56,-0.1579,0.5556,358,0.2177,-0.1095,12,-0.25,-0.625,386,0.3129,0.4088,283,0.0971,-0.1478,153,0.0087,-0.0237,1637,-0.0015,-0.0272,276037,-0.0006,-0.0704,1164,0.093,0.1384,0.3187,0.0043,-0.1556,0
202502,54077,"preston, wv",250225,-0.0901,-0.1727,38,-0.1163,0.0411,116,-0.0085,0.0522,10,-0.2857,0,0,,,6,0.5,-0.25,16,-0.1579,-0.4386,140,-0.0246,0.0344,1628,-0.0588,-0.1677,241498,-0.074,-0.2451,54,-0.122,-0.1628,0.4211,-0.0208,-0.3598,1
202502,26159,"van buren, mi",354500,0.0489,-0.0332,149,-0.1024,0.2521,84,0.0671,0.2896,70,0.4583,0.1667,2,,,54,0.5,0.35,111,0.3155,0.1946,210,0.0091,0.0438,1759,0.0026,-0.0898,489361,0.0214,-0.1555,259,0.036,0.216,0.7416,0.2356,-0.0357,0
202502,18005,"bartholomew, in",304900,0.0478,-0.001,123,-0.1123,0.3687,79,0.0903,0.5169,74,0.6087,-0.1591,0,,,32,-0.0588,-0.0588,80,0.3008,-0.2118,163,0.0234,0.1201,1926,-0.0648,-0.0705,561087,0.0532,0.5859,202,0.0075,0.0576,0.6531,0.2074,-0.481,0
202502,20029,"cloud, ks",105500,0.0848,-0.182,41,0.0649,0.1884,97,0.0347,-0.1656,4,-0.3333,-0.6,0,,,2,0,,7,0,-0.3636,74,-0.0437,-0.3389,1579,0.0383,0.0971,134312,-0.0694,-0.296,48,0.0667,0.0549,0.1707,-0.0111,-0.1481,1
202502,35005,"chaves, nm",265750,-0.0056,0.1811,176,-0.0384,0.1939,84,0.1122,-0.0175,48,-0.2,-0.0769,0,,-1,28,-0.1765,-0.2222,74,0.1855,2.5,136,-0.0095,0.0972,1994,-0.0182,0.133,299007,-0.0108,0.0509,248,0.0185,0.485,0.4188,0.0791,0.2759,0
202502,31001,"adams, ne",248375,-0.0111,-0.0842,66,-0.0222,1.0952,66,-0.0368,-0.2861,16,-0.4286,0,0,,,28,0.5556,2.5,33,0.3542,0.0156,117,-0.0015,0.1347,2517,-0.0291,-0.0499,312899,0.0106,-0.1719,98,0.0894,0.5354,0.4924,0.1369,-0.5234,0
202502,29083,"henry, mo",259225,-0.0308,0.0745,94,0.0162,0.541,87,-0.1631,0.0418,30,0.5,0.5,0,,,14,0,0,30,-0.0164,0.0714,121,-0.1003,-0.0037,1806,-0.0077,0.0222,325253,-0.0725,0.1439,124,0.0422,0.4034,0.3191,-0.0106,-0.1399,0
202502,56017,"hot springs, wy",288100,-0.0275,0.1588,22,0,-0.1698,102,-0.1976,-0.1435,10,0.25,,0,,,2,,,1,0,-0.5,129,-0.065,-0.1405,2094,-0.0215,0.0864,376298,-0.038,0.0348,23,0,-0.193,0.0455,0,-0.03,0
202502,34039,"union, nj",600000,0.0076,0.0915,357,0.0785,-0.0219,29,-0.383,-0.0169,330,0.2595,0.1149,4,-0.3333,0,46,0.2778,0.9167,308,0.0477,-0.0821,369,0.0013,0.0382,2210,0.1355,0.1792,774671,0.0473,0.0963,659,0.0698,-0.0559,0.8613,-0.0254,-0.0565,0
202502,01073,"jefferson, al",230000,-0.0148,-0.0212,1960,0.0127,0.2125,68,-0.0811,0.1057,938,0.3174,0.0958,44,-0.3889,1.4444,612,-0.0377,0.224,1113,0.1475,-0.06,139,0.0043,0.0209,1638,-0.0021,-0.0134,317064,0.0092,-0.0502,3070,0.0577,0.0966,0.5676,0.0667,-0.1645,0
202502,35001,"bernalillo, nm",385000,0.0132,-0.0375,955,0.0143,0.4818,63,-0.1224,0.1461,656,0.1349,0.2103,18,-0.3571,-0.25,462,0.3051,0.5822,717,0.2227,0.0113,216,0.0113,0.0243,1860,0.0077,-0.0825,475360,0.0178,-0.0845,1673,0.0885,0.2383,0.7503,0.1279,-0.349,0
202502,55093,"pierce, wi",384950,0.0265,-0.0599,49,-0.0762,0.3288,49,-0.2659,-0.2283,24,0.7143,-0.3333,0,,,18,0.5,2,38,-0.026,-0.0854,223,0.0378,-0.0049,1861,-0.0069,0.027,452974,0.0191,-0.0661,84,-0.0615,0.0839,0.7732,0.0399,-0.3501,0
202502,40037,"creek, ok",258575,0.0283,0.2329,120,-0.0909,0.2371,68,-0.0073,-0.0586,52,0.3684,-0.1034,0,-1,,30,-0.1667,0.0714,73,0.1061,-0.1657,146,-0.0005,0.098,1744,0.014,-0.0296,377038,0.0243,0.1793,192,-0.0179,0.0521,0.6083,0.1083,-0.2937,0
202502,36113,"warren, ny",549500,0.0204,0.2304,131,-0.1178,0.1696,124,0.1347,0.3079,36,-0.3077,-0.1429,0,,,22,-0.1538,1.2,119,-0.0327,0.3543,298,0.0011,-0.0335,1746,-0.0037,0.0034,798266,-0.0057,-0.1202,249,-0.0657,0.2327,0.9046,0.0797,0.1233,0
202502,06065,"riverside, ca",649950,0.0015,0.012,6752,0.0626,0.4884,56,-0.1591,0.1684,3146,-0.0113,0.1695,168,-0.1923,-0.1515,2306,0.3391,0.6126,2748,0.2406,-0.0358,347,0.0051,0.0134,1940,0.004,-0.0151,951647,0.0084,-0.0082,9499,0.1087,0.2848,0.407,0.0584,-0.2212,0
202502,40039,"custer, ok",191950,0.0258,-0.0071,80,0.0884,0.1268,88,0.0293,-0.0514,20,0,-0.3333,0,,,14,6,0.1667,17,-0.1905,0.0303,116,0.0048,0.0766,1618,-0.0207,-0.0092,249681,0.01,0.0839,97,0.0376,0.1092,0.2125,-0.0732,-0.0199,0
202502,45077,"pickens, sc",379900,0.0124,0.0202,359,-0.0014,0.5127,57,0.0364,0.2,142,-0.1647,-0.1013,16,-0.5294,1,180,0.5254,1.25,192,0.2896,0.0881,199,0.0121,0.0193,2007,0.0353,-0.0842,698817,0.0714,-0.0036,541,0.0798,0.3179,0.5342,0.1205,-0.2084,0
202502,48501,"yoakum, tx",291500,0.0104,0.3198,22,0.075,-0.0227,65,-0.3589,-0.5291,6,0.5,-0.4,0,,,2,0,-0.5,5,0,2,130,-0.0345,0.0751,2037,0.0416,0.1098,330596,-0.0114,0.0622,26,0.0625,0.0851,0.2093,-0.0157,0.1411,0
202502,40013,"bryan, ok",296000,-0.0287,-0.0123,173,0.1019,0.0646,75,0.0101,-0.2111,64,0.6842,0.4545,0,,-1,44,0.2222,0.2222,43,0.1169,0.0361,166,0.006,-0.0157,1731,-0.0194,-0.0382,417760,-0.0239,0.0997,213,0.0954,0.052,0.2486,0.0033,-0.0068,0
202502,51036,"charles, va",245000,-0.0575,-0.2898,6,-0.0769,-0.4286,102,0.2546,1.2597,0,-1,-1,0,,,0,,-1,2,-0.5,-0.8636,210,-0.0261,-0.033,1083,-0.0984,-0.3911,245118,-0.1489,-0.5726,7,-0.2353,-0.675,0.25,-0.2115,-0.7976,1
202502,34005,"burlington, nj",392475,0.0105,0.0263,611,-0.0169,0.4002,36,-0.2871,0.1163,422,0.1344,-0.0664,10,-0.4444,-0.2857,164,0,0.3016,590,0.107,-0.1,236,0.0049,0.0574,1661,-0.0109,-0.0727,513967,0.0063,-0.0833,1185,0.0363,0.0922,0.9656,0.1081,-0.5367,0
202502,31049,"deuel, ne",163500,-0.0408,-0.1825,12,0.0435,0.2,46,-0.0267,-0.6997,4,0,1,0,,,2,-0.5,0,3,-0.2857,,90,0.0724,0.2702,1676,-0.1119,-0.323,187677,-0.1188,-0.1033,15,-0.0333,0.45,0.2083,-0.096,,1
202502,41059,"umatilla, or",343835,-0.0034,-0.0105,160,0.0031,0.147,90,-0.035,-0.0479,44,0.0476,-0.12,22,1.75,0.5714,34,-0.1905,-0.2273,72,0.0916,-0.1006,223,-0.015,0.0334,1562,-0.0002,-0.0637,421725,-0.0118,0.0389,231,0.0199,0.0621,0.4469,0.0362,-0.123,0
202502,28043,"grenada, ms",213450,0.1355,0.1793,51,0.0851,0.0625,85,-0.2037,0.5596,14,0,-0.5,0,,,6,0,-0.5,12,0.2778,-0.2069,101,-0.0297,0.1415,1841,-0.003,-0.0491,294044,-0.02,0.4849,62,0.1081,-0.0238,0.2255,0.034,-0.0766,0
202502,22109,"terrebonne, la",228000,-0.0298,-0.0044,449,0.0454,0.1957,105,0.0244,0.0145,102,0.3784,0.1591,0,-1,,94,0.3429,0.6207,67,0.0806,-0.2071,140,-0.001,0.0253,1750,-0.0061,0.0019,319169,0.0122,0.0385,515,0.0478,0.1208,0.1492,0.0049,-0.0758,0
202502,53013,"columbia, wa",348675,-0.0163,0.0991,15,0.1111,-0.25,103,0.0098,-0.0887,0,-1,-1,0,,,4,,1,8,0.0667,-0.0588,169,-0.0025,0.1763,2106,-0.1384,-0.0114,418293,-0.0267,0.2166,24,0.119,-0.2167,0.5333,-0.0222,0.1083,1
202502,29179,"reynolds, mo",143750,-0.0254,-0.178,16,0.1852,0,87,0.3555,-0.117,4,0,-0.5,0,,,4,,1,5,-0.55,0.125,122,-0.0545,-0.0552,1547,-0.0234,0.1358,193622,-0.0458,-0.0379,21,-0.0889,0,0.2813,-0.4595,0.0313,1
202502,26143,"roscommon, mi",233425,0.0283,0.182,156,-0.0633,0.5707,86,-0.0574,-0.1418,52,0.5294,0.5294,0,-1,,22,-0.3889,0.2222,37,0.8049,0.1385,176,0.0024,0.1085,1302,0.0062,0.067,323675,0.0187,0.1524,191,0.0214,0.4361,0.2379,0.1144,-0.0903,0
202502,17157,"randolph, il",148000,0.1385,0.1385,38,0.0274,-0.026,61,0.1469,-0.2484,18,0.2857,0.2857,0,,,8,0.3333,0.3333,17,0.2692,0.0313,94,0.0288,0.2417,1373,0.0469,-0.1003,212550,0.1227,0.3595,55,0.134,0.0092,0.44,0.0838,0.0244,0
202502,51087,"henrico, va",414660,0.0239,-0.0487,320,0.0079,0.125,40,-0.2271,0.0811,314,0.3652,0.0608,18,-0.5263,0,96,0.0435,0.0667,466,0.1083,-0.0519,235,0.0061,0.0177,1833,0.0092,-0.0673,468511,-0.0056,-0.1396,784,0.0667,0.0123,1.457,0.132,-0.2719,0
202502,05107,"phillips, ar",112000,-0.0132,0.1858,27,-0.0847,0.7419,146,0.1926,0.2463,6,0,2,0,,,2,-0.6667,,7,1.3333,-0.3333,56,-0.0218,0.0833,2473,0.1054,0.4447,180148,0.001,0.1621,33,0.0154,0.2453,0.2593,0.1576,-0.4182,1
202502,20209,"wyandotte, ks",229313,0.0192,0.092,222,-0.0263,0.4751,66,-0.0433,0.095,130,0.3,0.1017,0,-1,,68,0.0625,0,148,0.1746,-0.0692,159,-0.0257,0.0509,1533,0.0222,0.002,263471,-0.0061,0.0146,366,0.0296,0.1925,0.6667,0.114,-0.3898,0
202502,02220,"sitka and borough, ak",741000,0.0007,0.3497,13,0.04,0.5294,111,-0.0284,0.0907,2,0,0,0,,,2,,0,2,-0.5,-0.7273,309,-0.0151,0.0136,2790,0.069,0.4125,1108495,-0.0255,0.776,15,-0.0323,0.0714,0.1154,-0.1246,-0.5317,0
202502,27169,"winona, mn",310000,0.1486,-0.3148,45,-0.1964,0.2676,56,-0.1679,-0.3718,28,0.4,0.0769,0,,,12,-0.4,2,45,0.3906,0.6792,173,0.0066,0.044,2033,0.1976,-0.1247,640745,0.1365,0.2808,88,0.0476,0.4545,0.9889,0.4175,0.2424,1
202502,09190,"western connecticut planning region, ct",979500,0.0496,-0.1675,653,-0.0312,-0.1218,51,-0.3108,0.1087,476,0.1442,-0.0518,8,1,0.3333,92,0.1795,-0.08,640,0.0848,-0.0266,431,0.0172,0.043,2456,-0.0059,-0.1545,2388745,-0.0299,-0.0348,1286,0.0255,-0.0728,0.9801,0.1048,0.0958,1
202502,45003,"aiken, sc",325113,0.0098,0.0225,641,-0.0023,-0.0085,73,0,-0.0201,328,0.4909,0.0186,24,-0.5714,0.2,178,0.0723,-0.0825,390,0.2268,0.0834,165,-0.001,0.0306,2037,-0.0037,-0.0177,424162,-0.0052,0.0888,1017,0.0689,0.0109,0.6076,0.1135,0.0516,0
202502,39063,"hancock, oh",242750,0.0127,-0.0188,112,-0.1111,0.6593,69,-0.0743,0.2232,66,1.2,0.4348,0,,,38,-0.2083,0.9,88,0.3566,0.25,150,0.0464,0.1287,1717,-0.02,-0.0763,281274,0.0197,-0.0973,197,0.0288,0.4291,0.7813,0.2693,-0.2558,0
202502,29031,"cape girardeau, mo",299900,0.0008,-0.0372,194,0.0403,0.3119,82,0.0795,0.156,76,0.1176,0.3571,0,,,60,0.2,0.5789,90,0.1765,0.2,143,-0.0475,0.0816,1859,0.0344,0.0121,344593,0.0031,-0.0325,287,0.0954,0.2957,0.4651,0.0538,-0.0434,0
202502,39101,"marion, oh",207450,0.0247,0.092,83,-0.1451,0.0855,61,0.0252,0.6376,50,0,-0.0385,0,,-1,28,-0.3636,-0.3333,62,0.1589,0.1273,153,0.0566,0.3086,1471,-0.0255,-0.0508,304716,0.0724,0.3759,145,-0.0493,0.0784,0.7515,0.1971,0.0278,0
202502,38063,"nelson, nd",210000,0.0133,2.1111,5,-0.0909,0.25,102,0.01,-0.5144,0,,,0,,,0,,,1,0,-0.6667,139,0.2486,2.0841,2250,0.0373,0.5198,225000,0.0891,1.8125,6,0,-0.1429,0.2,0.0182,-0.55,1
202502,20101,"lane, ks",165000,,-0.9,0,,-1,228,,,0,,,0,,,0,,,2,-0.3333,0,70,,-0.7312,2344,,-0.6279,165000,,-0.9,2,-0.3333,-0.3333,,,,1
202502,23023,"sagadahoc, me",522500,-0.1136,-0.1273,40,0.0811,0.2308,97,0.1246,0.3566,20,0.4286,0,0,,,10,4,0.25,9,-0.3704,-0.32,259,-0.0093,-0.0839,1821,-0.101,-0.0766,675014,-0.0579,0.0575,49,-0.02,0.0538,0.2125,-0.1524,-0.1721,1
202502,40125,"pottawatomie, ok",246475,0.0378,0.0846,278,-0.0398,0.2118,57,-0.1336,-0.2172,82,-0.0682,-0.1087,14,,6,76,-0.1163,-0.0952,111,0.4258,0.2849,150,0.0156,0.075,1767,0.0112,0.0264,286985,0.0096,0.0105,385,0.0364,0.2168,0.3982,0.13,0.0227,0
202502,01113,"russell, al",254900,0.0148,-0.0919,122,-0.0041,0.4104,40,-0.21,-0.2582,60,0.1538,-0.1667,2,,0,44,0.2941,0.8333,82,0.3361,-0.0181,130,0.0457,0.0843,1756,-0.0038,-0.1199,257188,0.0234,-0.0241,203,0.0946,0.2236,0.668,0.1701,-0.2915,0
202502,20115,"marion, ks",154250,-0.0505,-0.026,30,-0.0625,0.2766,83,-0.0265,1.6063,8,0.3333,-0.5,0,,,4,0,-0.3333,13,0.3158,1.5,88,-0.029,-0.0431,1984,0.0704,0.0331,173495,-0.0155,-0.2482,42,0.012,0.4,0.4167,0.1198,0.2039,1
202502,48181,"grayson, tx",352450,0.0071,-0.06,973,0.0313,0.4372,85,-0.0058,0.2546,278,0.1983,-0.0479,8,0,-0.3333,316,0.2248,0.3982,230,0.2568,-0.1103,197,0.0102,-0.0035,1815,-0.0085,-0.064,480877,-0.0018,-0.1174,1207,0.0734,0.2767,0.2364,0.0424,-0.1454,0
202502,42053,"forest, pa",199900,0.039,-0.4729,26,-0.0714,1.7368,143,0.1176,0.5241,2,-0.5,0,0,,,0,-1,-1,5,0.1111,-0.1667,131,0.0325,-0.0795,1500,0.1161,-0.0909,260441,0.0606,-0.4434,31,-0.0462,1,0.1923,0.0316,-0.4393,1
202502,20141,"osborne, ks",145000,-0.0051,-0.1643,12,0.0455,0.4375,134,-0.0202,1.2066,0,-1,,0,,,0,,,1,,-0.5,91,0.0075,0.3121,1715,-0.0677,-0.3546,193172,0.023,-0.1736,12,0.0909,0.2,0.087,,-0.163,1
202502,21121,"knox, ky",236125,-0.0512,-0.0259,45,-0.0722,0.1842,115,-0.0537,0.5116,14,0.4,0,0,,,18,0.125,0.5,10,-0.0476,-0.5349,132,-0.005,0.024,1716,-0.0091,-0.0582,266347,-0.0139,-0.0921,55,-0.0598,-0.0756,0.2222,0.0057,-0.3436,0
202502,41017,"deschutes, or",698450,0.0039,0.0104,964,0.0057,0.3036,93,-0.0837,0.0877,354,0.416,0.3015,48,2,0.3333,228,-0.1429,0.5,486,0.0947,0.0452,390,0.0253,0.0347,1974,0.003,0.016,999447,0.0062,0.0629,1449,0.0306,0.2006,0.5036,0.0409,-0.1245,0
202502,39139,"richland, oh",211950,-0.0362,-0.0579,152,-0.0349,0.4686,57,-0.0738,0.7656,86,0.0238,-0.2586,2,,-0.6667,52,-0.0714,0.4444,93,0.2585,-0.2094,139,0.0141,-0.0037,1507,-0.0131,-0.0321,272859,0.022,-0.0614,245,0.0494,0.1088,0.6086,0.1419,-0.5219,0
202502,22115,"vernon, la",204500,0.0226,0.032,130,0.0157,0.2573,94,0.0108,0.2617,28,0.2727,0.1667,0,,,22,-0.2143,0.8333,34,0.1552,-0.1928,119,0.0192,0.0768,1733,0.0121,-0.0174,246456,0.0324,0.1184,163,0.0417,0.1364,0.2587,0.0312,-0.1442,0
202502,12001,"alachua, fl",329950,-0.0142,-0.0548,892,0.0439,0.2329,68,-0.1727,0.0581,378,0.2517,0.1455,6,-0.7,-0.625,284,0.2348,0.3786,340,0.2057,0.0256,207,-0.0054,0.0014,1587,-0.0158,-0.0463,416932,-0.0214,-0.094,1232,0.0783,0.1678,0.3812,0.0511,-0.077,0
202502,48001,"anderson, tx",290000,0.022,0.1434,155,-0.0032,-0.0691,97,0.0026,0.263,54,0.4211,0.2857,0,,,42,-0.125,0.5,37,0.1563,0.6818,147,0.0337,-0.0005,1849,0.0262,0.0974,374948,0.0224,-0.0072,193,0.0376,0.0212,0.2387,0.0329,0.1066,0
202502,51013,"arlington, va",772450,-0.0109,-0.0431,277,0.126,0.4169,25,-0.4358,-0.2047,226,0.3294,0.0971,0,-1,-1,64,0.6842,0.5238,177,0.3898,-0.0434,475,0.0039,0.0148,1341,-0.0109,-0.0604,1163052,0.0485,-0.0616,454,0.2158,0.1841,0.6372,0.1209,-0.3065,0
202502,26093,"livingston, mi",452250,0.0403,-0.0694,250,-0.1394,-0.0099,54,-0.0882,0.0188,162,0.1912,0.1096,6,0.5,-0.25,54,0.08,0.4211,260,0.2207,0.2009,243,0.0845,-0.0315,1890,-0.0055,-0.0092,536372,0.0578,-0.006,510,-0.001,0.0886,1.04,0.3068,0.1826,0
202502,51181,"surry, va",499900,0,0.0987,27,0.2857,0.7419,41,-0.4791,-0.3361,14,0.1667,1.3333,0,,,4,0,0,4,0.4,2.5,206,-0.0209,-0.0062,2129,-0.0261,0.0508,483875,-0.0162,0.0424,32,0.4,0.9091,0.1296,0.0106,0.0651,1
202502,31155,"saunders, ne",477375,-0.0152,-0.0748,42,-0.0345,0.05,57,0.1117,-0.0498,18,0.8,0,0,,,8,0,0.3333,29,0.1633,0.1875,197,-0.0557,-0.0349,2286,0.073,-0.1503,616069,-0.0081,0.1405,71,0.029,0.0923,0.6786,0.1154,0.0786,0
202502,49003,"box elder, ut",475000,-0.0268,-0.0206,174,0.0058,0.3992,74,-0.0631,0.2324,70,0,0.4583,0,-1,-1,50,0.087,-0.0385,59,0.0935,0.125,202,-0.0019,-0.0207,2305,-0.0487,-0.0544,526587,-0.0126,0.0018,235,0.0353,0.3324,0.3372,0.027,-0.0822,0
202502,48433,"stonewall, tx",280000,0.1091,0.4007,2,0.5,0.5,50,0.1628,0.4925,0,,,0,,,0,,,,,,109,-0.0239,-0.2384,2621,0.1853,0.8831,280000,0.1091,0.4007,2,0,0.5,,,,0
202502,55095,"polk, wi",363200,0.0377,0.0452,82,0.0316,0.5234,50,-0.3889,-0.3149,36,0.125,0.2,0,,,14,1.3333,0.4,44,0.061,0.0482,242,0.0378,-0.011,1501,-0.056,-0.002,466865,-0.0314,-0.1475,125,0.0684,0.3369,0.5337,0.0148,-0.242,0
202502,22063,"livingston, la",273450,0.012,-0.0405,526,0.0264,0.1575,94,0.0303,0.1265,172,0.2113,-0.1485,12,2,0.2,148,0.3704,0.2542,186,0.1104,-0.1185,162,-0.002,0.0227,1819,0.0053,-0.0309,323052,0.0048,-0.0054,714,0.0447,0.0721,0.3539,0.0268,-0.1108,0
202502,01067,"henry, al",358100,0.117,0.1351,79,0.0128,0.3739,73,0.0069,-0.1561,22,0.8333,0.1,0,,,10,-0.5,-0.2857,23,0.2778,0.3143,176,0.1303,0.1559,1871,-0.0297,0.0301,480708,0.3584,0.4094,102,0.0737,0.351,0.2911,0.0604,-0.0132,0
202502,18125,"pike, in",233000,-0.0085,0.1859,20,-0.1333,0.0263,81,0.1963,-0.1781,4,1,0,0,,,2,-0.6667,0,5,-0.3333,-0.5833,132,-0.0168,0.1246,1679,0.0216,0.0622,253144,0.011,0.2069,25,-0.1667,-0.1803,0.2564,-0.0769,-0.3752,0
202502,48073,"cherokee, tx",299500,0.0034,0.2029,172,0.0585,-0.0753,90,-0.1025,-0.0477,52,0.3,0.2381,0,,,30,0.25,-0.4828,41,0,0.2857,170,0.0025,0.0507,1876,0.0412,0.1198,429160,-0.0075,0.1773,215,0.0672,-0.0183,0.2355,-0.0138,0.0661,0
202502,17031,"cook, il",317350,0.002,-0.0547,6861,-0.0233,0.0383,40,-0.2946,0.0128,4138,0.1343,-0.0841,88,0.1282,0.1,1622,0.0742,0.1406,4812,0.2077,-0.0715,218,0.0172,-0.037,1450,-0.0034,-0.042,536788,0.0318,-0.1024,11634,0.0557,-0.0118,0.7014,0.1341,-0.0829,0
202502,47145,"roane, tn",414925,-0.0351,0.075,167,0.0121,0.5113,72,-0.0649,0.1163,70,0.0606,0.0294,0,-1,-1,80,0.3793,0.9048,91,0.1384,-0.0372,206,0.0123,0.0894,2147,-0.0027,0.0273,605307,0.0184,0.0553,254,0.0389,0.2543,0.5419,0.0601,-0.3088,0
202502,19109,"kossuth, ia",149925,0.0049,-0.0731,78,-0.0373,1.013,91,0.0461,-0.1693,14,0.1667,0,0,,,12,1,5,14,0.1739,0.0385,112,0,-0.0953,1439,0.0275,0.1408,230251,0.0133,-0.0696,93,0.0109,0.8317,0.1742,0.0313,-0.1635,0
202502,41039,"lane, or",529725,0.0116,0.0163,646,-0.0122,0.2972,72,-0.1135,-0.0034,300,0.0345,-0.0506,50,0.0417,-0.0385,266,-0.1014,-0.0075,365,0.1444,0.0297,315,0.0131,0.0428,1773,0.0062,-0.0117,665835,0.0325,0.003,1005,0.034,0.179,0.5642,0.0772,-0.1466,0
202502,16083,"twin falls, id",429450,-0.0063,0.0383,296,-0.005,0.0628,67,-0.1438,-0.1728,124,0.3478,0.069,2,0,-0.5,74,0.1212,-0.0976,109,0.2044,0.0093,242,0.0041,0.0167,1938,-0.018,0.011,570091,-0.0114,0.1207,403,0.036,0.0414,0.3682,0.064,-0.0195,0
202502,21219,"todd, ky",277450,-0.0132,-0.0132,24,0.0213,-0.0769,68,0.0112,-0.4031,4,-0.6,1,0,,,8,0,1,5,-0.4706,-0.3571,166,-0.0239,0.0489,1680,0,0,286777,-0.0011,0.0646,29,-0.0794,-0.1077,0.1875,-0.1742,-0.0817,1
202502,55059,"kenosha, wi",338225,0.0106,-0.0015,243,0.0588,0.1912,36,-0.1944,0.0507,92,0.0455,-0.098,2,0,,42,-0.087,0,34,0.0152,0,202,0.0212,0.0437,1639,-0.0339,-0.0599,443074,0.0077,0.0364,269,0.0386,0.1696,0.1379,-0.0059,-0.0264,0
202502,47025,"claiborne, tn",328675,-0.0504,-0.1773,88,-0.0385,0.1006,103,0.0024,-0.0352,24,-0.1429,-0.0769,0,,,22,0.2222,0,30,0.1765,0.2245,184,-0.007,0.0299,1877,-0.0331,0.0037,448935,-0.0457,-0.1411,119,0.0172,0.1286,0.3429,0.0626,0.0347,1
202502,48303,"lubbock, tx",252450,-0.0099,-0.0386,1281,0.0167,0.0958,46,-0.2227,-0.016,512,0.1179,0.113,16,1,0.6,374,0.1198,0.255,564,0.2921,0.0753,141,-0.0031,-0.0156,1884,-0.0076,0.0245,337553,0.0001,0.0318,1845,0.0876,0.0898,0.4405,0.0939,-0.0084,0
202502,33005,"cheshire, nh",514325,0.0627,0.1255,86,-0.0391,0.0955,73,0.1918,0.168,50,0.3889,0.087,0,,,22,0.375,0.1,57,-0.0172,0.7273,256,-0.0062,0.0498,1913,0.019,0.0054,566313,0.0181,0.0404,143,-0.0372,0.3073,0.6628,0.0147,0.2424,0
202502,27113,"pennington, mn",221924,0.0378,0.0358,44,-0.1471,0.0741,115,0.0268,0.0526,6,0.5,-0.25,0,,,6,-0.4,0.5,17,0.3077,0.0968,116,-0.0022,-0.0363,2015,0.0651,0.0122,246508,0.0549,0.0156,61,-0.0472,0.0804,0.3908,0.1359,0.0081,0
202502,40089,"mccurtain, ok",649450,0,-0.0536,574,0.0296,0.3803,122,-0.0469,0.0383,102,0.1591,0.4571,2,0,,90,0.0227,0,51,0.2949,0.2317,374,0.0061,-0.0925,1797,-0.0017,0.0241,728267,-0.0161,-0.0599,623,0.0445,0.3742,0.0881,0.018,-0.0106,0
202502,55063,"la crosse, wi",397000,0.0085,0.0899,108,-0.1724,0.3012,67,0.0346,0.4233,48,-0.2941,-0.25,0,,,28,-0.125,0.2727,107,0.3375,0.297,193,0.0102,0.0691,1920,0.036,0.0388,436738,0.0228,0.0962,216,0.0165,0.2973,0.9907,0.3777,-0.0032,0
202502,51740,"portsmouth, va",264950,0.0087,0.0095,271,0.0074,0.2844,36,-0.2602,0.0211,156,0.1304,0.0986,6,2,0.5,100,-0.0566,0.1628,2,1,0.3333,183,-0.0031,0.0659,1438,-0.0124,-0.0575,281863,0.0077,0.0234,274,0.0148,0.2871,0.0074,0.0037,0.0003,0
202502,38015,"burleigh, nd",489900,0.0283,0.1011,194,-0.0227,-0.1101,62,-0.1424,-0.1303,86,0.5357,0.1026,2,,0,18,-0.5,-0.625,105,-0.0141,-0.3046,207,0.0209,0.0949,2080,0.0004,0.0097,558352,0.0127,0.145,301,-0.0099,-0.1856,0.5412,0.0047,-0.1514,0
202502,29171,"putnam, mo",248250,-0.0062,0.1033,25,0.0417,-0.1071,79,-0.2765,-0.4577,4,-0.3333,0,0,,,2,,0,7,1,0,145,-0.0585,-0.0284,1857,0.0263,0.1513,370037,-0.0255,-0.0052,32,0.1455,-0.0455,0.28,0.1342,0.03,0
202502,22081,"red river, la",245000,0.129,-0.0665,8,0,0.3333,119,-0.1086,0.0917,2,,,0,,,4,,,4,0.1429,0.3333,131,0.1328,-0.0391,1643,0.0679,0.0842,209106,0.05,-0.1687,12,0,0.2778,0.5,0.0625,0,0
202502,48323,"maverick, tx",285000,0.0261,0.0999,185,-0.0212,0.3039,129,-0.0058,0.3046,50,1.5,0.7857,0,,,28,1,1,6,-0.0833,4.5,182,0.0153,0.0761,1555,0.0023,0.0163,293278,-0.0008,0.0357,190,-0.0232,0.3345,0.0298,-0.002,0.0227,1
202502,08061,"kiowa, co",160000,0.0256,0.3093,7,0.0769,1,65,0.7671,-0.6997,0,-1,,0,,,0,,,2,0.5,,76,0,-0.0042,1422,0,0.0049,253094,0.021,0.7353,9,0,1.4286,0.2143,0.0604,,1
202502,41033,"josephine, or",482475,0.0054,-0.0268,282,-0.0829,0.1653,98,0.0103,0.0738,74,0.1935,-0.2128,2,0,,76,0,-0.05,114,0.3593,0.1294,267,0.0084,-0.0203,1819,-0.0287,-0.0189,576925,0.0127,-0.098,396,0.0115,0.1514,0.4025,0.1309,-0.0128,0
202502,51047,"culpeper, va",589473,-0.0038,0.0138,109,0.0383,0.2917,52,0.0198,-0.2426,56,0.2174,0.4737,4,,-0.9,20,0.25,0.6667,68,0.0385,-0.1563,251,-0.0242,0.0868,2298,0,-0.015,829877,-0.03,0.1289,174,0.0117,0.0579,0.6221,0.0001,-0.3303,0
202502,47061,"grundy, tn",319950,-0.0171,-0.1329,69,-0.042,0.4731,124,0.1675,0.6283,12,0.2,-0.1429,0,,,20,0.25,1,9,0.3846,-0.1818,199,-0.0071,-0.1951,1655,0.0071,0.0998,385834,-0.0291,-0.0215,78,0.0065,0.3805,0.1314,0.0405,-0.1052,1
202502,13285,"troup, ga",305000,0.0201,0.011,242,-0.0102,0.2321,84,-0.1138,0.675,94,0.1463,0.0682,4,-0.7778,1,62,0.4091,0.3478,87,0.3594,-0.13,158,-0.0083,-0.0042,2046,0.0143,0.0607,328508,0.0178,-0.0025,327,0.0531,0.1066,0.3602,0.098,-0.15,0
202502,12005,"bay, fl",419500,-0.0032,-0.0471,2612,0.0605,0.1787,94,-0.109,0.0562,704,0.2138,0.0571,32,-0.2381,-0.5676,842,0.3365,0.1662,423,0.1528,-0.0785,318,-0.0046,-0.073,1422,0.0062,0.0132,572480,-0.001,-0.0603,3022,0.0711,0.1348,0.1618,0.013,-0.0452,0
202502,37163,"sampson, nc",292450,-0.0144,-0.0291,121,0.1101,0.5513,84,-0.0744,0.2308,48,0.7143,0.7143,0,,,26,-0.0714,0.1818,53,0.2805,-0.0541,159,0.0192,0.071,1782,-0.0054,-0.0858,318680,-0.0266,-0.0502,173,0.1616,0.297,0.4339,0.0577,-0.2777,1
202502,22101,"st. mary, la",181200,-0.0205,-0.0549,130,0.1261,0.4971,108,0.007,0.1105,40,1,1,0,,,38,0.2667,1.375,17,0.1333,0.0303,104,-0.0173,0.0317,1749,-0.031,-0.1038,231615,-0.044,-0.1438,148,0.139,0.4251,0.1313,0.0008,-0.0595,1
202502,18025,"crawford, in",266450,-0.044,0.1464,22,-0.12,0.4194,99,0.216,0.1939,6,0.5,0,0,,,4,-0.3333,0,3,0,-0.4,185,-0.0198,0.2668,1468,-0.0339,0.0719,300663,-0.0214,0.1485,25,-0.1071,0.2195,0.1364,0.0164,-0.1862,0
202502,13209,"montgomery, ga",358850,0.0287,0.0885,11,0.4,0,92,-0.2649,-0.2439,4,1,,0,,,4,,1,2,-0.3333,-0.3333,145,-0.0065,-0.1053,2406,-0.0695,0.0506,374525,-0.0547,-0.1641,13,0.1905,-0.0741,0.1905,-0.2095,-0.0952,0
202502,35049,"santa fe, nm",749000,-0.0132,-0.0631,501,-0.0375,0.2933,91,-0.0667,-0.0345,172,-0.0947,0.1944,8,0.3333,0,122,0,0.3556,240,0.1189,0.1566,379,-0.0165,-0.009,2103,-0.0001,-0.0382,1206083,-0.0064,-0.1273,740,0.0096,0.2492,0.4795,0.067,-0.0567,0
202502,19171,"tama, ia",176950,0.0862,-0.0051,41,-0.0575,0.8222,81,0.0188,0.0383,4,-0.6,-0.7778,0,,,10,0.25,1.5,23,0.6429,-0.0213,106,-0.0334,0.0522,1672,0.0299,-0.0672,220519,0.0458,0.0023,61,0.0609,0.3118,0.561,0.2391,-0.4835,1
202502,19015,"boone, ia",215000,0.049,-0.1311,71,0.0292,0.396,62,0.0165,0.2551,32,0.7778,0,0,,,28,0.2727,-0.1765,45,0.3433,-0.0426,146,-0.0448,-0.0752,1444,0.013,-0.0599,267070,-0.0027,-0.0933,115,0.1337,0.1865,0.6383,0.1492,-0.2924,1
202502,19155,"pottawattamie, ia",259450,-0.0105,0.0008,109,-0.1315,0.0955,39,-0.2266,-0.1278,68,-0.1282,-0.1053,0,-1,-1,54,1.0769,0.8,119,0.2205,-0.0403,160,-0.026,-0.0444,1692,0.0503,0.1409,312039,-0.019,0.0074,227,0.018,0.039,1.0917,0.3149,-0.1545,0
202502,25009,"essex, ma",744722,0.064,-0.007,411,-0.0296,0.1277,25,-0.4615,-0.0485,412,-0.055,0.03,2,,-0.5,86,-0.0652,0.4333,112,0.3099,0.12,420,0.0206,0.0042,1767,-0.0489,-0.081,1110856,0.0108,-0.0706,519,0.0227,0.1185,0.2728,0.0707,-0.0019,0
202502,46063,"harding, sd",285000,0.263,,1,-0.75,,97,1.0753,,0,,,0,,,0,,,2,1,,43,-0.0989,,6587,0.3527,,285000,0.263,,2,-0.3333,,4,3.5,,0
202502,34027,"morris, nj",677450,-0.011,0.0007,413,-0.0155,0.0024,31,-0.3711,0.0991,300,-0.026,-0.2063,6,0.5,0.5,52,0.04,0.3,425,0.0455,0.1214,341,0.0238,0.0278,2474,0.035,-0.0112,962151,-0.022,-0.0264,838,0.0327,0.0641,1.0291,0.06,0.1092,0
202502,13023,"bleckley, ga",238836,-0.0346,0.0893,16,-0.0303,-0.0857,73,0.2609,0.0284,6,-0.25,0,0,,,6,-0.5,2,9,0.3846,0.125,142,-0.0217,-0.021,1797,-0.0649,0.1663,234819,-0.0401,-0.094,24,0,-0.06,0.5625,0.1686,0.1054,0
202502,38035,"grand forks, nd",353217,0.0094,-0.1395,94,-0.0603,-0.246,60,-0.0204,-0.3634,42,0.05,-0.5116,0,,-1,16,0.1429,0.1429,67,2.1667,0.1466,155,0.0075,-0.0631,2098,-0.0023,-0.0018,361782,-0.0035,-0.0772,159,0.3154,-0.1194,0.7112,0.5002,0.2435,1
202502,54037,"jefferson, wv",423468,-0.01,0.0254,169,-0.0426,0.0871,42,0.0774,0.057,82,-0.0889,-0.2679,46,0.6429,0.6429,48,0.4118,0.8462,207,0.0838,0.38,197,0.0159,0.0396,2199,0.0269,0.0062,468259,-0.0004,-0.0229,374,0.0261,0.2286,1.2285,0.1433,0.2607,0
202502,47057,"grainger, tn",439948,0.0116,-0.1326,72,-0.0464,-0.0137,89,0.0289,-0.0352,20,0,0,0,,,24,0.5,1,27,0.102,0.2,230,0.0106,-0.0045,2070,-0.0368,-0.0449,555284,-0.0008,-0.1067,99,0,0.0366,0.375,0.0505,0.0668,1
202502,45035,"dorchester, sc",410376,0.0242,0.0517,514,0.0598,0.2037,49,-0.2451,0.1023,294,0.4272,0.1575,16,0.1429,-0.75,214,-0.0531,-0.0696,248,0.3415,0.0102,198,-0.0051,0.0302,2089,0.0394,0.0319,483333,-0.0067,0.0996,761,0.1375,0.1367,0.4815,0.1011,-0.0923,0
202502,26011,"arenac, mi",195575,-0.0953,-0.0779,41,-0.0787,0.3667,82,-0.0238,0.1714,6,-0.7273,-0.5714,0,,,8,0,-0.2,15,0.8125,0.3182,146,0.0208,-0.0825,1392,-0.072,-0.036,242940,-0.0209,-0.2486,57,0.066,0.3614,0.3537,0.1739,-0.013,0
202502,29149,"oregon, mo",249225,0.0731,0.4146,50,0.1236,0.0417,92,-0.1196,0.0605,20,1.5,2.3333,0,,,6,0,-0.4,10,0.8182,-0.2308,122,-0.0023,-0.0859,1490,0.0109,-0.0113,265641,0.0087,0.2477,61,0.2474,-0.0082,0.2,0.0764,-0.0708,1
202502,48265,"kerr, tx",514750,-0.0005,-0.0638,349,0.0387,0.2076,100,-0.1036,0.1307,100,0.5625,0.3514,2,0,,76,0.0857,0.3103,45,0,-0.2583,248,-0.0008,-0.0227,2091,0.015,-0.0172,744725,-0.0059,-0.1258,389,0.0305,0.121,0.1275,-0.0049,-0.0801,0
202502,48395,"robertson, tx",402250,0.2485,0.4795,88,0.0798,0.1429,94,-0.06,0.1605,30,1.1429,0.875,0,,,4,-0.6,-0.6,20,0.2188,1.6,197,0.0812,0.2507,1798,0.0935,0.0529,508509,0.1924,0.3261,107,0.0979,0.2604,0.2216,0.0253,0.1242,1
202502,21097,"harrison, ky",402814,-0.0481,0.1509,34,0.1552,0.8108,69,-0.0248,-0.2486,16,1,0.3333,0,,,6,0,,14,0.1667,-0.1765,175,-0.0659,0.0607,2077,0.0149,0.038,493507,-0.016,0.4567,47,0.1325,0.3429,0.4179,0.0041,-0.501,0
202502,23003,"aroostook, me",213500,0.0317,0.068,228,-0.0108,0.0411,115,0.0384,0.011,46,-0.1786,-0.2069,2,,,28,-0.3333,-0.2222,42,0.1857,0.6275,142,0.076,0.1231,1548,0.0262,-0.0525,299700,0.0555,0.1105,270,0.0151,0.1045,0.182,0.0302,0.0656,0
202502,26119,"montmorency, mi",230000,-0.0407,-0.0796,43,-0.14,0.1781,117,0.0782,0.1784,4,-0.6,-0.6667,0,,,8,-0.2,0.3333,8,-0.2381,-0.2,147,-0.0094,-0.2104,1439,-0.0419,0.064,282896,-0.0684,-0.0454,53,-0.1026,0.1538,0.186,-0.024,-0.0879,0
202502,48409,"san patricio, tx",289473,-0.0015,0.0175,318,0.0079,0.1759,89,-0.0484,0.2378,80,0,-0.0476,0,-1,-1,92,0.2432,0.1795,79,0.1805,-0.2189,169,-0.0029,-0.0097,1765,-0.0045,0.0233,359329,-0.0001,0.0253,396,0.0273,0.0718,0.2472,0.0361,-0.125,0
202502,45001,"abbeville, sc",244700,0.0998,0.0537,46,-0.0521,-0.0319,107,0.2831,0.6015,20,1.5,0.25,0,,,2,-0.8889,-0.8,17,0.1724,0.4783,151,0.0088,0.1816,1675,0.0327,-0.0488,283901,-0.0232,-0.0846,63,-0.0157,0.0684,0.3736,0.0715,0.1289,0
202502,27105,"nobles, mn",249900,0.0204,0,40,0,0.1268,124,0,1.0328,12,0.2,-0.4,0,,,8,0,-0.2,15,0.25,0.1111,162,-0.0168,0.1349,1801,-0.0268,-0.1122,293640,0.0497,0.0799,55,0.0686,0.1122,0.375,0.075,-0.0053,1
202502,31107,"knox, ne",295000,0.0826,1.5053,24,-0.06,-0.0408,122,0.1425,-0.1712,8,1,0,0,,,0,-1,,5,0.8,-0.3077,164,0.1681,1.125,1567,-0.0107,-0.2666,367261,-0.1356,0.4454,29,0.0364,-0.0806,0.1915,0.0915,-0.0738,1
202502,05105,"perry, ar",265225,0.024,0.6458,21,0.0513,0.0789,47,-0.3627,-0.338,10,0.25,1.5,0,,,6,-0.25,0.5,11,0.8333,0.5714,134,-0.0222,0.1084,1854,0.0521,0.2623,253940,0.0448,0.1403,32,0.2353,0.2353,0.5366,0.2289,0.1682,1
202502,37199,"yancey, nc",518088,0.0884,0.2105,73,0.1154,0.1983,94,-0.3009,-0.1442,30,1.1429,1.1429,0,,,12,0.2,0.2,16,-0.0606,-0.225,292,-0.0122,0.086,1783,0.11,0.0986,708870,0.0603,0.2104,89,0.0854,0.1195,0.2138,-0.0401,-0.1168,1
202502,22051,"jefferson, la",305000,0.0167,-0.0129,1273,0.0139,0.169,82,-0.018,0.0789,368,0.1871,0.0166,8,-0.2,-0.3333,366,0.2621,0.1961,311,0.2297,-0.1731,176,0.0076,0.0011,1710,-0.0058,-0.0404,387769,-0.0035,-0.0287,1582,0.0474,0.0784,0.244,0.0428,-0.101,0
202502,26135,"oscoda, mi",206225,0.0716,0.0261,50,-0.01,0.5,115,0.0873,0.1671,4,-0.6,-0.75,0,,,2,-0.6667,-0.75,9,0.3846,-0.1818,128,0.0451,0.097,1492,0.0734,-0.2319,306359,0.0479,-0.0053,57,-0.0088,0.314,0.1818,0.0518,-0.1515,1
202502,21093,"hardin, ky",300000,-0.0436,-0.054,328,-0.0238,0.567,67,-0.0432,0.3434,142,0.6905,0.0758,8,1,0.3333,118,0.18,0.5946,159,0.2383,-0.0509,161,0.0062,-0.0307,1972,-0.0338,0.0109,352615,-0.0182,0.0147,481,0.048,0.2865,0.484,0.1024,-0.3151,0
202502,31111,"lincoln, ne",237500,0.0106,-0.0601,71,-0.1242,0.5161,78,0.1068,0.0264,32,0.6,0.3333,0,,,16,-0.2,0.6,44,0.1757,-0.2984,140,0.0397,0.0186,1631,-0.03,-0.0008,303339,0.0077,-0.0666,118,0.0129,0.0829,0.617,0.1574,-0.7163,0
202502,19073,"greene, ia",189000,0.0134,0.4143,35,-0.0541,0.8421,113,0.0465,0.2465,4,-0.5,-0.3333,0,,,2,-0.5,0,10,0.2667,0,129,-0.0248,0.1518,1461,0.0024,0.1878,237811,0.0187,0.3768,45,0.023,0.5614,0.2714,0.0687,-0.2286,0
202502,17173,"shelby, il",174900,-0.0075,0.3155,36,0.125,0.0588,114,-0.1396,0.5251,12,0.5,0.5,0,,,6,2,-0.5,11,0.05,-0.3,121,0.0034,0.3375,1508,-0.0198,0.1912,215358,-0.007,0.2387,45,0.0976,-0.0426,0.2917,-0.0208,-0.1495,0
202502,21215,"spencer, ky",431625,0.0657,-0.0386,40,-0.0244,0.5385,77,0.0336,0.6211,16,1,-0.2727,0,,,8,0.3333,0.3333,14,0.0769,-0.2432,226,0.0314,0.0769,2037,0.053,-0.0261,569396,0.0676,0.11,54,0.0093,0.2135,0.35,0.0329,-0.3615,0
202502,19169,"story, ia",415750,0.058,0.2125,129,-0.0077,-0.0549,68,-0.2288,-0.099,66,0.1,0.1786,0,-1,-1,30,0.6667,-0.3478,129,0.1682,0.1372,255,0.0312,0.167,1622,0.0076,0.0184,467052,0.0418,0.1841,256,0.06,0.022,0.9961,0.15,0.1683,0
202502,48139,"ellis, tx",452475,-0.0168,-0.0765,843,0.009,0.1189,57,-0.24,-0.0656,312,-0.0602,0.0065,24,0,-0.3684,332,0.085,0.2029,383,0.3374,-0.0217,194,-0.0048,-0.0049,2459,-0.0136,-0.0257,551588,0.0065,-0.033,1221,0.0951,0.0627,0.454,0.1115,-0.0653,0
202502,17131,"mercer, il",139475,0.0016,0.542,28,0.098,0.5135,50,-0.0291,-0.3056,16,1,1.6667,0,,,4,-0.6,-0.3333,9,-0.4333,-0.5,103,-0.0107,0.3667,1515,0.0546,-0.0387,166044,0.0177,-0.0131,39,-0.0253,0.1324,0.3036,-0.2847,-0.6153,1
202502,28069,"kemper, ms",125000,-0.004,-0.196,9,0.1333,0.2143,94,-0.2485,-0.1299,0,,-1,0,,,0,-1,,2,-0.2,-0.2,93,0.0274,-0.1624,1225,-0.0045,-0.1694,715033,0.4196,-0.2325,11,0.05,0.1053,0.2353,-0.098,-0.1218,1
202502,37157,"rockingham, nc",230475,0.0361,0.0175,246,0.0535,0.5669,64,-0.0485,0.1384,102,0.4167,-0.0192,0,-1,-1,82,-0.0682,0.4138,124,0.0511,-0.0463,116,-0.1157,-0.233,1413,-0.0404,0.0811,289816,0.0249,0.1014,374,0.0747,0.2852,0.502,-0.0012,-0.3228,0
202502,50015,"lamoille, vt",580000,0.0362,0.0069,109,-0.0954,0.2601,117,0.1038,0.1759,24,0.0909,-0.0769,2,,,18,0,-0.1818,49,0.1548,1.4872,322,0.0165,-0.0319,2445,-0.0117,-0.0189,1386875,0.0284,-0.1741,158,-0.0248,0.472,0.445,0.0964,0.2195,0
202502,48341,"moore, tx",276250,-0.0134,0.0544,43,0.0118,0.1169,50,-0.4488,-0.3742,14,-0.4615,-0.3,0,,,18,0.2857,0.5,20,0,-0.0488,124,0.0218,0.051,2097,-0.0149,0.0129,309745,0.003,0.1217,62,0.0164,0.042,0.4535,-0.0053,-0.079,0
202502,47073,"hawkins, tn",304450,0.0149,0.0237,157,-0.0063,0.4976,93,0.0364,0.1491,40,-0.0476,-0.3103,0,,,54,-0.129,0.1739,46,0.0455,-0.2923,185,0.0249,0.0528,1689,0.003,0.0334,379611,0.0079,-0.0284,202,-0.0049,0.1958,0.2939,0.0146,-0.3281,0
202502,23027,"waldo, me",421250,0.006,-0.0791,113,-0.0504,0.2418,96,-0.0103,-0.0655,34,-0.0556,-0.0556,0,,,32,1,1.2857,32,-0.1688,0.5238,247,-0.0017,-0.0265,1806,0,-0.0342,724449,0.0193,-0.256,147,-0.0786,0.308,0.2832,-0.0403,0.0524,0
202502,51043,"clarke, va",732200,-0.036,0.0768,15,-0.1176,-0.1667,47,-0.5724,-0.4224,10,1.5,0.25,0,,,6,0.5,-0.25,9,0.3077,-0.2917,340,-0.0082,0.0123,2408,-0.202,0.0918,1541724,-0.0481,0.3401,24,0.0435,-0.2,0.5667,0.1843,-0.1,0
202502,06107,"tulare, ca",404700,-0.0247,0.0374,579,0.0275,0.259,52,-0.1977,0.0895,308,0.1,0.1579,14,-0.125,-0.2222,210,0,0.8421,440,0.178,2.9111,242,0.0165,0.0467,1788,-0.0057,0.0274,525903,0.0391,0.0535,1007,0.0794,0.7814,0.7606,0.0972,0.5158,0
202502,39157,"tuscarawas, oh",221225,-0.0272,0,82,0.0186,0.2519,52,-0.1434,0.0398,58,0.3182,-0.0645,0,,-1,22,0.2222,0,75,0.0719,0.155,119,-0.0467,0.0981,1810,0.066,-0.0639,264371,0.0173,0.0479,159,0.0602,0.2099,0.9085,0.0452,-0.0762,0
202502,48477,"washington, tx",371875,0.049,0.0189,143,0.0837,0.6011,82,-0.1692,-0.068,46,0.2778,0.2778,0,-1,-1,28,0,0,27,0.2273,-0.2286,203,-0.0182,0.0095,1734,-0.0309,-0.1318,603054,-0.0063,-0.061,169,0.1049,0.3644,0.1895,0.0222,-0.2038,0
202502,39001,"adams, oh",199450,0.0215,-0.0194,70,-0.0733,0.1301,103,0.2515,0.4645,20,1,-0.0909,0,,,12,-0.3333,-0.5385,24,0.3714,0.1429,147,0.0334,0.0969,1545,0.011,-0.0023,272325,0.1115,0.0775,93,0.0165,0.1563,0.3453,0.112,0.0039,0
202502,47129,"morgan, tn",374900,0.0168,-0.0447,36,-0.0769,0.44,95,0.2038,0.1118,18,1.25,0.8,0,,-1,12,0,2,26,0.7333,0.4444,226,0.026,0.0393,1824,0.0386,-0.0157,520100,0.01,-0.0675,64,0.1441,0.4598,0.7222,0.3376,0.0022,1
202502,42129,"westmoreland, pa",221625,-0.0014,0.1084,598,-0.0347,0.3017,80,0.0223,0.0918,250,0.3298,-0.0157,8,0.3333,,190,0.1446,0.1176,374,0.0476,0.0303,182,0.046,0.1752,1835,0.0229,0.0251,305126,0.0324,0.0221,972,-0.0051,0.1957,0.6259,0.0492,-0.1649,0
202502,46003,"aurora, sd",649750,0.3981,0.6703,4,-0.2727,-0.2,91,0.1098,-0.167,0,,,0,,,0,,,,,,196,0.0246,0.3157,2175,0,-0.1173,649750,0.1694,0.8324,4,-0.2727,-0.2,,,,1
202502,46077,"kingsbury, sd",339450,0.1209,0.26,10,-0.05,-0.4063,58,-0.1685,-0.4775,4,,1,0,,,0,,,4,-0.125,-0.3636,267,0.1941,0.4338,1350,0.0351,-0.0132,435205,0.0387,0.2182,13,-0.0741,-0.4186,0.3684,-0.0316,0.0247,1
202502,28081,"lee, ms",288975,-0.0021,0.0105,214,-0.036,0.1088,89,0.0753,-0.0299,76,0.2667,0,4,,,52,-0.1333,0,99,0.2611,0.2857,137,-0.0072,-0.028,2139,0.0243,0.0079,343692,0.0117,-0.0101,314,0.0485,0.159,0.4626,0.109,0.0637,0
202502,39163,"vinton, oh",291725,0.0299,-0.2423,17,-0.2826,-0.2143,100,0.1108,0.2812,6,2,0,0,,,4,1,-0.5,8,0,-0.375,215,0.1139,0.1588,1552,-0.001,-0.1378,371244,-0.039,-0.2028,24,-0.2,-0.2727,0.4545,0.1285,-0.1169,1
202502,29087,"holt, mo",178000,-0.0056,-0.0848,19,-0.0256,0.1176,134,0.1893,0.0152,2,,-0.5,0,,,0,,-1,3,0,-0.7,129,-0.024,0.0703,1226,-0.0097,-0.0016,204419,-0.063,0.0873,22,-0.0227,-0.1887,0.1579,0.004,-0.4303,0
202502,19139,"muscatine, ia",226975,0.0331,0.0746,83,-0.0514,0.1773,79,0.1295,-0.0368,22,-0.0833,-0.2667,0,,,18,-0.1,-0.1,11,0.3125,1.1,119,-0.0035,0.0814,1911,0.0207,0.0745,250042,0.0219,0.021,94,-0.0105,0.2703,0.1265,0.0351,0.0556,0
202502,40149,"washita, ok",162250,0.0141,0.3437,63,0,0.8382,111,0.2293,-0.0671,6,-0.25,0,0,,,10,0,0,9,0,-0.25,96,0.0066,0.2531,1823,0.0346,0.1898,218417,0.0244,0.362,72,0.007,0.5652,0.144,0,-0.2089,0
202502,46135,"yankton, sd",334800,0.0072,0.0223,42,0,0.4,105,0.1864,0.3548,16,0,1,0,-1,,2,-0.6667,-0.5,24,0.5484,0.4545,173,-0.0191,-0.0434,2023,0.0335,0.0849,421879,0.0521,-0.1091,65,0.1017,0.4286,0.5714,0.2024,0.0214,1
202502,36011,"cayuga, ny",273425,0.0887,0.2722,79,0.0195,0.2661,91,0.12,0.2297,22,-0.3529,-0.1538,0,,,16,-0.3333,-0.1111,99,-0.0294,0.4667,152,0.1306,0.2474,1732,-0.0286,-0.0282,408701,0.0151,0.0567,177,-0.0112,0.3563,1.2611,-0.0635,0.1724,0
202502,08073,"lincoln, co",243225,-0.0882,0.0177,12,0,-0.3684,72,-0.3868,-0.2115,4,,-0.5,2,,,6,2,2,8,-0.2857,0.5,160,-0.1429,0.2474,1684,0.0374,0.134,260081,-0.0708,-0.102,20,-0.1136,-0.1875,0.625,-0.25,0.3618,0
202502,25005,"bristol, ma",571088,0.07,0.0755,421,-0.0592,0.2474,41,-0.3051,0.0933,264,-0.2414,0.0645,2,-0.8,-0.6667,116,-0.0169,0.3182,94,0.0162,-0.0962,329,0.0042,0.0634,1884,0.0559,0.0346,727662,0.0425,0.1244,518,-0.0399,0.1735,0.2233,0.0166,-0.0849,0
202502,53059,"skamania, wa",699475,-0.0003,0.1673,29,0.0556,-0.0339,143,0.0916,0.3491,6,0,-0.5,2,,,8,3,-0.3333,8,-0.2105,-0.2857,327,-0.0151,0.0631,2166,-0.0107,0.0633,1016578,-0.0406,0.0685,36,-0.0274,-0.1235,0.2632,-0.0887,-0.0928,0
202502,21055,"crittenden, ky",160500,0.0083,-0.4924,16,-0.1143,2.1,118,-0.0524,0.3947,6,,2,0,,,6,0.5,,9,0.0588,1.25,111,0.0233,-0.0215,1722,-0.0063,-0.1908,206557,0.0781,-0.2547,25,-0.0196,1.6316,0.5806,0.0949,-0.2194,1
202502,46013,"brown, sd",247400,-0.0573,0.2376,75,0.0274,0.145,84,0.0438,-0.0722,20,0,-0.1667,0,,,12,-0.1429,-0.1429,2,0.5,,115,-0.0415,0.0867,2080,-0.0537,-0.0083,301382,-0.0896,0.1258,77,0.0405,0.1756,0.02,0.0063,,0
202502,53027,"grays harbor, wa",399913,0,-0.0001,341,-0.0044,0.4149,86,-0.0604,-0.0579,106,0.06,0.325,6,0.5,,80,-0.0244,0.1765,107,0.1444,-0.0894,273,-0.0068,-0.0392,1476,0.006,-0.0116,429577,0.0038,-0.0743,447,0.0241,0.2525,0.3138,0.0408,-0.1738,0
202502,19179,"wapello, ia",152950,-0.0258,-0.0283,113,0.0089,1.0545,85,-0.034,0.118,30,0.3636,0.1538,0,,,18,-0.1,-0.1,32,0.1852,-0.1467,125,-0.0031,0.0888,1240,0,-0.1494,178214,-0.0236,-0.0609,146,0.043,0.5989,0.2832,0.0421,-0.3986,0
202502,26077,"kalamazoo, mi",324950,0.0656,-0.0151,327,-0.079,0.0583,57,-0.0988,0.0962,186,0.1341,0.0333,2,,0,96,0.0435,0.0909,285,0.1449,-0.0356,159,0.0246,-0.0333,1827,0.0091,-0.0016,408172,0.0356,-0.0334,610,0.0099,0.0099,0.8714,0.1704,-0.0849,0
202502,12109,"st. johns, fl",539950,0.0093,-0.0183,2542,0.1064,0.2541,67,-0.1677,0.1453,936,0.0152,-0.1017,90,-0.2742,-0.375,1044,0.2578,0.305,841,0.1853,-0.2998,277,0.0028,0.0073,1917,0.0181,-0.0458,749277,0.0155,-0.0007,3376,0.1261,0.0498,0.3308,0.022,-0.2617,0
202502,55081,"monroe, wi",234925,-0.041,-0.1201,53,-0.094,0.2771,61,0.0383,0.0083,20,-0.0909,0,0,,,22,-0.0833,1.2,38,0.4706,0.3393,160,0.0064,0.0013,1620,-0.0259,0.0023,296018,-0.0187,-0.1842,90,0.0651,0.3043,0.7075,0.2716,0.0328,1
202502,12049,"hardee, fl",340550,-0.0539,-0.1589,55,0.0185,0.5714,87,-0.0495,0.3156,18,1.25,0.125,0,-1,,14,-0.2222,1.3333,22,0.5714,0.2941,201,0.041,0.0254,1695,-0.0268,-0.1759,442177,-0.019,-0.0277,74,0.0809,0.4135,0.4,0.1407,-0.0857,1
202502,18097,"marion, in",251250,-0.0337,-0.0166,1757,-0.0446,0.2627,65,-0.0845,0.0156,970,0.1439,-0.0281,26,0.0833,0.1818,806,0.1257,0.3661,1073,0.2537,-0.1284,145,-0.0017,-0.0001,1798,-0.0138,-0.0265,321807,-0.0138,-0.0443,2827,0.0496,0.0788,0.6104,0.1452,-0.2739,0
202502,48247,"jim hogg, tx",85000,0,-0.2419,18,0.129,0.2069,170,0.1207,0.0989,2,-0.5,,0,,,6,0.5,,2,0.5,0.5,75,0.0134,-0.0202,1124,-0.0079,-0.3095,106208,-0.0131,-0.1426,19,0.1515,0.2667,0.0857,0.0212,0.0167,1
202502,48451,"tom green, tx",289925,-0.0002,0.0067,663,0.0959,0.7586,52,-0.2464,-0.0796,188,0.175,0.093,0,-1,-1,152,0.2258,0.1692,20,-0.4118,-0.7368,165,0.0168,0.0193,1775,0.0065,0.0201,354658,0.013,-0.0231,683,0.0689,0.5178,0.0302,-0.026,-0.1714,0
202502,27025,"chisago, mn",408725,0.0221,-0.0353,114,-0.1593,-0.0173,39,-0.0774,-0.2439,38,-0.3667,-0.1739,4,0,,22,-0.2143,0.1,68,0.2035,0.088,255,0.0011,-0.0646,1669,0.0135,0.0609,465285,0.0353,-0.017,181,-0.0597,0.014,0.5991,0.1806,0.058,0
202502,21105,"hickman, ky",147500,-0.2099,-0.4597,2,-0.7333,-0.2,120,-0.0476,0.7266,0,,-1,0,,,0,,,5,1,0.6667,81,-0.041,-0.341,1641,-0.206,-0.2752,142480,-0.2825,-0.5012,7,-0.2632,0.2727,2.5,2.1667,1.3,1
202502,47011,"bradley, tn",349225,-0.0027,-0.0297,326,-0.062,0.1128,67,-0.1294,0.1208,138,0.1311,0.0455,0,-1,-1,114,0.1633,0.0556,182,0.0997,0.0111,203,-0.0137,0.0272,1811,0.0233,-0.0254,441687,-0.0038,-0.0037,503,-0.002,0.0668,0.5591,0.0822,-0.0562,0
202502,50019,"orleans, vt",360475,0.0169,0.0183,95,-0.0995,0.7431,132,0.1401,0.3634,12,-0.5,-0.4,0,,,8,-0.2,0.3333,30,0.0526,0.1321,206,0.0957,-0.1029,1814,0.0067,0.1416,466435,0.025,0.0114,127,-0.0524,0.5617,0.3158,0.0456,-0.1704,0
202502,45039,"fairfield, sc",403750,-0.0128,0.0295,41,0,0.2656,85,0.0271,0.1107,10,-0.375,0.6667,0,,,16,1,0.6,16,0.1071,-0.4833,181,-0.0269,-0.0971,1728,-0.1128,0.0441,514033,-0.0122,-0.1043,56,0.0275,-0.104,0.3827,0.037,-0.5548,0
202502,56031,"platte, wy",368750,-0.0167,0.2322,48,-0.0103,0.0323,120,0.1062,0.1769,4,-0.3333,-0.3333,0,,,4,0,1,4,0.1667,-0.5333,178,-0.0363,0.1655,2128,-0.0012,-0.0028,646414,0.0114,0.3075,50,-0.0196,-0.0566,0.0729,0.0111,-0.0884,0
202502,48227,"howard, tx",241000,0.0711,0.0653,143,0.0401,0.14,87,0.0146,0.0116,46,0.9167,0.4375,0,,,38,0.9,0,16,0.2308,-0.3333,127,0.0113,0.0058,1821,0.0406,-0.0138,252484,-0.0174,0.0201,160,0.0702,0.0738,0.1123,0.0174,-0.0797,0
202502,16059,"lemhi, id",499997,-0.0431,-0.2169,46,0.0964,0.5167,136,0.084,0.0265,12,0.2,0.5,0,,,0,-1,-1,6,-0.0833,0.2222,279,-0.0559,0.0819,2261,0.0154,0.1116,882570,-0.0143,0.2931,51,0.0625,0.4366,0.1209,-0.0237,-0.0291,1
202502,12115,"sarasota, fl",474950,0.0241,-0.0813,6230,0.1499,0.2488,63,-0.0667,-0.0079,2072,-0.0086,0.146,44,-0.3714,-0.5111,2850,0.3038,0.1409,1522,0.2569,-0.0818,285,0.0047,-0.0657,1687,0.0066,-0.0052,905870,0.0123,-0.0792,7750,0.17,0.1663,0.2442,0.0208,-0.0879,0
202502,29037,"cass, mo",399900,0.0029,0.081,254,0.014,0.1763,75,-0.0325,-0.1131,122,0.5641,-0.0469,12,,2,54,0.1739,-0.0357,198,0.1892,0.1,203,-0.0011,0.0587,1929,-0.0565,0.0014,507045,-0.0478,-0.0111,451,0.0829,0.1434,0.7811,0.1151,-0.0542,0
202502,51590,"danville, va",182400,0.0208,0.0975,125,0.0205,0.3175,72,0.1474,0.1206,48,0.7143,0,0,,-1,28,-0.125,0.1667,37,-0.0513,-0.3333,124,-0.0137,0.0983,1506,0.004,0.0169,225482,0.0246,0.0747,161,0,0.0736,0.2972,-0.0225,-0.2901,0
202502,51125,"nelson, va",399670,-0.0673,-0.0864,76,-0.0443,-0.0621,73,-0.0299,-0.107,24,-0.3333,-0.3684,0,,,12,-0.25,-0.1429,37,0.3273,-0.0135,278,0.0344,0.0448,1364,-0.0905,-0.0513,580348,-0.0563,-0.0109,112,0.0667,-0.0218,0.4834,0.1353,0.0238,0
202502,06011,"colusa, ca",526285,-0.0031,0.0092,30,-0.0923,0,72,-0.1921,-0.3141,12,0.5,1,0,,,4,-0.3333,0,12,0.2632,0.6,247,-0.0083,0.0485,2350,-0.0059,0.1101,938531,0.0557,0.1878,41,-0.0241,0.125,0.4068,0.1145,0.1525,1
202502,51775,"salem, va",366600,-0.0599,-0.0782,38,0.1014,-0.2165,52,-0.2509,-0.4585,34,1.4286,0.7,2,,,8,1,-0.5556,28,0.098,-0.2222,192,-0.0493,-0.0505,1795,0.0894,-0.0538,388454,0.0408,-0.0289,66,0.0826,-0.2249,0.7368,-0.0023,-0.0054,0
202502,04023,"santa cruz, az",384500,-0.0194,-0.0065,279,0.0549,0.4209,80,-0.0616,-0.1304,78,0.2581,0.625,2,-0.5,,48,0.0909,-0.04,66,0.32,-0.1141,209,-0.0111,0.031,1815,0.0057,-0.0288,829845,-0.0195,-0.0583,346,0.1125,0.2697,0.237,0.0476,-0.1431,0
202502,45059,"laurens, sc",296793,0.0449,0.0012,190,0.1313,0.4195,61,-0.1615,0.4878,88,0.1892,0.1579,10,0.25,1.5,64,0.28,1.4615,110,0.3333,0.2865,153,0.0003,-0.0994,1779,0.014,0.0324,328977,0.0056,-0.0946,299,0.2284,0.3788,0.5805,0.0879,-0.06,0
202502,38067,"pembina, nd",192100,0.0335,0.0946,10,-0.2083,-0.2083,137,0.22,0.6195,6,0.5,0.5,0,,,0,,,5,1.5,-0.1667,79,-0.0313,0.169,2434,0.0193,0.0142,186509,-0.1183,0.1533,14,0,-0.2,0.5263,0.3596,0.0263,0
202502,48375,"potter, tx",226500,0.0067,-0.031,403,0.0834,0.1944,48,-0.3107,-0.0981,130,0.3,0.0317,4,,0,138,0.3269,0.4375,85,0.1818,-0.1675,136,-0.0143,-0.0507,1700,-0.0066,0.0199,320944,-0.0181,-0.0103,491,0.1046,0.1313,0.2099,0.0175,-0.0912,0
202502,30023,"deer lodge, mt",296000,-0.01,-0.1549,46,0.0111,0.1818,124,0.06,-0.1254,6,-0.25,-0.4,0,,,6,0.5,,6,-0.0769,-0.0769,213,0.0121,-0.1421,1359,-0.0022,-0.0293,530840,-0.0024,-0.1966,51,-0.0097,0.1333,0.1319,-0.0126,-0.037,1
202502,21073,"franklin, ky",325675,-0.0368,0.0859,104,-0.1191,0.5109,83,0.2132,0.336,60,0.6667,0.0714,4,,,28,-0.2222,0.0769,72,0.1613,0.036,173,0.0161,0.0808,1891,-0.0274,0.0834,371263,-0.0152,0.1381,177,-0.0248,0.2873,0.6957,0.168,-0.3189,0
202502,47023,"chester, tn",267400,-0.0779,-0.1641,56,0.0183,1.0556,83,0.103,0.4435,18,0,-0.1,0,,-1,12,0.2,0.2,17,0.1379,0.9412,156,-0.0263,-0.0476,1949,-0.0379,-0.0352,415417,-0.0802,0.0289,73,0.0741,1.0423,0.2973,0.0312,-0.0175,1
202502,18029,"dearborn, in",307175,-0.0238,-0.1696,72,0.1,0.625,40,-0.3902,0.288,56,1.1538,0.1667,0,,,28,0.2727,1.3333,19,0.0882,-0.1778,158,-0.0577,0.0492,1953,0.0177,-0.0807,404012,0.0321,-0.119,92,0.1288,0.4264,0.2587,-0.0028,-0.2526,1
202502,40139,"texas, ok",239500,-0.0274,0.0644,47,-0.0792,0.2078,118,-0.0486,0.0173,8,1,0,0,,,8,1,1,13,-0.3056,-0.4048,116,-0.0709,-0.0555,1968,-0.016,0.16,251655,-0.0604,0.0287,59,-0.1061,0.0085,0.2688,-0.0876,-0.2766,0
202502,27065,"kanabec, mn",365000,0.0738,0.0211,13,0.1818,-0.3333,61,-0.0394,-0.6058,12,2,0.5,0,,,0,-1,-1,10,-0.3667,-0.1739,194,0.1743,0.0115,2083,0.0311,0.1043,404523,0.1201,0.037,23,-0.1154,-0.2333,0.7308,-0.6329,0.141,1
202502,18033,"dekalb, in",308900,-0.0344,0.0542,54,-0.0932,-0.0183,52,-0.037,-0.0048,44,0.4667,0.2222,0,,,24,0,-0.0769,48,0.2468,-0.2381,172,0.0538,0.0236,1850,-0.0547,0.0725,348131,-0.099,0.0324,101,0.0308,-0.1447,0.8972,0.2447,-0.2588,0
202502,48025,"bee, tx",187200,-0.0617,-0.0741,83,-0.012,-0.1081,109,0.1179,0.2749,16,0,-0.3846,0,,,20,1,0.6667,11,-0.2222,-0.3824,123,-0.0245,-0.007,1554,0.014,0.019,227780,-0.0278,-0.0877,93,-0.0314,-0.1629,0.1273,-0.0344,-0.0565,0
202502,20191,"sumner, ks",149000,-0.0476,0.1203,50,-0.0099,0,62,-0.1419,0.3552,22,0.1,0.2222,0,,,28,1.8,1.8,20,0.1765,-0.0476,90,0.0399,0.0648,1581,-0.1707,-0.0341,429330,-0.0408,-0.0043,71,0.0368,-0.007,0.4,0.0634,-0.02,0
202502,20079,"harvey, ks",206700,0.0466,-0.0647,54,0.0808,0.2159,61,-0.1037,0.1524,28,0.75,0,0,,,8,0,-0.5556,27,0.1042,-0.3291,114,0.07,-0.0639,1735,-0.0876,-0.028,239523,0.0085,-0.022,80,0.1111,-0.0303,0.4953,0.0105,-0.4024,0
202502,51051,"dickenson, va",222000,0.1532,0.9304,19,0.0556,2.1667,70,-0.4191,-0.3427,4,-0.5,,0,,,2,,0,9,0.0588,2.6,128,0.1771,0.4302,1513,-0.0256,0.0509,263530,0.0682,0.641,29,0.0943,2.4118,0.4737,0.0015,0.057,1
202502,49037,"san juan, ut",524450,0.0601,-0.0647,29,0.2391,0.1176,71,-0.3897,-0.5533,8,1,1,0,,,4,1,0,6,-0.1429,-0.5385,266,0.0349,0.0319,2074,-0.003,-0.12,868519,0.0084,0.1359,35,0.1475,-0.1026,0.2105,-0.0938,-0.2993,1
202502,20159,"rice, ks",175000,0,0.0608,28,0.1915,0.3023,75,0.4752,-0.1287,6,0.5,-0.625,0,,,4,-0.3333,0,5,-0.3077,-0.5263,108,-0.0762,0.2567,1569,0.0618,-0.0554,171055,-0.042,-0.0115,33,0.1017,0.0484,0.1607,-0.1159,-0.2811,0
202502,46127,"union, sd",427225,0.0371,-0.1058,50,0.0526,0.2346,67,-0.098,0.0943,18,0.125,-0.1,0,,,6,0,2,8,0,-0.2381,174,-0.0077,0.0097,2582,0.033,-0.087,657272,0.1125,-0.0151,59,0.0446,0.1359,0.16,-0.0084,-0.0993,1
202502,26127,"oceana, mi",286150,0.0346,-0.0298,62,-0.1448,0.2525,120,0.2973,0.3559,12,0.2,-0.4,0,,,6,-0.5714,-0.4,33,0.2745,0.3265,161,0,-0.1727,1468,-0.0076,-0.1682,324103,0.067,-0.2214,94,-0.0359,0.2789,0.5242,0.1725,0.0292,0
202502,48123,"dewitt, tx",235000,0,0.1126,50,0.0417,-0.0566,106,0.0291,0.1522,14,2.5,-0.2222,0,,,6,-0.75,-0.25,14,0.12,2.5,142,-0.0165,-0.0057,1825,0.1156,0.129,356724,0.0295,0.1814,64,0.0496,0.114,0.28,0.0196,0.2045,0
202502,46107,"potter, sd",258000,-0.1073,-0.5513,3,0,2,100,0.2771,-0.1883,0,,,0,,,0,,,1,0,0,189,-0.1526,0.2107,1451,0.1192,-0.6063,289500,-0.0896,-0.4965,4,0,1,0.3333,0,-0.6667,1
202502,31167,"stanton, ne",241500,-0.0102,-0.0034,11,-0.1538,0,106,0.1467,0.2945,4,1,1,0,,,4,,1,6,-0.2,5,157,0.0628,0.1184,1602,-0.0976,-0.0773,301464,-0.0112,0.1732,16,-0.225,0.3478,0.5455,-0.0315,0.4545,1
202502,17015,"carroll, il",219000,0.0816,0.5676,47,0.0217,0.3429,69,-0.2865,-0.1697,16,1.6667,0.6,0,,,12,1,1,18,0.2,0.7143,121,-0.0481,0.3101,1946,0.0506,0.0841,342382,0.0304,0.0903,65,0.075,0.4494,0.383,0.0569,0.083,1
202502,26157,"tuscola, mi",184950,-0.0974,0.2168,90,-0.1268,0.1933,81,0.1211,0.0452,24,-0.3333,-0.25,0,,,30,0.0714,0.25,43,-0.1237,0.3934,125,-0.0283,0.1521,1522,0.0143,0.0644,233917,-0.0052,0.2284,129,-0.1168,0.2476,0.4749,0.0017,0.0682,0
202502,37053,"currituck, nc",659125,-0.0342,0.009,300,0.0772,0.5504,85,-0.0395,0.1806,78,-0.0488,-0.1333,0,-1,,64,0.7778,0.4545,103,0.0899,-0.0804,292,-0.0108,0.0072,2527,0.0238,0.0022,1033411,-0.0162,0.0144,395,0.0838,0.3283,0.3433,0.004,-0.2355,0
202502,13213,"murray, ga",329900,0.0159,0.1184,91,0,0.521,71,0.0637,0.0107,22,-0.1538,-0.2143,0,,,28,0.1667,0.75,29,0.2889,-0.275,184,0.0111,0.0489,1676,-0.0132,-0.0193,417426,0.0189,-0.0636,118,0.0398,0.224,0.3204,0.0718,-0.3518,0
202502,41067,"washington, or",620000,0,-0.0386,1102,0.0023,0.3786,62,-0.1424,0.2865,518,-0.1452,0.0747,140,0.25,0.0448,576,0.0992,0.3714,701,0.2247,-0.0168,308,0.0003,-0.0282,1961,-0.0062,-0.0431,688222,-0.0048,-0.0991,1802,0.0784,0.189,0.636,0.1155,-0.2558,0
202502,34013,"essex, nj",549924,-0.0056,0.0998,581,0.0497,0.1632,33,-0.3654,0.082,412,0.241,0.1381,12,,0.5,68,0.3077,0.1333,371,0.1578,0.0095,334,0.0205,0.0694,1984,0.0685,0.0859,913789,-0.0084,0.1382,927,0.1095,0.0957,0.6377,0.0596,-0.097,0
202502,29201,"scott, mo",162000,0.0513,0.297,85,0.1039,-0.0608,73,0.0069,0.058,28,0.1667,-0.125,0,,,22,-0.0833,0.1,29,0.1633,0.1176,103,0.1431,0.0795,1680,0.1036,0.3085,188858,0.0935,0.0207,114,0.1127,-0.013,0.3353,0.0171,0.0535,0
202502,19111,"lee, ia",129650,-0.0019,-0.033,93,0.0221,0.713,65,-0.1275,-0.0038,32,0.7778,0.4545,0,,,16,1,0.3333,31,0.1091,-0.1528,91,-0.0154,-0.0152,1441,-0.0012,-0.0043,171498,0.0165,-0.0074,122,0.0383,0.3785,0.3297,0.0259,-0.3369,0
202502,22013,"bienville, la",145000,-0.0638,0.5271,18,0.0588,0.44,114,0.1368,-0.0749,4,,1,0,,,0,,-1,2,1,-0.7647,101,0.0299,0.5173,1702,-0.0502,-0.0126,162357,-0.0203,0.1551,20,0.1111,0.0256,0.1111,0.0523,-0.5689,1
202502,48005,"angelina, tx",277220,-0.0273,-0.0437,315,0.0643,0.2382,85,0.0305,0.2803,80,0.3333,-0.0244,0,-1,,86,0.1622,0.5357,63,0.2376,-0.247,150,-0.0165,-0.033,1803,-0.0119,0.0025,339454,-0.0325,0.0306,377,0.0928,0.1304,0.1987,0.0278,-0.128,0
202502,12067,"lafayette, fl",484500,-0.0411,0.0719,17,0.4167,-0.1053,41,-0.434,-0.5863,4,1,-0.5,0,,,6,,0,2,-0.5714,-0.625,218,-0.0416,-0.2773,2156,0.1229,0.3059,471118,0.008,-0.323,19,0.2333,-0.1778,0.0882,-0.2034,-0.1223,0
202502,30021,"dawson, mt",199375,-0.0006,-0.1163,39,-0.0494,-0.125,75,-0.0566,-0.3658,4,0,-0.5,0,,,8,0,1,6,1,-0.2941,102,0.0084,0.006,2200,0.0204,-0.0475,233813,0.0245,-0.1332,45,0.023,-0.1442,0.1558,0.0818,-0.0373,1
202502,18169,"wabash, in",183675,-0.0264,0.001,36,-0.1647,-0.1341,68,0.1886,0.9085,22,0,-0.3529,0,,,20,0.6667,0,36,0.2857,0.5,130,0.0623,0.1018,1642,0,0.0204,222509,-0.0131,0.1579,71,-0.007,0.0923,1.0141,0.3553,0.4287,0
202502,28025,"clay, ms",226000,0.1942,0.2563,28,0.0784,-0.0678,77,-0.1676,-0.2222,16,0.6,1,0,,,8,1,,7,-0.1765,1,114,0.0459,0.0074,2052,0.2118,0.0706,305130,0.093,0.1779,35,0.0294,0.0448,0.2545,-0.0788,0.1359,1
202502,29143,"new madrid, mo",160975,0.0836,0.3143,40,-0.0247,0.2344,86,0.1735,-0.2141,8,-0.5556,0.3333,0,,,8,0,1,12,0.4118,0.6,111,-0.0021,0.2567,1697,0.0175,0.3216,174858,0.0897,0.1435,50,0.0532,0.2532,0.3038,0.0939,0.0694,0
202502,48167,"galveston, tx",409500,0.0109,0.0238,2939,0.0534,0.3544,73,-0.0701,0.0977,894,0.4704,0.1732,90,-0.1,0.4516,718,0.2509,0.1581,596,0.204,0.0214,252,0.0238,-0.0316,1701,-0.007,0.0114,530120,0.0125,0.0155,3527,0.0748,0.2835,0.2028,0.0254,-0.0661,0
202502,45083,"spartanburg, sc",309423,0.013,-0.0114,1351,0.0309,0.2226,55,-0.1971,0.134,658,0.1964,0.0061,48,-0.3143,-0.4,522,0.1106,0.2609,778,0.2043,0.0942,171,0.0155,0.0346,1834,-0.005,-0.0488,366676,-0.0015,-0.0125,2119,0.0923,0.1783,0.5759,0.0829,-0.0676,0
202502,06025,"imperial, ca",389950,0.0162,0.0835,163,0.0831,0.4174,58,-0.068,0.0402,90,0.8,0.0465,4,-0.3333,0,40,0.25,0.5385,99,0.1124,-0.0959,237,0.0224,0.073,1633,0.0381,0.0468,496783,0.1972,0.3244,265,0.1021,0.1729,0.6074,0.016,-0.3448,0
202502,37025,"cabarrus, nc",410000,-0.0237,0.038,526,0.0813,0.5079,59,-0.1128,0.4937,258,0.075,0.0078,8,-0.8667,-0.8333,294,0.3868,1.1304,308,0.2602,-0.2095,214,0.0038,-0.0313,1925,-0.0107,0.0707,477678,-0.0021,0.0949,827,0.1329,0.1244,0.5852,0.0831,-0.5311,0
202502,46025,"clark, sd",298000,0.2957,0.8637,7,0.1818,0.3,59,-0.3763,-0.5699,2,0,,0,,,0,,,1,0,0,104,0.2831,0.377,2752,0.0377,0.1898,297743,0.1163,0.4948,8,0.3333,0.3333,0.1538,-0.028,-0.0462,1
202502,26095,"luce, mi",191250,0.0759,0.7799,23,-0.0217,1.25,106,0.1921,-0.241,2,-0.5,,0,,,2,,,7,0.625,0.1818,184,0.3434,0.1424,1244,-0.0478,-0.233,342589,0.0503,-0.1893,29,0.0741,0.9333,0.2889,0.115,-0.2611,1
202502,30027,"fergus, mt",385000,-0.042,-0.2817,47,0.022,0.7885,145,0.0509,0.0433,4,-0.5,-0.3333,0,,-1,2,0,-0.5,1,0,-0.5,194,-0.0224,-0.1832,1700,-0.0035,-0.1717,724146,-0.0538,0.1401,47,0.0108,0.6786,0.0215,-0.0005,-0.0554,1
202502,02198,"prince of wales-hyder census area, ak",375000,-0.1667,0.2755,23,0.1795,0.3529,168,-0.0318,0.4955,0,-1,-1,0,,,0,,-1,0,-1,-1,260,0.0268,0.2594,1500,-0.0826,0,463343,-0.08,0.0764,23,0.0455,0.1795,0,-0.1282,-0.1471,1
202502,27017,"carlton, mn",302500,0.0083,-0.0358,30,-0.0476,-0.0476,41,-0.5568,-0.374,24,2,0.3333,0,,,4,1,-0.6,25,0.1628,-0.0566,226,0.0227,0.0916,1568,-0.0076,0.0208,349371,0.0379,0.0794,53,-0.0093,-0.045,0.8333,0.1508,-0.0079,0
202502,48241,"jasper, tx",267250,-0.0102,0.0605,249,0.0122,0.1194,101,-0.0605,0.0978,34,-0.4138,-0.3929,0,,-1,38,0,-0.05,28,0,0.5278,149,-0.0308,0.0213,1819,0.001,0.0472,361224,-0.0318,0.0208,275,0.0281,0.1607,0.1107,-0.0014,0.0296,0
202502,48229,"hudspeth, tx",261963,0.0058,0.6633,16,0.3333,1.6667,35,-0.6089,-0.7727,8,1,,0,,,2,,,5,0.125,3.5,171,0.0114,0.1888,1618,-0.0485,0.2597,244116,-0.0336,0.105,21,0.2813,1.9286,0.2813,-0.0521,0.1146,1
202502,29109,"lawrence, mo",224875,-0.005,-0.0113,127,0.0455,0.1767,83,-0.003,0.1906,44,0.8333,0,0,,,24,-0.2,0,44,0.1154,-0.1212,149,0.0129,0.0773,1531,-0.0517,-0.0194,315428,-0.0038,-0.0006,169,0.0464,0.0764,0.3439,0.0216,-0.1166,0
202502,28107,"panola, ms",234250,-0.0229,0.0141,60,0.0625,0.0259,100,0.0338,0.0786,20,0.25,0.25,0,,,12,0.5,0.2,21,0.2424,-0.18,128,-0.0097,-0.0348,1831,-0.0084,-0.0402,308886,-0.0424,0.0171,77,0.0476,-0.0778,0.3445,0.0499,-0.0865,0
202502,40059,"harper, ok",97375,-0.0238,-0.1969,10,-0.05,1.7143,93,0.1491,0.1709,2,,0,0,,,0,,,2,-0.25,0.5,69,-0.0486,-0.2086,1454,0.001,-0.0515,296864,-0.3856,1.4341,11,-0.0435,1.4444,0.1579,-0.0421,-0.1278,1
202502,54051,"marshall, wv",140450,0.0489,0.02,60,0.0171,0.2796,102,0.0384,0.1802,24,1,0.7143,0,,,10,0,0,20,0.0256,0.1111,106,0.057,0.0316,1444,0.0153,0.0056,178721,-0.007,-0.1415,80,0.0127,0.252,0.3361,0.0028,-0.051,1
202502,09110,"capitol planning region, ct",394325,0.038,0.0745,574,-0.0337,0.0484,40,-0.21,0.0533,558,0.1071,-0.0379,14,0.4,0,112,-0.1385,0,853,-0.0047,-0.0047,242,0.0104,0.1256,1668,0.0194,-0.059,487735,0.0043,0.0158,1429,-0.0145,0.0182,1.4865,0.0434,-0.0793,0
202502,31143,"polk, ne",344900,0.5303,0.2906,3,-0.25,-0.5714,43,-0.0811,0.1184,0,-1,-1,0,,,0,-1,,2,-0.4286,-0.6,168,0.0788,0.3831,1636,-0.0627,-0.2288,312966,0.2733,0.1988,5,-0.375,-0.5833,0.6667,-0.2083,-0.0476,1
202502,51191,"washington, va",324725,0.0268,-0.1673,122,-0.0651,0.525,91,0.0674,0.1742,38,0.3571,-0.0952,2,,,34,-0.15,0.1333,43,0.1622,-0.1485,174,-0.0051,-0.0134,1780,-0.0102,-0.1961,396490,-0.0115,-0.3575,167,0.0277,0.2996,0.3525,0.0689,-0.2788,1
202502,54041,"lewis, wv",196225,0.2382,0.4016,26,-0.2273,0.275,98,-0.1176,0.3,8,1,-0.5,0,,,4,0,-0.5,8,0.2308,-0.1111,101,0.0018,-0.0272,1592,-0.0197,0.1503,204984,-0.2915,0.0798,34,-0.1282,0.0968,0.3137,0.1168,-0.1363,0
202502,20039,"decatur, ks",235425,-0.0053,0.2391,9,-0.1,-0.4194,109,0.2802,-0.2278,0,,-1,0,,,0,,-1,1,-0.3333,-0.5,81,0.0828,-0.0422,2258,-0.0322,0.0451,284293,0.0442,0.3434,10,-0.1304,-0.4286,0.1111,-0.0389,-0.0179,1
202502,39075,"holmes, oh",297000,-0.0262,0.2407,30,-0.0923,0.5128,127,0.1991,2.2025,6,0.5,-0.4,0,,,4,1,-0.5,13,-0.2571,0.5294,134,-0.0882,-0.1479,2170,-0.0567,0.3312,271421,-0.1253,-0.1323,44,-0.13,0.5536,0.4407,-0.0978,0.0048,1
202502,08117,"summit, co",1137500,-0.0515,-0.0327,445,-0.0111,0.3224,102,-0.0287,0.0601,128,0.4884,0.1636,2,0,0,74,-0.1778,0.1212,311,0.0114,0.0032,864,0.0001,-0.0311,1274,-0.0491,0.0174,1936738,-0.0051,-0.0836,753,0.0013,0.172,0.6989,0.0155,-0.2224,0
202502,45065,"mccormick, sc",434338,0,-0.0036,60,-0.0403,0.3678,89,0.1087,0.5322,12,0.2,-0.25,0,,,18,0.8,0.8,20,0.4815,0.1429,219,0.0414,0.1618,2077,0.0291,-0.0416,511130,0.0118,0.119,79,0.0464,0.2951,0.3361,0.1184,-0.0662,0
202502,20095,"kingman, ks",165000,0.1841,0.4686,16,-0.1143,0.4091,112,-0.0219,1.645,2,-0.5,-0.5,0,,,0,-1,-1,6,-0.3125,-0.3529,102,0.2291,1.1693,1769,-0.0815,0.0527,234794,0.1264,0.0691,21,-0.1765,0.05,0.3548,-0.1023,-0.4179,1
202502,51111,"lunenburg, va",284000,-0.0502,0.3134,14,-0.0667,0.037,84,0.4714,0.3202,2,-0.5,-0.6667,0,,,0,,-1,13,-0.3056,-0.2857,145,-0.0029,0.0215,2047,-0.0189,0.3002,354937,-0.0033,0.1561,27,-0.1692,-0.1148,0.8929,-0.3071,-0.4034,0
202502,41063,"wallowa, or",488000,-0.002,-0.3019,48,-0.0104,0.2025,142,0.1411,-0.0035,2,-0.6667,-0.8,0,,,4,-0.5,0,8,0.0714,-0.0625,264,0.0022,-0.1654,2081,-0.0366,-0.0517,1094072,0.03,-0.5016,55,-0.0091,0.1474,0.1579,0.0121,-0.0446,1
202502,37175,"transylvania, nc",672500,-0.0317,-0.0182,156,0.0541,0.5072,90,-0.1951,-0.0795,64,0.8824,0.6,2,,,38,0.7273,0.7273,53,0.0938,-0.0708,315,-0.0073,-0.0526,2073,-0.0336,0.0137,1255541,0.0393,0.2831,209,0.0638,0.287,0.3365,0.0122,-0.2094,0
202502,48045,"briscoe, tx",133500,0,0.1893,6,-0.0769,0.5,38,0.0486,-0.7284,0,-1,,0,,,0,,,2,0,-0.3333,62,-0.037,-0.0696,1999,0.0025,0.1371,149345,-0.0028,0.2106,8,0,0.1429,0.3333,0.0256,-0.4167,1
202502,12033,"escambia, fl",329900,-0.0002,-0.0283,1842,0.055,0.2401,82,-0.1323,0.1081,664,0.2388,0.1568,74,-0.0263,0.3704,694,0.3398,0.3295,569,0.1179,-0.0249,194,0.0097,-0.0248,1630,0.0015,-0.01,497307,0.0319,-0.0173,2408,0.0702,0.1656,0.309,0.0174,-0.0839,0
202502,36073,"orleans, ny",234900,0.0879,0.446,38,0.1176,0.3818,80,0.2326,0.4722,10,-0.5455,-0.5,0,,,6,0.5,0.5,44,0,1.2895,119,-0.0059,0.2275,1682,0.0367,-0.0059,227114,0.0658,0.1703,81,0.0318,0.7419,1.1447,-0.1347,0.4538,0
202502,17027,"clinton, il",222400,-0.022,0.1163,39,0.1642,0.7727,60,-0.0442,0.5762,18,1.25,0.5,0,,,10,-0.2857,4,20,0.1471,-0.0714,111,-0.0491,-0.0873,1908,-0.0372,0.0102,252375,-0.0417,-0.006,60,0.1881,0.3953,0.5,-0.0075,-0.4545,0
202502,17097,"lake, il",434725,0.0617,-0.1058,750,-0.0291,0.1802,38,-0.2991,-0.0854,574,0.2008,-0.0801,4,-0.5,-0.7143,154,-0.0128,0.1493,744,0.2423,-0.0139,219,0.0333,0.0068,2096,0.0387,-0.1184,829407,0.0684,-0.0116,1490,0.0872,0.0904,0.9913,0.2166,-0.1951,1
202502,06021,"glenn, ca",406750,-0.0655,0.0732,36,0.0923,0.4792,65,-0.2585,-0.2278,12,0,-0.1429,0,,,10,0.25,1.5,22,0.2647,0.5357,282,-0.051,0.1734,1331,-0.0412,-0.1531,441968,-0.0529,0.0521,57,0.1753,0.4805,0.6056,0.0826,0.0223,0
202502,18157,"tippecanoe, in",381175,-0.0301,0.0241,160,0.0356,0.641,38,-0.2585,-0.24,130,0.1818,0.0484,4,,,68,0.2143,0.619,147,0.149,-0.0548,180,0.0316,0.0642,2198,-0.0104,0.0522,423335,0.06,0.0672,302,0.073,0.1964,0.9156,0.0904,-0.6741,0
202502,53001,"adams, wa",362250,0.0063,-0.0071,34,-0.1299,-0.1299,120,-0.0144,0.1915,4,-0.5,-0.7143,0,,,10,-0.375,1.5,21,0.1053,0.1351,195,-0.0551,-0.0292,2117,0.181,0.2163,420175,0.0322,0.0492,55,-0.0354,-0.0522,0.6269,0.1334,0.1463,1
202502,21231,"wayne, ky",255925,0.0479,0,56,0.1089,0.2727,96,0.0909,0.1098,12,-0.25,-0.4,0,,,10,-0.2857,0.6667,16,0.4762,0.1481,152,0.0099,0.1559,1951,0.0337,-0.0349,300370,0.049,-0.1188,72,0.1803,0.2414,0.2768,0.0689,-0.03,0
202502,46049,"faulk, sd",119625,-0.0497,0.7114,2,0.5,0.5,184,0.1849,0.7632,0,,,0,,,0,,,,,,93,-0.0369,2.1392,1340,0,-0.4339,119625,-0.0497,0.7114,2,0.5,-0.25,,,,1
202502,12133,"washington, fl",259800,0.0152,-0.1999,93,0.0814,0.6316,75,0.1577,0.2137,36,0.2857,0.3846,4,-0.6,,16,-0.4286,-0.3333,36,0.0758,0.2241,164,-0.0155,-0.0733,1620,-0.0092,-0.0752,320213,0.0489,-0.113,127,0.0672,0.503,0.3817,-0.002,-0.1271,1
202502,22011,"beauregard, la",249675,0.0083,-0.0487,145,-0.0334,0.296,115,0.0337,0.4511,34,0.0625,-0.1053,0,,,26,-0.3158,0.1818,34,0.0149,-0.1053,131,-0.0065,-0.021,1858,0.0055,-0.0386,279430,-0.0942,-0.2076,178,-0.0166,0.2027,0.2353,0.0112,-0.1055,0
202502,27049,"goodhue, mn",344213,-0.0162,0.0513,76,-0.1163,0,59,-0.135,-0.0207,36,0.125,-0.28,0,,,20,0.6667,0.1111,56,0.3333,0.037,190,0.0312,0.106,1794,-0.0335,-0.0478,377520,-0.0182,-0.0268,132,0.0233,0.0273,0.7368,0.2485,0.0263,0
202502,46069,"hyde, sd",370000,0,,1,0,,161,0.2113,,0,,,0,,,0,,,,,,190,0,,1952,0,,370000,0,,1,0,,,,,0
202502,12043,"glades, fl",341225,0.0302,0.0217,61,0.0167,0.2842,92,-0.0214,-0.0368,12,0.2,0.5,0,,,12,-0.3333,0.5,13,0.1818,-0.2778,221,-0.0079,0.0185,1558,0.0383,-0.0596,378758,-0.0059,-0.1507,74,0.0208,0.1221,0.2131,0.0298,-0.1658,0
202502,05115,"pope, ar",269225,-0.0008,0.0179,197,0.0181,0.3776,90,0.0526,0.4118,58,0.0357,0.0357,0,,,72,0.2414,0.7143,63,0.1574,-0.0157,135,-0.005,0.0372,1821,-0.0121,-0.0935,314865,0.0057,-0.0847,258,0.0509,0.2647,0.3173,0.0382,-0.1268,0
202502,05075,"lawrence, ar",140000,-0.0338,-0.0458,42,-0.1158,-0.1515,66,-0.1838,-0.0807,10,-0.1667,-0.375,0,,,4,-0.3333,-0.6,12,0.0952,-0.08,106,0.0645,-0.02,1463,-0.0122,-0.067,184938,0.0362,-0.1098,53,-0.0783,-0.1452,0.2738,0.0528,0.0213,0
202502,31109,"lancaster, ne",406238,0.0281,-0.0005,605,-0.0621,0.2594,48,-0.1284,0.0106,312,0.2188,-0.0311,2,-0.5,-0.5,74,-0.1395,-0.0513,451,0.2189,0.0713,180,0.0125,0.0191,2334,0.0362,-0.0217,484843,0.0251,-0.0044,1060,0.0377,0.1759,0.7461,0.172,-0.131,0
202502,48365,"panola, tx",244900,-0.0142,-0.1834,67,0.1754,0.0984,80,-0.1846,-0.1632,24,0.7143,0.2,0,,,10,-0.2857,-0.5833,12,0.4375,0.0455,133,0.0565,-0.1638,1875,0.0007,-0.0709,321539,0.0154,-0.2407,79,0.2171,0.0903,0.1716,0.0313,-0.0087,1
202502,08081,"moffat, co",329000,0,-0.0784,74,0.0352,0.75,173,-0.0362,0.3075,20,1,0.4286,0,,,8,0.3333,0.3333,16,0.069,-0.38,228,-0.0072,0.1445,1368,-0.0371,-0.209,726600,-0.1907,0.1225,89,0.0533,0.3485,0.2109,0.0067,-0.3844,0
202502,13035,"butts, ga",323573,-0.0089,0.0092,94,0.1065,0.1,57,-0.3616,-0.1172,48,1.4,0.8462,0,,,28,0.5556,0.0769,33,-0.0435,-0.0149,170,-0.0047,-0.0123,1824,-0.0311,-0.0699,447466,-0.0344,-0.0345,127,0.0539,0.0717,0.3529,-0.0553,-0.0412,1
202502,21233,"webster, ky",220900,0.0446,0.3636,18,-0.0541,0.5217,118,0.2904,2.5682,0,-1,-1,0,,,6,-0.4,,5,0.1111,0.25,97,-0.0836,-0.0319,1818,0.0183,0.0151,209365,-0.0719,0.0867,22,-0.0435,0.5172,0.2857,0.0425,-0.0621,1
202502,29047,"clay, mo",451500,0.0565,-0.0584,366,-0.1159,-0.1518,79,0.0972,0.0897,268,0.6341,-0.0563,4,-0.5,-0.6,86,-0.3281,-0.3582,434,0.1844,0.0433,198,0.0259,-0.0201,2340,0.0196,-0.048,485865,0.0305,-0.0452,795,0.0206,-0.0636,1.1844,0.3004,0.2215,0
202502,38027,"eddy, nd",499999,0.548,0.5097,3,0.2,0.5,98,0.3754,-0.06,0,,,0,,,0,-1,,,,,153,0.309,0.27,3264,0.4317,0.3443,587333,0.3421,0.2803,3,0,0,,,,1
202502,40151,"woods, ok",134875,-0.0616,0.2289,65,0.0238,0.4828,154,-0.0767,0.2429,10,-0.1667,1.5,0,,,8,-0.5,3,5,-0.0909,0.25,81,-0.0663,0.0443,1601,-0.0071,0.0749,173860,-0.0229,0.2221,70,0.0294,0.4737,0.0775,-0.0098,-0.0144,1
202502,55137,"waushara, wi",299900,-0.0662,0.206,45,-0.101,0.0595,83,0.1522,0.1404,12,-0.4,-0.5385,0,,-1,8,-0.2,-0.3333,22,-0.1042,-0.14,196,0.0184,0.196,1520,-0.1073,0.0892,384806,0.0129,0.2962,66,-0.0897,-0.0149,0.4831,-0.0017,-0.1121,0
202502,27037,"dakota, mn",459725,0.0331,-0.0244,598,-0.0269,0.182,38,-0.2963,0.0411,468,0.2062,-0.0331,18,-0.25,0.2857,140,-0.1667,0.2069,512,0.2673,-0.1203,206,0.0004,0.0004,2088,0.0126,-0.0491,524223,0.0412,-0.008,1110,0.0851,0.0212,0.8569,0.1989,-0.2944,0
202502,05053,"grant, ar",239050,-0.0033,0.1058,47,-0.0105,0.4462,82,0.0682,0.5023,20,0.25,-0.1667,0,,,14,1.3333,0.1667,17,0.375,-0.3125,137,-0.0104,0.0999,1825,0.0027,-0.0477,288653,0.0069,0.131,64,0.0763,0.1239,0.3511,0.0984,-0.3874,0
202502,48453,"travis, tx",574973,0.0232,-0.0965,4081,0.0793,0.1768,63,-0.2364,0,1644,0.1448,-0.0573,50,-0.3421,-0.5614,1406,0.1717,0.1019,1362,0.2118,0.9163,337,0.0212,-0.0346,1907,0.0051,-0.0443,962739,0.0248,-0.0655,5434,0.1092,0.3026,0.3336,0.0365,0.1287,0
202502,51117,"mecklenburg, va",323700,-0.0071,-0.131,100,0.0638,0.1364,75,-0.0354,-0.0536,40,0.6667,0,0,,,12,-0.25,-0.4,47,0.069,-0.1545,199,0.0341,-0.0471,1671,-0.0111,-0.009,443595,-0.0299,-0.0362,145,0.0704,0.0285,0.465,0.0022,-0.16,1
202502,17095,"knox, il",109900,-0.0002,0.1575,92,0.0281,0.3456,68,0.0263,-0.1802,42,0.1053,0.2353,0,,,22,0.375,0.2222,45,0.0588,0.25,88,0.0233,0.1404,1451,0.0249,0.0488,158997,0.0527,0.1017,137,0.0379,0.3173,0.4918,0.0143,-0.0376,0
202502,54023,"grant, wv",259900,0,0.0355,25,0,0.96,101,-0.0098,0.6792,2,-0.6667,-0.5,0,,,0,-1,-1,9,0.2,1.25,161,0.057,0.0304,1744,-0.0147,0.1429,365831,0.048,0.3371,33,0.0476,1.0625,0.3673,0.0612,0.0473,0
202502,47085,"humphreys, tn",326000,0.0312,-0.1449,65,-0.0441,0.3265,103,0.2059,0.1453,30,1.1429,2,0,,,16,-0.2,0.1429,27,0.5143,1.4091,207,0.0117,-0.0224,1754,0.0723,-0.1238,414976,0.0066,-0.2044,90,0.0526,0.5126,0.4077,0.1503,0.1832,1
202502,29015,"benton, mo",267175,-0.0221,0.0582,105,-0.0187,0.1798,108,0.0934,0.1671,16,0.1429,-0.5294,0,,,10,-0.375,-0.5,33,0.4444,0.1818,163,-0.0394,-0.0035,1594,-0.0177,-0.0038,337793,-0.0479,0.0219,138,0.07,0.1905,0.3095,0.0992,0.0005,0
202502,37161,"rutherford, nc",399800,0.0005,0.1423,246,0.038,0.5185,89,-0.0585,0.2465,76,0.1515,0.2667,0,,,48,-0.0769,-0.1429,63,0.0684,-0.2188,235,0.0026,0.1425,1699,0.0489,-0.0351,531393,-0.0129,0.0902,309,0.0475,0.2742,0.2541,0.0072,-0.2398,0
202502,26021,"berrien, mi",360000,-0.0113,0.1805,333,-0.0089,0.2888,84,0.0401,0.2166,136,0.1333,0.0462,2,0,,86,0.2647,0,185,0.0249,-0.0537,189,0.0079,0.0403,1922,0.0081,0.1014,642793,0.0011,0.0648,519,0.0078,0.1433,0.5564,0.0184,-0.2014,0
202502,28061,"jasper, ms",198125,0.0306,-0.1291,28,0.0185,-0.0517,96,0.1202,-0.1435,4,0,0,0,,,6,2,-0.25,8,0,1,151,0.0184,0.0396,1621,0.0263,-0.0684,316916,0.0762,-0.0064,35,0,0.0606,0.2909,-0.0054,0.153,1
202502,18091,"laporte, in",256000,-0.0133,0.0261,220,0.0354,0.1865,68,0.0382,-0.2047,116,0.2889,0.2609,2,0,-0.5,62,-0.1622,0.6316,112,1.3093,0.7638,155,-0.0031,0.0213,1599,-0.0492,-0.0962,342715,-0.0251,-0.1671,328,0.2615,0.3146,0.5103,0.2815,0.167,0
202502,12107,"putnam, fl",312000,0.023,-0.0134,330,-0.0045,0.5313,95,-0.0889,0.344,60,-0.2105,-0.2683,4,1,0,112,0.2174,0.931,78,0.0764,0.0473,208,-0.0181,-0.0056,1611,0.0307,0.0322,417020,-0.002,-0.0565,406,0.0137,0.4097,0.2348,0.0177,-0.1085,0
202502,08109,"saguache, co",418000,0.0027,0.0334,49,-0.0485,0.3611,136,-0.0891,0.1387,2,-0.875,-0.6667,0,,,8,0.3333,3,12,0.2,0.6,249,0.051,-0.1726,1678,-0.0654,0.0266,613183,-0.0145,0.0311,61,-0.0161,0.3708,0.2449,0.0507,0.0366,0
202502,06043,"mariposa, ca",467000,-0.0748,-0.0168,106,0.1105,0.3354,86,-0.2115,-0.2412,38,0.9,0.9,0,,,24,0.5,2,23,0.1538,-0.1818,284,-0.0282,-0.0379,1750,-0.039,0.032,622979,-0.1288,-0.2524,128,0.1082,0.2019,0.2133,0.008,-0.1348,1
202502,06097,"sonoma, ca",944000,-0.0187,-0.0268,661,0.1175,0.4871,48,-0.3806,-0.1542,404,0.1222,0.3557,24,0.7143,2,172,0.5357,0.72,252,0.2,-0.0684,532,-0.0048,-0.0104,1858,-0.0168,-0.0332,1731417,-0.0533,-0.0603,909,0.1441,0.2704,0.3812,0.0262,-0.2273,0
202502,39007,"ashtabula, oh",217500,-0.0225,0.1014,145,-0.1424,0.2246,92,0.1604,0.1048,56,0.2174,0.1667,0,,,38,-0.1364,-0.1739,99,0.4924,0.2792,140,0.0248,0.1294,1567,-0.0212,-0.0512,290731,0.0395,0.1467,241,0.0256,0.2239,0.6817,0.29,0.0291,0
202502,53029,"island, wa",712475,0.0222,-0.0049,190,0.044,0.3571,65,-0.1367,-0.0783,94,-0.0784,0.1463,0,-1,-1,46,0.2778,0.7692,102,0.2083,0.1404,368,0.0098,-0.0562,1891,-0.0374,-0.0506,1048153,0.0018,0.1251,291,0.096,0.2848,0.5342,0.0727,-0.1015,0
202502,51550,"chesapeake, va",460000,0.0111,-0.0415,487,0.0541,0.2175,32,-0.36,-0.0857,250,0.0504,-0.0234,12,1,-0.25,90,-0.1667,0.2162,1,0,0,220,0.0002,0.0467,2188,0.001,-0.0392,502209,-0.0089,0.0091,488,0.0529,0.2157,0.0021,-0.0001,-0.0004,0
202502,48289,"leon, tx",299675,-0.0333,0.0371,72,0.0362,0.1626,104,0.0452,0.2455,14,-0.125,0,0,,,12,-0.25,-0.25,11,0.1667,-0.125,159,0.0105,0.0611,1781,0.0018,-0.0053,338493,-0.0139,0.0506,81,0.0387,0.1027,0.1469,0.0164,-0.0483,0
202502,48381,"randall, tx",340200,0.0021,-0.0371,592,0.0163,0.1374,45,-0.2969,0.0405,204,0.1591,-0.0727,6,2,-0.25,182,0.0581,0.046,208,0.2462,0.0453,163,-0.002,-0.029,2145,0.0159,-0.0142,422348,0.0154,-0.0622,798,0.0612,0.1076,0.3505,0.0647,-0.0309,0
202502,08045,"garfield, co",1178748,-0.0634,0.2311,176,0.0539,0.1694,92,-0.098,-0.1442,68,0.3077,0.36,0,,,48,1.4,1,79,0.1367,0.1449,527,0.0349,0.0845,2267,-0.0347,-0.1066,1799166,-0.0119,-0.0472,256,0.0896,0.1509,0.4489,0.0327,-0.0096,0
202502,46023,"charles mix, sd",376000,-0.0716,0.1091,12,-0.1429,0.3333,87,0.2211,-0.3852,2,-0.5,,0,,,0,,,2,-0.2,1,194,-0.0984,-0.0299,1593,-0.0437,-0.0025,1815199,0.0387,4.3722,14,-0.125,0.4,0.1667,-0.0119,0.0556,0
202502,13231,"pike, ga",529000,0.0175,0.1484,84,0.0701,0.3884,75,-0.0566,0.5789,32,0.3333,0.0667,0,,-1,24,0.7143,1.4,22,0.2571,-0.102,190,0.007,0.0059,2643,0.0006,0.0754,547954,0.0443,-0.0882,106,0.0984,0.2398,0.2619,0.039,-0.1431,0
202502,13021,"bibb, ga",170000,-0.0556,-0.0945,655,0.1056,0.2396,64,-0.1523,0.113,260,0.2621,0.2381,20,-0.3333,0,172,0.4098,0.2464,221,0.154,-0.0412,111,-0.0435,-0.017,1627,-0.0467,-0.0505,228651,-0.0654,-0.0519,862,0.1151,0.1516,0.3377,0.0142,-0.0989,0
202502,18151,"steuben, in",444450,-0.021,0.4342,82,-0.052,0.0861,110,-0.0372,0.5278,26,0.8571,-0.1875,0,,,6,0.5,-0.5714,30,-0.1549,-0.2,238,0.0274,0.2136,1853,-0.006,-0.0777,608262,0.009,0.1289,112,-0.082,-0.0088,0.3659,-0.0446,-0.1308,0
202502,48255,"karnes, tx",256000,-0.0708,0.2367,18,-0.125,-0.1026,110,-0.1757,-0.1648,2,-0.5,,0,,,6,-0.25,2,2,0.3333,-0.2,148,-0.0427,0.007,1577,-0.0509,-0.0454,390176,-0.0891,0.741,20,-0.0714,-0.1136,0.1143,0.0393,-0.0139,0
202502,46123,"tripp, sd",219000,-0.0034,0.0893,18,0.0909,11,135,-0.0864,0.0405,0,-1,-1,0,,,0,,,5,0,0.4286,153,0.0354,0.549,1162,-0.0051,-0.2827,208653,-0.0393,0.148,22,0.0732,3.4,0.2778,-0.0253,-2.0556,1
202502,33019,"sullivan, nh",442000,0.0847,-0.0933,60,-0.1045,0.1321,62,-0.17,0.3989,36,0,0,0,,,12,0.5,0.2,60,0.2371,0.9355,220,0.0188,-0.0934,2004,0.061,-0.044,553230,0.0303,-0.07,120,0.0258,0.4573,1,0.2761,0.4151,0
202502,12101,"pasco, fl",349950,-0.0001,-0.0394,3308,0.0265,0.2748,68,-0.0493,0.25,1362,-0.0201,-0.0956,102,-0.1639,-0.15,1782,0.2358,0.282,1446,0.1891,-0.271,209,0.0005,-0.0437,1666,-0.0039,-0.0021,409333,0.0022,-0.0711,4751,0.0709,0.038,0.4372,0.0598,-0.3273,0
202502,08023,"costilla, co",299900,-0.0246,-0.011,48,0.0323,0.3151,142,-0.0658,0.2679,10,0.6667,0.6667,0,,,2,,0,3,-0.1429,-0.5,192,-0.0072,0.0189,1262,0.0229,-0.2609,370478,-0.0019,0.0154,51,0.01,0.1744,0.0625,-0.0128,-0.1019,0
202502,47115,"marion, tn",342175,-0.0274,-0.1007,94,0.0331,0.406,76,-0.1347,-0.0289,48,0.4118,0.1429,0,,,20,-0.0909,0,40,0.3621,0.2742,209,0.0051,-0.1148,1792,-0.0286,0.0297,463609,-0.0436,-0.1717,132,0.1139,0.3538,0.4225,0.102,-0.0437,1
202502,51017,"bath, va",260000,0,0.0777,22,-0.0227,0.5357,125,0.0873,0.0969,4,1,0,0,,,4,-0.3333,1,3,1.5,,196,0.0721,0.6252,1746,-0.0537,-0.249,661462,0.0177,0.8753,24,0.0435,0.7143,0.1163,0.0708,,0
202502,29101,"johnson, mo",303475,0.0528,-0.0899,139,-0.0671,0.1632,73,-0.0815,-0.0266,64,0.28,0.0667,0,,-1,36,-0.1818,0.125,103,0.3946,0.2654,164,0.0358,0.0288,1750,-0.0051,-0.0694,398497,0.055,0.0095,236,0.0583,0.18,0.7374,0.2441,0.0596,0
202502,46041,"dewey, sd",78000,0.3448,-0.4472,2,1,0,167,-0.4329,1.6094,0,,,0,,,0,,,,,,75,0.6762,-0.0587,1110,-0.1409,-0.4,78000,0.3448,-0.4472,2,1,0,,,,1
202502,29221,"washington, mo",247500,0.2224,0.1024,45,0.1125,0.5614,72,0.2008,-0.1329,14,-0.2222,0.1667,0,,,18,0.8,0.8,19,0.4231,0.0278,138,0.1341,-0.0197,1610,-0.0329,0.0183,270744,0.039,-0.0561,64,0.1981,0.3656,0.4157,0.0907,-0.2158,0
202502,24001,"allegany, md",154900,-0.0071,0.0389,151,-0.0131,-0.0736,71,-0.0897,0.127,64,0.4545,-0.0857,0,,,30,-0.0625,-0.2857,73,0.1328,0.1069,103,-0.0118,0.0601,1680,-0.0015,0.1006,203995,0.0208,0.1252,220,0.0304,-0.0414,0.4801,0.0618,0.0783,0
202502,28085,"lincoln, ms",220925,-0.0015,0.1089,56,-0.0089,0.2472,73,-0.2677,-0.3933,16,0,0.3333,0,-1,,10,-0.2857,0.25,17,0.1724,-0.1707,114,-0.0128,0.0839,1817,-0.0033,-0.1056,274824,0.0903,-0.001,71,0.0143,0.0923,0.3063,0.0474,-0.1544,0
202502,48485,"wichita, tx",199950,-0.0174,-0.0455,454,0.026,0.1887,66,-0.1325,0.1391,166,0.3175,-0.0674,2,,,166,0.2388,0.537,60,0.2,0.1881,124,-0.0144,-0.0003,1623,0,0.004,240026,0.0014,-0.0001,516,0.052,0.2028,0.1323,0.0192,-0.0001,0
202502,40123,"pontotoc, ok",270125,-0.0083,0.1824,113,-0.085,0.4395,74,0.0463,0.5233,32,-0.2,-0.2727,0,,,26,0.0833,0.3,54,0.1368,-0.027,144,0.0428,0.2028,1728,-0.009,0.0667,307938,-0.016,-0.0261,167,-0.0176,0.2463,0.4779,0.0933,-0.2291,0
202502,26075,"jackson, mi",212400,-0.0119,0.0126,282,-0.1217,0.2883,72,0.0593,0.3119,112,0.1667,-0.0175,0,,,94,0.2051,0.119,161,0.1541,0.0255,132,0.0059,-0.0181,1594,0.0011,0.0378,270119,0.0041,-0.0345,447,-0.0304,0.1812,0.5719,0.1367,-0.1466,0
202502,55075,"marinette, wi",225000,0.0002,0.0653,90,-0.0164,0.295,78,0.0403,0.069,48,1,0.2632,0,,,16,1,0.3333,43,0.0494,0.0366,154,-0.0271,0.0238,1409,0.0144,-0.0116,328669,-0.0359,0.2638,132,0.0233,0.1946,0.4722,0.0296,-0.1177,0
202502,40077,"latimer, ok",212500,0.0307,-0.1763,28,0.037,0.2727,92,-0.0591,-0.2343,10,0.6667,4,0,,,2,-0.8,0,7,1.8,1.3333,133,0,-0.4552,1674,0,0.0281,292720,0.0944,-0.5278,35,0.1695,0.38,0.25,0.1574,0.1136,1
202502,48339,"montgomery, tx",358145,-0.0024,-0.0052,3630,0.0357,0.2052,51,-0.229,0.0521,1408,0.1792,0.1069,318,0.1277,-0.0185,1162,0.2129,0.1437,1494,0.1357,-0.0803,175,0.0013,-0.0042,2153,0.0016,0.0083,498164,0.0037,-0.0035,5134,0.0647,0.1109,0.4116,0.0363,-0.1278,0
202502,19173,"taylor, ia",152000,0.0574,0.0667,24,0.0213,2.4286,120,-0.0477,0.3924,4,-0.5,,0,,,0,,,10,-0.0952,1.375,107,0.0074,0.2375,1332,-0.0004,-0.1465,199116,0.0193,0.0856,34,-0.0145,2.0909,0.3958,-0.051,-0.1756,1
202502,26033,"chippewa, mi",254950,0.1594,0.0218,68,-0.1118,0,109,0.1793,-0.0225,28,0.4,0.0769,0,,,8,3,0.3333,38,0.5306,0.1364,175,0.0432,0.1117,1560,0.083,0.04,383605,0.1707,0.1546,105,0.0347,0.0398,0.5556,0.2332,0.0667,0
202502,05009,"boone, ar",299500,-0.0008,-0.0013,170,-0.0314,0.2939,94,0.0245,0.2401,56,0.3333,0.4,0,-1,-1,34,0,0.1333,66,0.2571,0.6296,154,-0.0072,0.0462,1882,-0.0331,-0.0529,438498,-0.0079,0.0801,236,0.0374,0.3732,0.3894,0.0894,0.0802,0
202502,53065,"stevens, wa",475000,0.0166,0.0128,134,-0.1217,0.2535,88,-0.2616,0.1628,40,0.1765,0.6667,0,,,16,-0.2,0.1429,40,0.3621,0.0676,248,0.0155,0.0584,1960,0.023,-0.1272,567918,0.0181,-0.0742,174,-0.0361,0.2437,0.2959,0.1051,-0.0515,0
202502,36105,"sullivan, ny",399475,-0.0374,0.0596,368,-0.0743,0.1204,122,0.0607,0.1267,80,-0.1111,0.0811,4,,-0.3333,52,0,0.3684,132,-0.0149,5.6,235,-0.009,0.0426,1735,-0.0089,0.0186,584464,-0.0052,0.142,497,-0.0551,0.4427,0.3592,0.0217,0.2982,0
202502,51049,"cumberland, va",319688,-0.0849,-0.0263,17,-0.1282,-0.1707,54,0.0918,0.4861,12,0.5,-0.4,0,,,6,2,0.5,14,0.35,-0.129,179,-0.1042,-0.0883,1916,0.0828,0.0479,342366,-0.0812,0.0152,31,0.069,-0.1389,0.7941,0.2813,0.038,0
202502,19079,"hamilton, ia",188925,-0.0394,0.0296,35,0,0.15,103,0.0429,0.18,12,0.5,0.5,0,,,2,0,-0.6667,21,0.4138,0,126,-0.0705,-0.0838,1532,0.0051,0.0249,222357,-0.0288,-0.0383,54,0.0808,0.07,0.5942,0.1739,-0.0891,0
202502,39141,"ross, oh",251175,0.0051,-0.0072,92,-0.2203,0.4603,75,0.0906,0.1577,46,0.0952,0.0952,0,,,24,-0.2941,-0.0769,72,0.3619,0.1172,171,0.0014,0.16,1623,0.023,0.0686,314292,0.0611,0.0711,162,-0.0471,0.2806,0.7772,0.3323,-0.2387,0
202502,30017,"custer, mt",269900,0.1522,-0.0221,21,-0.1765,0.3125,63,-0.0839,-0.4243,4,-0.5,-0.3333,0,,,4,0,,11,0.1667,-0.1923,120,0.0165,-0.0083,2147,0.0522,-0.0432,334100,0.3111,-0.0792,32,-0.0725,0.1034,0.5,0.1471,-0.3125,0
202502,21095,"harlan, ky",155700,0.1183,0.2093,24,0.1463,-0.06,102,-0.0852,-0.0073,8,1,1,0,,,8,0.3333,,7,-0.2222,0.4,89,0.1572,0.0097,1885,-0.0016,0.2022,173284,0.0012,-0.0033,31,0.0702,0.0167,0.2979,-0.1412,0.0979,1
202502,17081,"jefferson, il",179950,-0.1369,0.3123,57,-0.0259,0.4487,74,0.2181,-0.1138,20,0.1111,-0.1667,0,,,14,0,0,27,0.2,0.2,108,-0.0271,0.2038,1675,0.0623,0.0718,201270,-0.0736,-0.1494,82,0.0446,0.3226,0.4779,0.0899,-0.099,0
202502,29165,"platte, mo",552450,0.1207,0.0198,237,-0.1321,0.5209,108,0.0798,0.3489,94,0.2051,0.0444,6,-0.25,2,42,-0.4,-0.0455,208,0.2099,0.2315,214,0.0232,0.0137,2590,0.0548,-0.0455,677584,0.0554,0.064,444,0,0.3667,0.8774,0.248,-0.2062,0
202502,08013,"boulder, co",800000,0.0447,-0.1267,873,0.1579,0.5267,49,-0.4167,0.1136,448,0.28,0.1546,16,3,0,258,0.3723,0.5357,295,0.2165,-0.2154,426,0.0178,-0.0284,2116,0.0341,-0.1362,1422646,0.0677,-0.0728,1166,0.1724,0.2306,0.3381,0.0163,-0.3198,1
202502,18133,"putnam, in",294900,-0.0045,-0.0365,73,0.0504,0.168,87,0.1051,0.7979,36,0.8,-0.0526,0,,,28,0.75,-0.1765,36,0.1639,-0.1013,178,-0.0007,0.0771,1917,-0.0084,-0.0533,393812,-0.0141,0.029,109,0.0846,0.0583,0.4863,0.0475,-0.1457,0
202502,41041,"lincoln, or",587000,-0.0134,0.0034,379,0.0384,0.2874,101,-0.0518,0.158,82,-0.0238,-0.0238,2,-0.5,-0.8,118,0.2553,0.5128,80,0.2045,-0.0862,354,0.0105,0.0386,1668,-0.0135,-0.0043,673200,-0.0142,0.0121,460,0.071,0.2169,0.21,0.029,-0.0859,0
202502,40061,"haskell, ok",197000,0.0103,-0.1949,35,-0.1954,0.5217,115,0.2366,0.0624,6,-0.25,-0.25,0,,,4,-0.5,1,10,-0.0952,-0.0952,124,0.0042,-0.174,1679,0.05,-0.0511,290570,0.0798,-0.1292,45,-0.1509,0.3846,0.2714,0.03,-0.1851,1
202502,01027,"clay, al",263000,-0.0259,-0.0681,24,0.119,0.1463,45,-0.3939,-0.6393,6,-0.4,0,0,,,0,-1,-1,11,0.5,-0.0455,115,-0.0178,0.0563,2146,0.0397,-0.0786,318182,-0.0013,-0.0036,34,0.1724,0.0625,0.4468,0.1135,-0.0898,1
202502,48353,"nolan, tx",154739,0.0672,0.1678,78,-0.1136,0.1064,117,0.1535,0.0425,6,-0.625,-0.5,0,,,18,0,2,23,0.6667,0.875,97,0.0024,-0.025,1784,0.0062,0.0291,205807,-0.0633,0.1204,101,-0.0195,0.2182,0.2885,0.1351,0.1182,0
202502,54009,"brooke, wv",159500,0.0393,0.2512,40,0.0256,0.3793,80,-0.1036,0.0095,14,0,-0.125,0,,,6,-0.25,0,22,0.375,0.2571,104,0.0474,0.1133,1896,-0.02,0.1475,190896,0.0363,0.2417,60,0.0909,0.3043,0.55,0.1397,-0.0534,0
202502,13221,"oglethorpe, ga",353475,-0.0057,-0.0154,30,-0.0167,0.0727,93,-0.0212,1.8462,8,1,-0.4286,0,,,6,-0.25,2,13,0.0417,-0.2647,173,0.0005,-0.0654,2176,-0.0382,0.0264,422231,0.0036,-0.0789,39,-0.0602,-0.1136,0.4237,0.0237,-0.1945,1
202502,27137,"st. louis, mn",275000,0.0399,0.0581,318,-0.0408,0.2751,88,0.0234,0.0324,124,0.0164,0.0333,0,-1,,54,-0.25,0.2273,169,0.0903,0.0868,160,-0.0044,-0.075,1590,0.0248,-0.0253,405096,0.0346,-0.0839,477,-0.0052,0.1866,0.5323,0.064,-0.0922,0
202502,16081,"teton, id",1150000,0.1616,0.3403,94,-0.0784,0.3056,119,0.026,-0.2047,36,2.6,1.5714,0,,,6,-0.7273,-0.25,57,0.14,-0.2597,516,0.0352,0.0765,2338,0.0508,0.3091,1709503,0.1035,0.4772,151,-0.0099,0.0101,0.6064,0.1162,-0.4631,1
202502,36063,"niagara, ny",217425,0.0297,0.2237,222,-0.037,0.273,80,0.0774,0.3115,98,0.0426,-0.02,2,,-0.5,38,-0.3448,0.1875,293,-0.0394,0.189,144,0.0095,0.1607,1467,0.0086,-0.0596,335684,0.0874,0.1843,512,-0.0331,0.2133,1.3205,-0.0034,-0.0933,0
202502,45017,"calhoun, sc",322697,0.1734,0.0534,22,0.1622,0.4333,54,-0.413,0.3671,12,0.5,1,0,,,8,3,-0.2,10,1.2222,-0.2593,164,0.0551,-0.1081,1715,-0.0551,0.1239,452857,0.415,0.5275,31,0.3556,0.0702,0.4651,0.2219,-0.4349,1
202502,01009,"blount, al",264900,0.0189,-0.0185,139,-0.0314,0.3301,85,0.0929,0.2355,40,-0.1304,-0.1667,0,-1,,48,0.2632,0.3333,50,0.125,-0.0571,148,-0.0108,-0.0109,1776,-0.0133,-0.0491,339276,0.0039,0.0728,187,-0.0053,0.1767,0.3561,0.0495,-0.1463,0
202502,55011,"buffalo, wi",354225,0.0992,0.3826,25,-0.0392,0.8148,79,-0.199,0.0032,8,1,-0.3333,0,,,4,-0.3333,1,13,0.9231,0.1905,182,0.0646,0.2948,1780,-0.0197,-0.1434,408930,0.0888,0.3429,37,0.1774,0.5208,0.5102,0.2553,-0.2676,0
202502,40031,"comanche, ok",177500,0.0139,-0.099,381,-0.0293,0.3963,68,-0.1314,0.0188,152,0.1014,0.1515,10,,1.5,82,-0.0889,0.3667,245,0.1372,0.0843,112,0.0067,-0.0259,1674,0.0237,-0.0434,213409,-0.0132,-0.0885,624,0.0365,0.2619,0.6426,0.0941,-0.1849,0
202502,26147,"st. clair, mi",277925,0.011,0.0392,233,-0.0252,-0.0568,53,-0.0901,-0.1017,136,0.2593,0.1724,0,,-1,66,0,-0.2979,133,-0.0112,-0.0669,167,0.0127,-0.0194,1618,0.0112,-0.0084,316394,-0.0211,-0.0149,365,-0.0188,-0.0581,0.5699,0.008,-0.0062,0
202502,37049,"craven, nc",341620,-0.0182,-0.0254,331,0.1261,-0.0933,77,-0.0526,-0.0811,152,0.2063,-0.1828,10,0.6667,-0.2857,104,0.3,-0.1475,222,0.0726,-0.1381,184,0.0031,-0.0062,1896,-0.0146,-0.0248,411402,-0.0052,0.0051,551,0.0976,-0.1163,0.6702,-0.0334,-0.0349,0
202502,48053,"burnet, tx",593500,-0.0017,-0.0182,487,0.034,0.1459,105,0.0194,0.0448,86,0.1316,-0.1731,6,0.5,-0.25,106,0.0392,-0.0536,85,0.2336,0.6095,273,-0.0008,-0.0344,2046,-0.0117,-0.0228,908362,0.0058,-0.0379,552,0.0606,0.2041,0.1735,0.0281,0.05,0
202502,45021,"cherokee, sc",291175,0.2083,0.1431,110,-0.0601,0.0186,62,-0.1246,0.0513,54,0.8,0.5,0,,-1,32,0.3333,-0.0588,73,0.5368,-0.2316,173,0.0022,0.0513,1634,0.0304,0.069,310184,0.0209,0.068,183,0.1442,-0.0665,0.6667,0.2589,-0.2171,0
202502,18177,"wayne, in",143725,-0.0383,-0.0914,155,-0.0096,0.3612,64,-0.0039,0.139,74,0.85,0.3214,0,,,34,-0.1053,0.4167,66,0.3333,-0.0704,108,-0.0104,0.043,1515,-0.0226,-0.1664,209481,-0.0289,0.0183,225,0.1059,0.1941,0.4272,0.1099,-0.1984,0
202502,23005,"cumberland, me",634500,-0.0023,-0.0148,380,-0.0844,0.2671,64,-0.1199,0.1682,252,0.0244,0.1887,2,0,-0.8,80,0,0.6667,119,0.0487,0.454,383,0.0202,0.0379,1724,-0.0071,0.0013,844965,-0.0013,-0.0415,501,-0.06,0.3202,0.3123,0.0396,0.0401,0
202502,05051,"garland, ar",337000,0.0228,-0.0362,757,0.0588,0.4355,80,-0.1335,0.0966,220,0.2791,0.1,0,,-1,184,0.5333,0.4839,128,0.1233,-0.1146,179,0.0024,0.0363,1863,-0.0021,0.0354,492132,-0.0106,0.0598,837,0.0602,0.3438,0.1685,0.0097,-0.1047,0
202502,12003,"baker, fl",320000,-0.0303,-0.1995,75,0.1278,0.4563,79,0.0396,0.6579,22,-0.0833,0.375,0,,,22,0.375,-0.0833,18,0,0.2,208,0.0347,-0.0154,1760,-0.0282,-0.0456,396857,-0.0252,-0.302,92,0.0952,0.3939,0.24,-0.0307,-0.0513,1
202502,05065,"izard, ar",214975,0.0845,0.013,89,-0.0432,0.2292,100,0.1696,0.105,16,0,-0.3846,0,,,6,-0.5,-0.5,15,0.0714,0.1538,129,0.0232,-0.0805,1590,0.0411,-0.0458,329488,0.0518,-0.0223,105,-0.0142,0.2515,0.1695,0.0181,-0.0111,0
202502,16047,"gooding, id",373625,-0.0037,-0.0772,41,0.025,0.3226,86,-0.1576,-0.1556,14,0.75,1.3333,0,,,4,-0.3333,0,13,0.0833,1.1667,233,0.0891,0.0065,1716,-0.1062,-0.1229,492237,0.0178,-0.0763,55,0.0481,0.4932,0.3171,0.0171,0.1235,1
202502,04007,"gila, az",479575,-0.0054,-0.1448,308,0.0732,0.3628,98,-0.0201,0.0317,92,0.3143,0.122,0,-1,,72,0.0909,0.3333,72,0.0593,-0.0654,310,0.01,0.0402,1642,-0.0006,-0.0937,621155,-0.0058,-0.0916,375,0.0669,0.2479,0.2321,-0.003,-0.1064,1
202502,54069,"ohio, wv",175000,-0.0787,0.2522,84,-0.0289,0.0909,79,0.0464,0.1661,28,0.0769,-0.3,0,,,20,-0.2857,0.4286,45,0.1711,0.023,113,-0.0394,0.1571,1657,-0.0734,-0.0023,225234,-0.0414,-0.068,127,-0.0039,0.0455,0.5298,0.0905,-0.0352,0
202502,05061,"howard, ar",175000,0,-0.1026,42,0.0909,0.5556,171,-0.0805,0.5604,8,1,0,0,,,0,-1,-1,10,0.9,0.1176,103,0.0278,-0.0313,1821,-0.011,0.0917,255182,0.0161,-0.0248,51,0.2,0.4366,0.2262,0.0963,-0.0886,1
202502,51197,"wythe, va",244925,-0.0064,-0.125,75,-0.051,0,88,0.1429,-0.0435,22,0.8333,-0.2667,0,,,12,-0.3333,-0.5385,20,0.625,-0.2353,167,0.0117,0.0931,1638,0.0003,-0.0803,322060,0.0115,-0.1854,93,0.0449,-0.0837,0.2617,0.1089,-0.0805,1
202502,18037,"dubois, in",272450,0.0424,0.0295,57,-0.1972,-0.0339,99,-0.005,0,26,0.3,0.0833,0,,,16,-0.1111,0.1429,46,0.6727,0.2267,129,0.0494,-0.0082,2270,0.012,0.0319,380219,0.074,0.2722,104,0.0612,0.089,0.807,0.4197,0.1714,0
202502,36099,"seneca, ny",283675,0.0914,0.3875,30,0.0926,0.6857,114,0.1875,1.3385,16,0.6,0,0,,,4,0,0,27,-0.0862,0.7667,128,0.0317,0.4098,1785,-0.0804,0.107,526341,0.0855,0.125,56,0,0.7231,0.8983,-0.1758,0.0412,1
202502,18087,"lagrange, in",300000,0.0002,0.0399,32,-0.0857,0.4545,82,0.1549,0.1884,10,-0.2857,-0.2857,0,,,8,-0.2,-0.2,18,0.129,0.129,148,0.0063,-0.0375,1888,0.0069,0.0601,338560,-0.0085,0.1746,50,-0.0198,0.2857,0.5469,0.104,-0.1577,0
202502,37019,"brunswick, nc",434575,0.03,0.0026,1714,0.0285,0.2046,84,-0.0402,0.2946,666,0.3482,0.0215,86,-0.14,-0.2321,474,0.0872,0.0922,855,0.233,0.1112,237,0.0298,0.0158,1824,0.0033,0.0003,593252,0.003,0.001,2566,0.0845,0.1701,0.4987,0.0827,-0.0419,0
202502,48235,"irion, tx",460000,0.1179,,3,0.5,,58,0.0265,,0,,,0,,,0,-1,,,,,202,-0.1133,,2040,0.0462,,480000,0.0718,,3,0.5,,,,,0
202502,56023,"lincoln, wy",625000,-0.0142,-0.1059,116,0,0.462,139,-0.0036,0.2043,26,0.0833,0.4444,0,-1,,12,0.5,-0.1429,20,0.56,0.56,320,0.005,0.1113,2037,0.0161,-0.1506,1257775,0.0551,0.2674,137,0.0706,0.4918,0.1688,0.0606,0.0106,1
202502,28109,"pearl river, ms",283450,-0.0383,0.0016,237,0.0797,0.5644,99,-0.0198,0.1579,68,0.2143,0.3077,6,,0.5,92,0.3529,1.1905,68,0.1057,-0.2486,153,-0.0108,0.0044,1927,-0.0247,0.0451,348045,0.0019,-0.1151,298,0.074,0.2606,0.2869,0.0067,-0.3104,0
202502,08067,"la plata, co",878500,-0.0079,0.0323,219,0.0163,0.1779,87,-0.0699,-0.1859,60,-0.1176,0.2,4,,0,30,0.0714,0.1538,57,0.1515,0.0962,447,-0.001,-0.0518,2038,-0.0035,0.0226,1523307,0.0188,-0.1415,275,0.0417,0.1702,0.2609,0.0306,-0.0195,0
202502,11001,"district of columbia, dc",589950,0.0085,-0.0288,2179,0.0223,0.3166,57,-0.2226,0.1823,846,0.0549,0.0682,16,-0.5,0,558,0.4235,0.3099,750,0.0838,-0.0512,514,0.0212,-0.0233,1225,-0.0182,-0.0711,946297,0.0009,-0.032,2942,0.042,0.2062,0.3442,0.0195,-0.1334,0
202502,17065,"hamilton, il",94950,-0.0495,-0.255,8,-0.1667,0.5,96,0.3714,-0.3826,2,0,,0,,,2,-0.5,,2,0.3333,-0.6667,64,0.1349,-0.2807,1662,-0.1103,-0.0014,118771,-0.0536,-0.1279,10,-0.05,-0.1364,0.2667,0.1,-0.9333,1
202502,12009,"brevard, fl",381475,-0.0092,-0.0217,4256,0.0489,0.3088,67,-0.0828,0.1176,1424,-0.0326,0.0334,66,-0.2826,-0.0294,1934,0.1376,0.3139,1373,0.2438,-0.0754,235,0.0038,0.0015,1700,-0.0085,-0.0435,499049,-0.0116,-0.0506,5612,0.0907,0.1897,0.3225,0.0505,-0.134,0
202502,08014,"broomfield, co",631998,0.0447,-0.0468,122,0.0702,0.5641,37,-0.4113,-0.2663,70,0.0938,0.0294,2,-0.5,0,62,0.7222,1.2143,75,0.0417,-0.1329,282,0.0551,-0.0212,2346,0.0206,-0.0759,805597,0.0193,-0.1684,202,0.1041,0.2139,0.6148,-0.0168,-0.4942,0
202502,19081,"hancock, ia",184950,0.0437,0.1226,36,-0.0886,0.44,125,0.2029,0.2935,4,0,0,0,,,0,-1,-1,10,-0.05,1.375,154,0.1399,0.449,1392,0.0061,-0.0034,196746,0.0095,0.0828,46,-0.0714,0.5965,0.2639,0.0107,0.1039,0
202502,21057,"cumberland, ky",259000,-0.0725,-0.1645,49,0.1829,0.4697,111,-0.0753,-0.0156,18,3.5,0.5,0,,,12,,2,4,0.75,-0.5,149,-0.023,-0.1076,1596,-0.0828,-0.1114,413852,0.0834,0.0393,52,0.2093,0.3165,0.0722,0.0234,-0.14,1
202502,37071,"gaston, nc",329950,0.0002,-0.0002,674,0.0166,0.3065,61,-0.1168,0.1748,344,0.2374,0.0818,24,-0.6129,-0.4,326,0.2348,0.3471,398,0.1674,0.0115,207,0.0176,0.0299,1680,0.0007,0.015,402571,0.0192,0.0106,1072,0.0731,0.1872,0.5902,0.0762,-0.1722,0
202502,36089,"st. lawrence, ny",173500,0.0793,0.2218,226,-0.0464,0.1385,109,0.0163,-0.1102,70,0.4,0.6667,0,,,40,0.3333,0.25,127,0.0766,0.1713,101,0.0136,0.1603,1578,0.0302,0.0517,214192,0.0459,0.1462,350,-0.0028,0.1457,0.5597,0.064,0.0157,0
202502,21153,"magoffin, ky",167425,-0.1011,-0.0294,11,-0.0833,0.2222,88,0.0292,-0.2259,0,,,0,,,4,0,1,3,0,-0.25,125,-0.0168,0.1099,1607,-0.0149,-0.0904,201809,-0.104,0.1773,14,-0.0667,0.0769,0.2727,0.0227,-0.1717,0
202502,32033,"white pine, nv",219500,-0.1363,-0.0816,33,0.0154,-0.0435,89,0.1238,-0.0139,10,0.25,0,0,,,8,1,0.3333,14,0.6471,0.1667,156,0.0421,0.1577,1373,-0.1822,-0.1538,323747,0.0034,0.1484,47,0.1325,0.0108,0.4242,0.1627,0.0764,0
202502,21145,"mccracken, ky",279900,0.0008,-0.1518,143,-0.0404,0.2896,67,-0.0291,-0.0949,68,0.2143,0.7895,0,,,36,-0.1,0.3846,73,0.0741,-0.1317,136,-0.0145,-0.0246,2038,0.0107,-0.0628,353581,-0.004,0.0068,217,0.0093,0.1157,0.5088,0.0542,-0.2469,1
202502,22105,"tangipahoa, la",265450,0.0176,0.0101,345,-0.035,0.0632,84,0.0245,0.1208,106,0.2927,-0.1587,0,-1,-1,110,-0.0179,0.0377,124,0.1273,-0.0677,150,0.0078,0.0088,1851,0.0037,0.0165,323185,0.0089,0.0352,468,0.0011,0.0286,0.3594,0.0517,-0.0504,0
202502,55045,"green, wi",354900,0.0597,0.0923,59,-0.0923,1.1852,48,0.0323,-0.0303,22,-0.1538,0.2222,0,,,14,1.3333,1.3333,27,0.1042,-0.0536,208,0.0046,-0.007,1633,-0.0182,-0.1472,416404,0.0507,-0.0531,85,-0.0341,0.5455,0.4492,0.0799,-0.5879,0
202502,47121,"meigs, tn",506850,-0.0107,-0.1466,42,-0.0345,0.4483,132,0.2233,0.4255,8,1,-0.3333,0,,,8,-0.5,-0.2,12,0.2632,0.7143,262,0.0471,-0.0003,1852,-0.0086,-0.0309,610545,0.0045,-0.0627,54,0,0.4861,0.2857,0.0673,0.0443,1
202502,38021,"dickey, nd",270000,0.7148,0.6,3,-0.25,-0.5,102,0.3488,1.1828,2,,0,0,,,0,-1,,3,0.2,-0.25,165,0.1166,0.6873,1682,0.0614,-0.2674,391667,0.2146,0.847,6,0,-0.4,1,0.375,0.3333,1
202502,21187,"owen, ky",260150,0.071,0.3093,26,-0.0377,0.7,131,0.096,2.3871,10,1.5,-0.2857,0,,,12,2,,9,0.125,0.6364,203,0.0826,0.3094,1503,-0.1332,0.3204,315313,0.0024,0.0427,35,-0.0143,0.725,0.3529,0.0511,-0.0137,1
202502,48297,"live oak, tx",283750,-0.0804,0.3353,58,-0.0794,0.1373,103,-0.0507,0.0785,14,0.4,0.4,0,,,8,-0.5,-0.4286,12,0.7143,0.6,168,-0.0341,0.1345,1652,0.0296,0.0962,321742,-0.0078,0.2424,70,0.0072,0.25,0.2069,0.0958,0.0598,0
202502,06019,"fresno, ca",462350,0.0117,0.0176,1191,0.0769,0.4229,45,-0.2241,0.0286,698,0.0087,0.1044,56,0.4,1.1538,414,0.15,0.8482,757,0.124,0.4203,262,0.0014,0.0216,1816,0.0083,0.0018,598079,0.0216,-0.0134,1935,0.0941,0.4191,0.6356,0.0266,-0.0012,0
202502,29123,"madison, mo",189450,0.0177,0.2638,32,0.2549,0.6,50,-0.1895,-0.4123,8,0,-0.3333,0,,,8,0,1,11,0.2353,0,130,-0.091,0.0264,1492,-0.0282,0.049,211422,-0.0348,-0.0647,42,0.2174,0.377,0.3281,-0.0052,-0.1969,0
202502,30079,"prairie, mt",169000,0,7.45,3,1,2,174,-0.2297,85.75,0,,-1,0,,,0,,,1,-0.3333,0,65,-0.5821,0.6453,922,0,0.8294,142667,-0.0932,6.1333,4,0.3333,3,0.3333,-0.6667,-0.6667,1
202502,37085,"harnett, nc",348450,-0.004,0.019,633,0.0024,0.3205,67,-0.141,-0.0884,296,0.2231,0.2131,30,-0.4828,-0.4231,208,0.1685,0.8246,475,0.1863,0.0556,177,-0.0011,-0.0177,1954,-0.0048,0.0088,365747,-0.0121,-0.034,1106,0.0738,0.2041,0.7502,0.1163,-0.1882,0
202502,21191,"pendleton, ky",308000,-0.1421,0.6449,16,0.4545,-0.2195,63,-0.1732,-0.1453,8,,0.3333,0,,,2,0,-0.75,5,-0.1818,-0.1818,198,-0.0133,0.4276,1836,0.0146,0.3064,325978,-0.1081,0.261,21,0.2813,-0.2115,0.2813,-0.2188,0.013,1
202502,31095,"jefferson, ne",210750,0.028,0.3276,24,-0.04,0.4118,97,0.1768,0.0461,6,0.5,2,0,,,0,-1,,14,0.5882,2,127,-0.0274,0.2266,1489,0.0367,-0.0882,279946,-0.0005,0.1335,38,0.1176,0.8095,0.5625,0.2225,0.2978,1
202502,01055,"etowah, al",252450,0.0523,0.0068,281,0,0.2986,81,-0.0585,0.3197,110,0.2222,0.2791,2,0,,78,0.0541,0.3929,115,0.2865,0.7752,123,0.022,-0.0135,1959,-0.0031,-0.0176,311106,0.0399,0.0375,391,0.0712,0.3964,0.4082,0.0909,0.1096,0
202502,05021,"clay, ar",149250,0.072,0.1966,89,0.0471,0.5345,115,0.1225,0.4268,26,0.625,0.1818,0,,,20,1,2.3333,21,0.64,0.0789,101,0.0195,0.2465,1507,0.0675,0.0444,188519,0.0833,0.0976,109,0.1015,0.4467,0.2303,0.0833,-0.0972,0
202502,39025,"clermont, oh",309900,0.0245,-0.0606,196,-0.1369,0.0026,71,-0.0374,1.264,146,0.1774,-0.0395,2,,0,58,-0.1471,-0.1714,246,0.1855,0.0041,192,0.0319,0.0571,1470,-0.0263,-0.129,376008,-0.0076,-0.1111,442,0.0184,0.0068,1.2583,0.3422,0.0019,1
202502,40143,"tulsa, ok",330000,0.0154,-0.0769,1794,-0.0151,0.3531,64,-0.0588,0,740,0.0082,0.0364,64,2.5556,1.1333,612,0.1635,0.3909,906,0.1556,0.1015,165,0.0181,-0.0132,1989,0.0126,-0.0678,409713,0.0228,-0.0834,2699,0.0379,0.2674,0.5052,0.0746,-0.1154,0
202502,42033,"clearfield, pa",169800,0.0911,0.1537,93,-0.0657,0.0335,99,-0.0101,0.3401,46,1.3,-0.1154,0,,,20,-0.1667,0.6667,60,0.0169,0.0435,106,0.0327,0.105,1626,0.0285,-0.0829,246653,0.0495,-0.0136,152,-0.0381,0.0168,0.6486,0.0527,0.0062,0
202502,13075,"cook, ga",284450,-0.0334,0.1829,36,0.0909,0.3333,69,-0.193,0.2105,18,0.8,0.5,0,,-1,14,0.1667,6,7,2.5,-0.6111,143,0.0483,0.1758,1890,-0.087,0.036,397094,-0.0917,0.3252,43,0.2464,-0.0115,0.1944,0.1338,-0.4722,0
202502,36037,"genesee, ny",221225,0.0913,0.0375,44,-0.0938,0.2254,80,0.2903,1.3881,24,0.2,-0.2941,0,,,14,-0.125,1.3333,65,0.2264,0.6667,129,0.0508,-0.0005,1632,0.0146,-0.0345,312451,0.0905,-0.1141,109,0.0637,0.4564,1.4943,0.3901,0.3957,1
202502,05149,"yell, ar",178725,-0.0109,-0.1876,58,0.0175,0.3182,96,0.0852,0.0409,16,0.6,0.3333,0,,,16,0.3333,1,9,-0.1429,-0.5385,121,-0.0106,0.0175,1572,0.0195,-0.0716,205298,0.0196,-0.2212,68,0.0074,0.0794,0.1552,-0.029,-0.288,1
202502,42021,"cambria, pa",123750,0.036,0.2387,152,-0.1368,-0.0677,90,0.1223,0.0655,50,-0.1379,-0.2424,0,-1,,34,-0.32,-0.2273,73,0.0282,0.0429,81,-0.0198,0.0944,1498,-0.0115,0.0549,163669,0.0366,0.1368,224,-0.0876,-0.0366,0.4818,0.0773,0.0511,0
202502,21211,"shelby, ky",382450,-0.0187,0.0169,93,-0.0212,0.7453,53,-0.1829,-0.0498,52,0.1818,-0.037,0,,-1,40,0.3333,1,60,0.266,0.0439,191,-0.0134,0.0939,2154,-0.0374,-0.1174,537090,0.0064,0.0841,153,0.059,0.4252,0.6432,0.1459,-0.4322,0
202502,48107,"crosby, tx",90000,-0.0395,-0.28,11,-0.2903,-0.3889,77,-0.1676,1.2985,6,-0.25,0.5,0,,,0,-1,-1,10,0.9,1.375,67,-0.0451,-0.0952,1459,-0.0027,-0.1195,107029,-0.0404,-0.1406,21,0.05,-0.0455,0.8636,0.5411,0.6414,1
202502,04027,"yuma, az",338900,0.0132,0.0043,606,0.0678,0.5303,49,-0.1509,-0.0619,240,-0.0977,0.2371,10,0.25,-0.1667,158,0.0676,0.5192,167,0.336,0.1638,229,0.0056,0.0625,1533,0.0146,-0.0393,380485,0.0173,-0.0146,772,0.1148,0.4349,0.2756,0.0553,-0.0868,0
202502,01005,"barbour, al",325000,0.0156,0.1228,76,0.027,0.2881,124,-0.0677,-0.048,20,0.6667,0.1111,4,,,16,3,0.6,7,-0.2353,-0.1333,140,0.0635,0.0782,2303,-0.0022,0.2143,384680,0.0164,0.139,83,0,0.2595,0.0855,-0.0293,-0.0416,0
202502,16031,"cassia, id",404538,-0.0424,0.0507,56,0.0467,0.1546,88,-0.1505,0.2367,22,0.375,0.375,0,,,16,3,0.6,14,0.2857,-0.1563,224,0.0072,0.0831,1993,-0.1109,-0.0841,465997,-0.016,0.0447,70,0.0692,0.0945,0.2411,0.0448,-0.0888,0
202502,48093,"comanche, tx",260000,-0.0095,-0.0899,94,0.093,0,87,0.0675,0.0482,22,0.1,0.1,0,,,18,0.2857,0.2857,18,0.2857,-0.1628,152,0.0033,0.0072,1744,-0.0113,-0.0308,331162,-0.0249,-0.1991,112,0.115,-0.0429,0.1915,0.0287,-0.0372,0
202502,40021,"cherokee, ok",285375,-0.0004,0.0421,122,-0.0395,-0.076,80,0.0256,0.2214,28,0,-0.44,0,,-1,26,-0.1875,-0.2353,44,0.0353,0.0476,160,-0.0094,0.0241,1966,0.0546,0.1354,368211,0.0362,0.0701,166,-0.0236,-0.0489,0.3621,0.0262,0.0427,0
202502,40127,"pushmataha, ok",289750,-0.0017,0.1853,75,0.0563,0.4151,134,0.1031,0.0963,18,-0.25,2,0,,,14,0.1667,1.3333,14,0,0.0385,218,0.0064,0.1035,1516,-0.0288,0.0288,390750,0.0127,0.3134,89,0.0595,0.3485,0.18,-0.0101,-0.0653,1
202502,08119,"teller, co",534000,-0.0451,0.0274,200,0.0472,0.4509,96,-0.0943,0.1852,70,0.3462,0.5217,2,0,,46,0,0.3529,71,0.1557,0.5326,284,-0.0203,-0.0483,1885,-0.0577,0.0071,644991,-0.0627,-0.0306,270,0.0778,0.4835,0.3534,0.0332,0.0188,0
202502,36049,"lewis, ny",219000,0.0456,0.1532,61,0.0083,0.3556,127,-0.0522,0.0925,14,1.3333,0.4,0,,,8,0,1,30,0,0.0714,151,0.0081,0.2255,1625,-0.0196,0.0465,278972,0.0017,0.1025,91,0.0055,0.2381,0.4918,-0.0041,-0.1304,0
202502,17043,"dupage, il",485000,0.0268,0.0112,775,-0.0467,0.1672,34,-0.3366,-0.029,706,0.1806,-0.1041,20,-0.2857,0.1111,172,0.1622,0.3651,842,0.2731,-0.0266,249,0.0138,0.0129,1990,0.0274,-0.0107,726884,0.0506,-0.0216,1616,0.0857,0.0625,1.0858,0.2728,-0.2162,0
202502,46061,"hanson, sd",324500,0,1.7042,2,0,1,213,0.1518,37.6364,0,,-1,0,,,0,,,,,,230,0,0.7935,1530,0,0.6346,324500,0,1.7042,2,0,0,,,,1
202502,02130,"ketchikan gateway borough, ak",446500,0.0276,0.0276,32,-0.1711,0.0161,110,-0.0851,-0.1848,8,-0.3333,0.3333,0,,,2,0,-0.5,13,0.3,1.3636,253,-0.051,0.048,1458,0.0155,0.0171,463452,-0.0099,0.1181,44,-0.0737,0.2222,0.4127,0.1495,0.2353,0
202502,31015,"boyd, ne",100000,0,-0.1667,2,0,-0.3333,,,,0,,,0,,,0,,,1,0,-0.8,74,0,-0.2452,1395,0,0,100000,0,-0.1304,3,0,-0.625,0.5,0,-1.1667,1
202502,01085,"lowndes, al",267675,0.0901,0.317,9,-0.0526,0.5,102,-0.0168,0.7479,2,0,,0,,,0,,,2,0,-0.3333,89,0.0296,-0.0428,2882,0.2251,0.6724,274933,0.0287,0.0568,11,-0.0833,0.2222,0.2222,0.0117,-0.2778,0
202502,01001,"autauga, al",339950,-0.0242,0.1313,101,0.005,0.0745,62,-0.1272,0.3955,62,-0.1389,-0.3404,0,-1,,22,-0.0833,-0.2143,95,0.338,0.195,145,0.0086,-0.0006,2275,-0.0087,0.1204,364166,-0.0278,0.0932,197,0.1487,0.142,0.9406,0.2341,0.0948,0
202502,31105,"kimball, ne",185000,0,-0.0301,28,-0.0175,0.2174,98,0.0569,0.1607,0,-1,-1,0,,,12,2,5,7,-0.0714,1.1667,141,-0.0843,0.1155,1392,0.1217,0.0148,200720,0.0114,-0.3342,34,-0.0423,0.3077,0.2321,-0.0135,0.1017,1
202502,29069,"dunklin, mo",102475,0.0543,-0.146,88,0.0057,0.1513,88,-0.0588,-0.1287,18,0.125,-0.25,0,,,14,-0.125,-0.125,22,0.0238,-0.0652,70,-0.0044,-0.0897,1511,-0.0231,-0.0105,116072,-0.0503,-0.1349,106,0,0.1105,0.2457,0.0043,-0.0569,1
202502,56045,"weston, wy",370500,0.1227,0.0328,25,0.0426,0.3243,84,-0.0316,-0.1918,4,0,0,0,,,6,,,5,-0.1667,-0.2308,168,-0.0029,0.305,1999,-0.0008,0.0015,559685,-0.1059,-0.0619,30,0.0172,0.18,0.2041,-0.0512,-0.1473,0
202502,19041,"clay, ia",217500,-0.0203,-0.128,46,-0.0213,0.2778,107,0.0974,0.4362,16,1.6667,0.6,0,,,8,0.3333,1,24,-0.1455,0.1463,158,-0.0345,0.1003,1524,-0.0584,-0.078,273055,-0.0768,0.052,69,-0.0743,0.1913,0.5109,-0.0742,-0.0586,1
202502,16085,"valley, id",999000,-0.0005,0.0132,202,-0.1315,0.1071,120,0.0366,0.1732,36,0.6364,-0.1429,0,-1,,26,0.625,-0.0714,45,-0.1982,0.141,589,0.0329,0.0378,1824,0.0036,-0.0275,1684170,0.0129,0.0828,246,-0.1473,0.1182,0.2208,-0.0184,0.0066,0
202502,22103,"st. tammany, la",337000,-0.0033,0.0151,1287,-0.0054,0.255,85,0,0.0658,346,0.2014,0.109,10,0.25,0.6667,420,0.1864,0.3816,324,0.153,0.1349,167,-0.0048,-0.0064,2100,0.0024,0.0244,463593,0.0138,0.0207,1608,0.0213,0.2308,0.2517,0.0346,-0.0267,0
202502,29005,"atchison, mo",167450,0,0.4104,5,-0.3333,-0.4737,48,0.4015,-0.5283,4,,,0,,,0,-1,-1,5,0.4286,4,106,0.0136,0.1825,1627,0.0685,0.0358,153022,-0.0592,0.1091,10,-0.0476,0,1,0.5333,0.8947,0
202502,48371,"pecos, tx",235000,-0.0167,0.0341,49,-0.0102,0.2125,102,-0.0469,0.3716,8,0.3333,-0.3333,0,,,8,0.3333,0.3333,3,0.5,-0.4,119,-0.0297,0.0398,1636,-0.0012,-0.147,217770,-0.0015,-0.0686,52,0.04,0.1556,0.0619,0.021,-0.0631,0
202502,51660,"harrisonburg, va",324943,-0.0261,-0.003,22,0,-0.3281,44,0.0172,-0.0969,16,0.1429,-0.5294,0,,,6,0,0,22,-0.0652,-0.3485,195,-0.0167,0.0779,1715,0.0196,0.0117,390492,0.0675,0.1326,42,-0.0568,-0.3516,1,-0.0698,-0.0313,0
202502,18069,"huntington, in",219950,-0.1021,-0.0955,47,-0.1143,-0.0882,67,-0.0221,0.0153,30,0.25,0,0,,,16,-0.4286,0.6,50,0.2821,0.1494,133,-0.0102,-0.0453,1714,-0.0516,0.0972,280617,-0.0161,0.1236,97,0.0321,0.0266,1.0753,0.3324,0.2223,0
202502,13271,"telfair, ga",198000,0.1006,-0.2383,19,0.1935,0.0882,109,0.1512,0.5725,6,0,-0.25,0,,,2,-0.5,-0.5,3,-0.1667,-0.4444,126,0.043,0.0487,1559,0.0171,-0.3085,255532,0.0893,-0.3058,22,0.1622,0.0238,0.1351,-0.0584,-0.1296,1
202502,34003,"bergen, nj",799900,0.0187,0.0262,934,-0.0376,-0.0199,33,-0.3925,0,592,0.0764,-0.0263,14,1.3333,0.4,100,-0.0741,0.3158,182,-0.0055,0.1561,408,0.0019,0.068,1914,-0.0193,-0.1349,1457644,0.0275,0.0891,1108,-0.0259,0.0032,0.1943,0.0063,0.0296,0
202502,31135,"perkins, ne",240000,-0.1864,-0.4241,6,0,1,52,0.2011,0.6457,0,-1,-1,0,,,0,,,1,0,-0.8333,84,-0.3731,-0.3389,2035,0.1181,-0.4048,295496,-0.4131,-0.2688,7,0,-0.2222,0.1667,0,-1.8333,1
202502,06059,"orange, ca",1409223,0.0372,0.0442,2901,0.0821,0.5186,38,-0.3902,0.0417,2296,0.0399,0.1081,82,0.4643,-0.0465,810,0.4261,0.7457,1740,0.3059,0.0266,740,0.0174,0.0602,1868,0.0238,-0.0099,2788668,0.0311,-0.0183,4636,0.1638,0.3052,0.5997,0.1028,-0.2874,0
202502,13161,"jeff davis, ga",302500,-0.1388,0.4503,23,0.2778,-0.1636,68,-0.22,-0.4699,10,0.6667,1.5,0,,,6,0,0.5,7,0.0833,0.0833,149,0.0167,0.2282,2138,0,0.2456,356136,-0.0209,0.4544,28,0.1702,-0.1791,0.2826,-0.0507,0.0644,1
202502,51025,"brunswick, va",305096,0.0462,0.0696,37,-0.0263,0.5745,86,0.1787,-0.1068,8,0.3333,0,0,,,6,-0.5714,2,11,0,0.5714,206,0.1326,0.1471,1514,-0.0457,-0.1076,296630,0.0905,-0.1846,48,-0.0204,0.5238,0.2973,0.0078,-0.0006,0
202502,47095,"lake, tn",99450,-0.4147,-0.4513,15,-0.1429,0.5789,97,0.1557,-0.1925,0,-1,,0,,,2,0,,5,0.4286,0.6667,77,-0.2779,-0.2787,1421,0.0046,0.0146,134409,-0.1238,-0.2796,20,-0.0909,0.6,0.3333,0.1333,0.0175,1
202502,20133,"neosho, ks",143250,0.1019,0.4096,44,-0.2281,0.5714,85,0.1184,-0.1981,2,-0.8,,0,,,10,0.25,0.6667,15,-0.2857,0.3043,92,0.0708,0.2772,1749,0.0536,0.0374,192440,0.1317,0.3923,59,-0.2237,0.5128,0.3409,-0.0275,-0.0698,0
202502,39003,"allen, oh",205175,-0.0964,0.5644,152,0.1099,0.0521,63,0.0593,-0.1259,84,0.4483,0.3548,0,,,52,0.3,0.3,93,0.0941,-0.2346,131,-0.0304,0.5538,1586,-0.0751,0.0831,240258,-0.0587,0.3457,244,0.0944,-0.0829,0.6139,-0.0088,-0.2299,1
202502,38053,"mckenzie, nd",464125,-0.013,0.1901,26,-0.0556,-0.2917,67,-0.38,-0.3512,6,0,0.5,0,,,0,,,20,0.0256,0,241,0.0291,0.1189,2098,0.04,0.0834,528485,0.0291,-0.0753,46,-0.0109,-0.1651,0.7843,0.0621,0.2288,0
202502,54011,"cabell, wv",168250,0.0051,0.2952,165,-0.006,-0.1586,86,0.075,0.0818,56,0.037,-0.2222,0,,,34,0,-0.3462,89,0.0471,-0.2193,109,0.1694,0.1772,1640,-0.0238,0.067,243334,0.0785,0.2143,251,0.0101,-0.1864,0.541,0.0274,-0.0421,0
202502,39015,"brown, oh",268350,0.0129,-0.0326,90,-0.0722,0.3139,92,0.122,1.0559,44,1.75,0.1,0,,,20,0,0.25,52,0.2716,0.4507,178,0.0381,0.0676,1651,0.0043,0.0014,351206,0.0253,0.1585,138,0.0073,0.3398,0.5722,0.1547,0.054,1
202502,35037,"quay, nm",207225,0.1111,-0.1456,34,-0.1067,0.2885,147,0.1713,0.0034,2,-0.5,0,0,,,0,-1,-1,7,1,1.8,114,-0.0273,-0.1186,1868,0.0378,0.0261,212107,-0.01,-0.2216,41,-0.0241,0.4211,0.209,0.1156,0.1128,1
202502,44003,"kent, ri",476175,-0.0026,0.1144,181,-0.0398,0.0806,39,-0.0882,0.0839,138,0.1129,-0.0676,2,-0.9524,-0.5,32,-0.4839,0.0667,226,0.0711,-0.1189,303,-0.0183,0.126,1643,-0.0321,-0.0359,573051,-0.0494,0.0242,406,0.0214,-0.038,1.2486,0.1293,-0.2827,0
202502,40141,"tillman, ok",85000,0,-0.3982,17,0.2222,0.2222,82,-0.1421,0.1519,0,-1,-1,0,,,0,,-1,7,0.0833,-0.2778,63,-0.0114,-0.0977,1420,0.0526,-0.1008,154125,0.2101,0.0558,23,0.122,0.0455,0.3939,-0.0505,-0.2727,1
202502,47045,"dyer, tn",222000,-0.0344,0.1157,75,0.0204,0.087,82,0.0217,-0.06,30,0.5,0.1538,0,,,10,0,-0.5455,23,0.25,-0.3284,131,-0.0223,0.1432,1576,-0.0384,-0.0845,267484,-0.0244,0.1805,98,0.0714,-0.0441,0.3,0.0551,-0.1855,0
202502,53017,"douglas, wa",619900,-0.0073,-0.0306,76,-0.1214,0.3945,95,0.2102,0.0795,20,-0.2857,-0.2308,0,,,14,-0.3636,0.75,49,0.8148,0.1264,297,0.0149,-0.0034,2129,0.0411,0.0182,734745,-0.0027,-0.072,124,0.083,0.2653,0.6447,0.3326,-0.1534,0
202502,19025,"calhoun, ia",123750,-0.01,-0.3394,11,0.1,-0.4634,87,-0.1659,-0.2254,6,0,0.5,0,,,2,0,,6,0,0.5714,82,0.01,-0.261,1712,0.068,0.1052,227618,0.1196,-0.1825,16,0,-0.3333,0.5,-0.05,0.3293,1
202502,21185,"oldham, ky",525000,0.0037,-0.1532,122,-0.0431,0.0655,67,0.0229,0.4889,44,-0.1538,-0.3333,2,0,0,32,0.0667,0.2308,68,0.0462,-0.2486,220,-0.0186,-0.0143,2758,0.0974,0.0449,793362,0.1016,0.1421,190,-0.0181,-0.0889,0.5574,0.0476,-0.233,1
202502,08089,"otero, co",201100,0.0056,0.0447,78,0.0331,0.248,127,0.01,0.4095,16,0,-0.3333,0,,,18,0.125,0.2857,14,0.2727,-0.3,128,-0.0438,0.0816,1583,-0.003,-0.0622,223319,-0.2304,-0.1166,91,0.052,0.0706,0.1795,0.0338,-0.1405,0
202502,19009,"audubon, ia",207925,-0.0324,-0.187,29,0.0943,0.7059,68,0.2905,-0.2943,4,0,0,0,,,2,,-0.5,10,-0.1739,8.5,145,0.0158,-0.0636,1381,-0.0153,0.0091,270451,0.0477,0.0245,37,-0.0135,1.0278,0.3276,-0.1064,0.2688,1
202502,27173,"yellow medicine, mn",196225,-0.0101,0.1118,17,0,-0.2093,162,0.0189,0.805,4,-0.3333,0,0,,,4,,1,6,-0.25,-0.3333,94,0.056,0.0583,1879,-0.0732,-0.0559,202009,-0.0155,0.0302,23,-0.08,-0.2333,0.3529,-0.1176,-0.0657,0
202502,19181,"warren, ia",349968,-0.0071,-0.0001,233,0.0497,0.4177,81,-0.0526,-0.1692,96,0.2308,0.2632,0,-1,-1,66,0.2222,0.0645,130,0.3704,0.2392,233,-0.0121,0.0087,1508,-0.0018,-0.0025,410945,-0.0311,0.012,360,0.1392,0.3433,0.557,0.1304,-0.0802,0
202502,40099,"murray, ok",241675,-0.0095,0.0044,52,-0.037,0.1064,80,-0.1061,-0.3928,20,0.1111,0.1111,0,,,12,-0.1429,2,11,0.05,-0.087,143,0.0046,-0.0883,1749,0.0374,0.0803,265779,-0.0011,-0.1386,63,-0.0157,0.0776,0.2019,0.0167,-0.0428,0
202502,08017,"cheyenne, co",212250,0,0.6019,8,0,3,157,0.1856,1.6983,0,,,0,,,2,,,1,0,,123,-0.0157,0.6532,1976,0,-0.093,216469,-0.0072,0.6337,9,-0.0556,3.25,0.125,0,,1
202502,21003,"allen, ky",263725,-0.0275,-0.0046,84,-0.0455,0.3333,91,0.1173,0.1908,20,-0.1667,0.25,0,,-1,20,0,0.25,29,0.0357,0.45,178,0.0022,0.0275,1543,0.0049,0,322573,0.0053,0.0943,114,-0.0173,0.3593,0.3452,0.0271,0.0278,0
202502,45067,"marion, sc",187450,-0.0387,0.0994,95,-0.0206,0.4179,99,0.0232,0.7261,12,-0.4,-0.4545,0,,,26,0.0833,0.3,16,0.4545,0.2308,111,-0.0682,0.0051,1615,-0.0264,-0.0157,202423,-0.0511,-0.0123,107,0.0143,0.4106,0.1684,0.055,-0.0256,0
202502,42031,"clarion, pa",212500,0.0759,0.2436,37,-0.0633,-0.2525,114,0.0654,-0.0898,12,0.2,-0.25,0,,,4,1,-0.6,22,0.075,-0.1569,121,0.0829,0.1523,1717,-0.0003,0.1345,313745,0.1174,0.3794,59,-0.0084,-0.1918,0.5811,0.0748,0.0659,0
202502,01089,"madison, al",359900,0.0103,-0.0261,1675,-0.0144,0.3642,88,0.0144,0.3172,594,-0.1054,-0.0198,84,-0.4324,0.0769,542,0.0074,0.2044,786,0.2586,3.3667,169,0.0017,-0.0169,2200,0.0163,-0.0085,422838,0.0055,-0.065,2457,0.0581,0.7407,0.4694,0.1018,0.3228,0
202502,29129,"mercer, mo",104950,0.2029,0.4377,11,0.4667,0.8333,37,-0.2673,-0.6871,6,0.5,0.5,0,,,0,,-1,3,0.5,0.2,72,-0.0241,0.1817,1200,0.0101,-0.0287,181344,0.3604,0.4447,14,0.4737,0.5556,0.2727,0.0061,-0.1439,1
202502,34023,"middlesex, nj",529475,-0.0024,0.059,805,0.0119,0.2944,38,-0.3491,0.1984,472,0.0306,-0.0126,10,0,0.6667,140,0.4894,0.75,791,-0.0044,-0.0389,332,-0.0009,0.0664,1601,-0.0263,-0.0436,608050,-0.0026,0.0312,1552,0.0039,0.0922,0.9826,-0.0161,-0.3408,0
202502,37131,"northampton, nc",178725,0.0513,0.1348,26,-0.1746,0.1556,128,0.3299,0.2995,8,0.3333,0,0,,,6,0,2,14,0.4,0.1667,128,0.0147,0.3621,1589,0.0134,-0.1821,350740,0.0507,0.0683,40,-0.0361,0.1429,0.5385,0.221,0.0051,0
202502,36013,"chautauqua, ny",185000,0,0.0889,222,0.0473,0.2841,103,0.1879,0.4271,50,-0.1379,-0.3421,0,,-1,34,-0.15,-0.2273,141,-0.0569,0.5932,113,-0.0268,0.1112,1621,0.0224,0.0258,336185,0.0634,0.0472,360,0,0.3873,0.6366,-0.0703,0.1235,0
202502,13143,"haralson, ga",363155,0.0683,0.1038,117,-0.068,0.4936,56,-0.3353,0.1313,38,-0.0952,0.5833,2,0,,26,-0.2778,0.1818,66,0.213,0.6173,173,-0.0198,0.1371,2249,0.1187,-0.0186,399053,0.0284,0.0112,180,0.0227,0.5451,0.5622,0.1302,0.043,0
202502,33011,"hillsborough, nh",576225,-0.0047,0.007,228,-0.0936,0.0271,39,-0.1676,0.6739,236,0.1346,-0.1194,6,-0.25,0,44,0.0476,0.375,313,0.1082,1.4414,305,0.0227,0.0562,2057,0.006,0.0484,698254,0.0081,-0.0328,542,0.0131,0.5741,1.3736,0.2501,0.7957,0
202502,48387,"red river, tx",230975,0.1607,0.3448,51,-0.0642,0.2911,104,0.0049,-0.1802,10,1.5,0.25,0,,,2,-0.8333,-0.75,8,1.6667,0,146,0.1089,0.0694,1800,0.0169,0.2026,400155,0.0285,0.2705,59,0.0172,0.2688,0.1569,0.1018,-0.0457,0
202502,48329,"midland, tx",419448,0.02,0.0335,444,-0.0263,0.041,48,-0.146,0.0843,260,0.2381,0,6,-0.25,-0.5,162,0.0658,0.0385,131,0.3249,-0.0543,195,0.0138,0.0419,2248,-0.0106,-0.0056,571409,0.0205,0.0353,572,0.0224,0.0205,0.2939,0.0779,-0.0296,0
202502,32019,"lyon, nv",444975,0.0001,-0.0059,152,-0.0559,0.0896,62,-0.1761,0.0081,86,0.4828,0.0488,4,1,0,42,-0.3438,0.05,82,0.1799,-0.2,264,0.0211,0.0809,1737,-0.0266,-0.1012,509260,-0.0038,0.0129,235,0.0263,-0.035,0.5395,0.1078,-0.1953,0
202502,16049,"idaho, id",600500,-0.0188,-0.0192,85,0.0497,0.4083,126,0.008,-0.2693,18,1.25,0.2857,2,,,6,0.5,2,11,-0.16,0.3125,273,-0.0325,-0.1311,2200,-0.0027,0.0285,874367,0.0523,-0.0884,95,0.0326,0.3971,0.1243,-0.031,-0.0091,0
202502,37111,"mcdowell, nc",467500,0.1953,0.0772,108,0.0697,0.319,84,-0.0822,0.003,42,0.3125,0.1053,0,,,34,-0.0556,0.3077,49,0.043,-0.0102,246,0.0187,0.0004,1853,0.0683,0.0619,573872,0.0581,0.0215,156,0.0685,0.1908,0.4512,-0.0115,-0.1501,0
202502,38009,"bottineau, nd",194900,-0.1187,-0.2187,25,0.0426,0.1395,119,-0.0463,-0.1842,4,1,1,0,,,6,,2,7,-0.0667,0.0769,97,-0.1431,-0.3973,1640,-0.0498,0.0142,282910,-0.0627,-0.1477,32,0.0161,0.1667,0.2857,-0.0334,-0.0166,1
202502,20197,"wabaunsee, ks",307500,0.0084,-0.3376,10,0.0556,-0.24,79,-0.0394,-0.183,4,0,-0.5,0,,,2,-0.5,,6,-0.2667,0.2222,137,0.0122,-0.2233,1997,0,0.1389,353926,0.054,-0.3047,15,-0.0938,-0.1212,0.5789,-0.2544,0.2189,1
202502,18057,"hamilton, in",490700,0.0256,0.0474,422,-0.1354,0.0794,58,-0.076,0.3051,362,0.2837,0.0112,10,0.6667,0,184,0.0952,0.0575,516,0.3526,0.0761,185,0.0113,-0.0231,2516,-0.0005,0.0006,643439,0.0266,-0.0512,942,0.0847,0.0834,1.2242,0.4416,-0.0037,0
202502,13149,"heard, ga",347425,0.0224,-0.0533,27,-0.0862,0.5588,67,-0.2232,0.1453,14,0,1.3333,0,,,14,0.1667,6,17,0.1333,1.125,206,0.0319,0.196,1665,-0.0197,-0.1696,450708,0.0098,-0.1865,43,-0.0227,0.6863,0.6415,0.1243,0.1709,1
202502,48159,"franklin, tx",340875,-0.004,-0.0531,79,0.1791,0.3504,50,-0.095,-0.1379,26,-0.0714,-0.1333,0,,,12,0.5,2,9,0.3077,-0.2917,196,0.0124,0.0341,1966,0.0368,0.0076,660556,0.0316,-0.0413,88,0.1892,0.2754,0.1076,0.0106,-0.0975,0
202502,41019,"douglas, or",439200,0.0006,0.1512,309,-0.0374,0.4055,90,0.0314,0.1954,90,0.0227,-0.1176,10,-0.1667,0,114,0.3256,0.2955,126,0.328,0.0913,258,0.0028,0.0679,1768,-0.0087,0.0524,580226,0.013,0.0059,433,0.0334,0.2964,0.4068,0.112,-0.1171,0
202502,08051,"gunnison, co",990000,-0.0215,-0.0992,166,-0.006,-0.0956,107,-0.2114,-0.2228,38,0.9,0.3571,0,,,18,-0.1818,0.125,29,0.0179,0.0179,728,0.011,-0.0053,1729,-0.0089,-0.0171,2020523,0.0132,-0.038,196,0.0077,-0.0667,0.1722,0.004,0.0192,0
202502,06051,"mono, ca",968687,0.0872,0.2946,110,0.0186,0.1838,85,-0.1399,-0.0029,24,-0.4545,-0.2941,0,,,18,-0.1,0,23,0.4839,0.0455,687,0.0674,0.0753,1639,0.0168,0.1396,1479394,0.0791,0.3632,131,0.061,0.1498,0.21,0.0659,-0.0278,0
202502,46103,"pennington, sd",387450,-0.0063,0.0779,293,-0.0378,0.2033,65,-0.1447,0.3542,118,0.2041,-0.0923,4,0,0,70,0,0.2069,129,0.1217,-0.048,246,0.0079,0.0741,1641,-0.0492,-0.0926,509753,-0.0148,0.001,428,0.0326,0.1461,0.4403,0.0626,-0.1162,0
202502,36065,"oneida, ny",249900,0.0527,0.049,256,-0.0154,0.1381,92,0.1646,0.1536,66,-0.1538,-0.4107,0,-1,,42,0.1053,-0.125,251,-0.0492,-0.0271,155,0.0041,0.032,1605,-0.0033,-0.0155,287469,0.0116,-0.0606,501,-0.0393,0.0309,0.9824,-0.035,-0.1668,0
202502,39079,"jackson, oh",227000,-0.0529,0.1582,58,-0.0794,-0.0085,104,0.0122,0.0098,14,0.4,-0.2222,0,,,12,-0.1429,-0.1429,19,0.3214,0.48,141,0.0036,0.0586,1526,0.0113,-0.0688,266659,-0.0266,-0.0882,76,-0.0195,0.0559,0.319,0.0967,0.1053,0
202502,42071,"lancaster, pa",425000,0.04,0.0113,386,-0.009,0.2313,37,-0.2736,-0.0641,350,0.3258,0.0802,36,0,0,100,-0.0566,0,452,0.0998,0.0203,214,0.0147,0.0439,1880,-0.0235,-0.0512,518760,0.0161,0.0467,843,0.0644,0.1137,1.171,0.1158,-0.2421,0
202502,46035,"davison, sd",378550,0.0436,0.2727,37,-0.1512,-0.0135,87,-0.1054,0.4622,12,-0.25,0,0,,,6,0,-0.5,3,0.5,0.5,163,0.059,0.0891,2242,-0.0129,0.1593,409226,0.0434,0.2228,39,-0.1444,-0.0128,0.0822,0.0357,0.0281,0
202502,42081,"lycoming, pa",232475,-0.0423,0.0391,133,-0.0362,0.4536,59,-0.1203,-0.1333,62,0.2917,0,0,,,46,0.3529,0.9167,37,0.2542,0.2333,144,-0.0001,0.1317,1597,-0.0301,-0.0761,354087,0.0355,0.2508,170,0.0119,0.4244,0.2782,0.0644,-0.0497,0
202502,47041,"dekalb, tn",399675,0.0056,0.0274,154,0.0694,0.5714,91,-0.0344,0.3469,54,0.5882,0.125,0,,-1,38,0.1875,1.375,34,0.0469,0.2182,224,-0.0058,0.0204,1690,-0.0242,-0.1096,658176,-0.0277,0.2026,184,0.0575,0.4779,0.2175,-0.0047,-0.0631,0
202502,36023,"cortland, ny",179350,0.0007,0.0316,33,0.0484,-0.1447,73,0.0772,-0.0168,16,-0.2,-0.3333,0,,,6,2,-0.5714,45,-0.0532,-0.3047,135,0.0375,0.1633,1684,0.0838,0.0509,278413,0.0092,0.3916,76,-0.0318,-0.2549,1.3692,-0.1469,-0.315,0
202502,47091,"johnson, tn",410325,0.0942,-0.0207,68,-0.049,0.4624,108,-0.1313,-0.2749,22,0.2222,2.6667,0,,,16,0.6,1.6667,17,0.0313,-0.0571,239,0.0426,0.1259,1907,-0.0046,-0.0607,563016,0.035,-0.1639,85,-0.0559,0.352,0.2426,0.0189,-0.1337,1
202502,48369,"parmer, tx",233125,0.0361,-0.072,10,-0.0909,0,118,-0.1455,0.6096,4,,-0.3333,0,,,0,-1,,3,1.5,0.6667,134,0.2281,0.1817,1698,-0.1399,-0.1873,223441,-0.0025,-0.1303,13,0.0417,0.0417,0.25,0.1591,0.1,0
202502,12021,"collier, fl",779200,-0.0159,-0.0832,7841,0.1399,0.4418,71,0.0071,0.0602,2054,-0.0144,0.1043,54,0.08,0.5882,3218,0.3408,0.5136,1197,0.2879,-0.1841,443,-0.0049,-0.112,1805,0.0007,-0.0051,1825814,-0.0116,-0.1127,9031,0.1575,0.3095,0.1526,0.0175,-0.1171,0
202502,47089,"jefferson, tn",472450,0.0107,-0.1444,216,-0.0159,0.4644,88,0.0476,-0.0663,58,0,0.0741,0,,-1,100,0.4286,1.2727,78,0.3,-0.0877,231,-0.0042,-0.0802,2067,-0.0028,-0.0389,680115,0.0188,-0.0365,293,0.0541,0.2554,0.3611,0.0878,-0.2185,1
202502,20123,"mitchell, ks",133750,-0.1621,-0.2109,25,0.3889,1.2727,86,-0.235,-0.2069,12,5,2,0,,,0,,,4,-0.3846,0.6,80,-0.0769,-0.0683,1222,-0.1616,-0.1382,189789,-0.0612,-0.269,29,0.16,1.1481,0.16,-0.2011,-0.0673,1
202502,08021,"conejos, co",392500,-0.0542,-0.3233,16,-0.1143,0.069,148,-0.0839,0.2343,4,,0,0,,,0,,,4,0.3333,-0.1111,194,-0.0143,-0.0285,2072,-0.0032,0.1111,1300728,0.0849,1.0192,20,-0.025,0.0263,0.2581,0.0866,-0.0523,1
202502,26081,"kent, mi",379950,0.0352,-0.0499,585,-0.123,0.4291,52,-0.2046,0.3205,462,0.1667,0.0694,8,-0.4286,1,168,-0.2432,0.75,583,0.166,0.1614,208,0.0332,-0.006,1855,0.0024,-0.0595,492374,0.0253,-0.0685,1169,0.0104,0.2846,0.9974,0.2472,-0.23,0
202502,46111,"sanborn, sd",252000,-0.0137,2.6259,4,0.1429,7,128,0.0805,-0.3014,0,,,0,,,0,,,,,,179,0.0606,1.4159,1221,-0.1162,0.3045,252225,-0.0456,2.6291,4,0.1429,7,,,,1
202502,51139,"page, va",367175,-0.079,0.2243,52,0.03,-0.0965,79,-0.1029,-0.2698,34,2.4,1.125,0,,,16,0.1429,-0.2,27,0.0192,-0.0862,214,-0.0217,0.1407,1774,-0.0647,0.0922,534307,-0.0566,0.1448,78,0.0333,-0.0988,0.5146,-0.0054,0.0058,1
202502,41061,"union, or",347975,-0.0047,-0.0324,52,0.0097,0.3,109,0.1361,0.3232,16,-0.1111,-0.2727,0,-1,-1,14,0,0,19,0.0278,-0.4308,189,-0.0192,-0.024,2056,0.0724,0.0646,842292,0.0271,0.1397,71,0.0368,-0.0208,0.3558,0.0063,-0.4567,0
202502,54091,"taylor, wv",230000,0,0.1795,13,-0.3243,-0.2647,78,0.0505,0.0097,4,1,-0.5,0,,,8,0.3333,3,10,0.5385,0.5385,136,-0.0059,0.0582,1678,-0.0666,0.0798,255789,-0.1309,0.0795,23,-0.0612,-0.0213,0.8,0.4486,0.4176,0
202502,28139,"tippah, ms",190000,0.0005,-0.1458,34,0.0303,0.3077,100,0.1845,-0.0613,4,0,-0.6,0,,,0,-1,-1,8,-0.3478,-0.3182,122,0.0116,0.1176,1554,-0.0066,-0.2242,319339,0.0192,-0.0578,42,-0.046,0.137,0.2206,-0.1279,-0.2025,1
202502,21207,"russell, ky",285000,-0.0085,0.3181,88,0.0732,0.8526,105,0.0243,0.1893,22,0.2222,0.5714,0,,,12,-0.1429,2,15,0.1154,-0.1212,188,0.026,0.2434,1521,-0.002,0.1325,357543,-0.0181,0.3323,104,0.0947,0.625,0.1648,0.0062,-0.1826,0
202502,20187,"stanton, ks",277000,0.3447,-0.1568,2,0,0,113,0.2697,-0.4235,0,,,0,,,0,,,2,0,0,212,0.4451,-0.0799,1722,0.101,-0.1836,277000,0.1043,-0.1568,3,-0.25,-0.25,1,0,0,1
202502,53005,"benton, wa",514905,-0.0063,-0.0106,540,-0.0182,0.0877,73,-0.0135,0.0282,212,0.0392,-0.0275,8,-0.3333,-0.5,128,0,0.0323,152,0.2936,0.0975,269,-0.0009,0.0219,1990,-0.0183,-0.0281,573452,-0.0097,-0.0082,694,0.0335,0.0956,0.2817,0.0679,0.0025,0
202502,48253,"jones, tx",234975,0.2539,0.062,65,0.1017,0.2621,100,-0.1395,0.5664,22,2.6667,0.5714,0,,,12,0.5,-0.25,16,0.0323,0.0667,110,0.0809,0.0013,1813,0.0709,-0.0623,254098,0.0708,-0.0499,80,0.0811,0.194,0.2462,-0.0166,-0.0451,0
202502,06075,"san francisco, ca",1162250,0.0588,-0.0294,766,0.0889,-0.0353,59,-0.314,0.9344,502,-0.1549,-0.1004,10,0.6667,0,138,0.6429,0.2778,330,0.5349,0.0361,956,0.0046,-0.0406,1307,0.0515,0.0161,1853200,0.0402,-0.0397,1091,0.2163,-0.014,0.4311,0.1253,0.0297,0
202502,16023,"butte, id",232000,0.2115,-0.0322,8,-0.1176,-0.375,161,0.0973,0.3016,4,,,0,,,6,0.5,2,4,0,-0.125,156,0.1256,0.0946,1454,-0.2332,-0.2554,288344,0.0796,-0.1419,11,-0.16,-0.3438,0.4667,0.0549,0.1333,0
202502,46029,"codington, sd",369900,0.0276,-0.0295,71,0.128,0.0522,102,-0.0423,0.1057,22,0.8333,0.2222,0,,,4,0,-0.3333,15,0.4286,0.4286,205,0.044,-0.1619,1867,-0.022,0.2239,440148,0.07,0.1101,86,0.1554,0.1325,0.2128,0.0448,0.056,0
202502,28103,"noxubee, ms",205500,0.1879,0.227,6,0,0.3333,76,-0.1532,0.3217,4,,0,0,,,2,,,2,1,,94,-0.0368,-0.0302,2204,0.0069,0.0754,210592,0.1283,0.1756,8,0.1429,0.7778,0.3333,0.1667,,0
202502,55078,"menominee, wi",405000,0.1615,-0.19,9,0.3077,0.5455,109,-0.0289,3.1226,2,0,-0.5,0,,,4,,,1,,-0.5,277,0.1173,0.3879,1176,0.0208,-0.3404,476509,0.3362,-0.1592,9,0.3846,0.125,0.1176,,-0.246,1
202502,41021,"gilliam, or",232000,0.1689,-0.4163,8,0.1538,1.5,112,0.2348,-0.0933,0,,-1,0,,,0,,,1,-0.3333,0,139,-0.0358,-0.3043,1614,0.2135,-0.3797,609217,-0.0702,-0.2272,8,0,1,0.1333,-0.0974,-0.2,1
202502,12121,"suwannee, fl",376750,0.002,-0.0112,96,0.0269,0.1369,108,0.0617,0.5035,16,-0.4667,-0.4286,0,,,32,0.4545,0.3333,27,0.0385,0.4211,216,-0.0603,0.0542,1677,-0.0019,-0.1273,444668,0.014,-0.2852,122,0.0167,0.1796,0.2827,0.0032,0.0565,0
202502,31141,"platte, ne",319250,0.0298,0.1118,83,0.0311,0.1773,93,0.1563,0.0452,22,-0.4211,0.1,0,,,14,-0.2222,0.1667,4,0.75,-0.125,219,0.0002,0.0488,1398,-0.0103,-0.02,339584,0.0101,0.0763,87,0.0485,0.1382,0.0422,0.0173,-0.0146,0
202502,13053,"chattahoochee, ga",399999,0,-0.2302,7,0,0.1667,120,0.0785,-0.2734,0,,,0,,,0,,,1,-0.5,-0.75,123,0.0391,-0.1814,2568,0,-0.2663,370396,0.0019,-0.2631,7,-0.0667,-0.125,0.0714,-0.0714,-0.2619,1
202502,27061,"itasca, mn",261225,0.0664,-0.1397,66,-0.0435,0.1,86,-0.1179,0.1944,30,0.1538,-0.0625,0,,,8,-0.4286,-0.2,34,0.1525,-0.1605,160,0.0013,-0.0872,1521,0.004,-0.2238,374006,0.0567,-0.2317,99,0.0102,-0.0149,0.5152,0.0876,-0.1598,1
202502,12125,"union, fl",369450,0.13,-0.0275,10,0.0526,-0.5238,65,0.5663,-0.2992,4,0,-0.3333,0,,,2,,-0.6667,4,0.75,-0.4167,199,0.0061,-0.1161,1777,0.0088,0.0611,385404,0.034,-0.0865,14,0.125,-0.5,0.35,0.1395,0.0643,0
202502,19063,"emmet, ia",116450,-0.2207,0.0356,13,0.1364,0.0417,60,0.3077,-0.3425,4,-0.3333,-0.5,0,,,4,1,1,7,-0.35,-0.5185,87,-0.0287,0.1766,1327,-0.2011,-0.2516,133834,0.0013,-0.1386,19,-0.0952,-0.2549,0.52,-0.3891,-0.605,0
202502,53075,"whitman, wa",399925,0.0068,-0.1416,87,0.0482,0.1373,80,-0.2118,0.8286,38,0.3571,0.1875,0,,,16,-0.1111,1,19,0.0278,-0.075,205,-0.002,-0.0216,1999,-0.0236,-0.1574,442736,0.0088,-0.1718,106,0.0446,0.0876,0.2126,-0.0042,-0.0488,1
202502,17193,"white, il",96675,-0.2365,-0.3531,34,0.0152,0.1552,112,-0.0044,0.0641,8,0,1,0,,,8,1,1,9,0.8889,3.25,78,-0.015,-0.0929,1588,-0.1684,-0.0425,129050,-0.09,-0.2849,41,0.0933,0.3226,0.2537,0.1174,0.1848,1
202502,42043,"dauphin, pa",289725,0.0017,0.3096,325,-0.0608,0.3218,45,-0.0625,0.125,212,0.1522,-0.0862,6,-0.25,0,98,-0.1091,0.1395,329,0.0346,0.0092,159,0.0046,0.1601,1826,-0.0064,0.0487,366788,-0.0104,0.1275,648,-0.0167,0.1299,1.0123,0.0934,-0.3135,0
202502,18117,"orange, in",206475,-0.0549,0.2299,54,0.08,0.6875,102,0.0251,0.1429,20,1.5,0.6667,0,,-1,12,0.5,0.2,5,-0.4,-0.7188,139,0.0606,-0.0114,1419,-0.1847,0.1591,301115,-0.0463,0.3767,59,0.0442,0.2165,0.0833,-0.0667,-0.4167,0
202502,39035,"cuyahoga, oh",199900,0.0045,0.1112,1615,-0.0803,0.0971,60,-0.0985,0.1782,1056,0.211,-0.0435,22,0.2222,0.375,460,-0.1321,0.0132,1330,0.1806,-0.0181,134,0.0162,0.14,1736,-0.003,0.0225,330737,0.0326,0.0338,2943,0.0203,0.0414,0.8235,0.182,-0.0966,0
202502,18031,"decatur, in",254225,-0.0315,0.0824,39,-0.1047,0.1493,87,0.1197,1.6615,16,0.3333,-0.4667,0,,,14,0,-0.2222,21,0.4483,-0.16,155,0.0595,-0.0114,1910,0.0647,0.0952,300929,-0.003,-0.0237,60,0.0348,0.0171,0.5455,0.2082,-0.2008,1
202502,54049,"marion, wv",174700,-0.0913,-0.1447,70,-0.109,-0.2486,94,0.175,0.2703,34,0.3077,-0.3704,0,,-1,26,-0.1333,-0.2353,64,0.0579,-0.0519,112,-0.033,-0.0436,1644,-0.0201,0.0014,224269,-0.0088,0.0053,135,-0.0182,-0.162,0.9209,0.1452,0.1911,1
202502,47125,"montgomery, tn",349900,0,0.0708,1311,-0.0061,0.3766,62,-0.1268,0.3626,512,0.148,0.0535,38,0.1875,0.1875,362,0.1529,0.4836,552,0.2015,0.5645,193,0.0004,-0.0093,1860,0.0042,0.0707,394179,-0.0035,0.0347,1860,0.0497,0.4271,0.4208,0.0727,0.0506,0
202502,31057,"dundy, ne",48875,-0.6509,-0.7717,5,-0.1667,-0.2308,150,0.0101,3.6719,2,,-0.5,0,,,0,,,2,0,-0.25,88,0.027,-0.1557,1499,0.1203,0.0984,118250,-0.2729,-0.5733,7,-0.1333,-0.1875,0.3,0.05,-0.0077,1
202502,06069,"san benito, ca",825170,0.0004,0.0315,89,0.0854,0.1056,58,-0.287,0.32,54,0.6875,0.2857,0,-1,-1,18,0.5,0.125,52,0.0957,0.03,422,-0.0203,-0.0193,1906,0.0033,-0.0198,858232,-0.0017,-0.0896,141,0.0891,0.0766,0.5787,0.0055,-0.0425,0
202502,37081,"guilford, nc",346493,-0.0053,0.0135,907,-0.0077,0.2391,54,-0.208,0.1989,498,0.1475,0.004,10,0,-0.875,340,0.0303,0.1039,675,0.1638,-0.1352,173,-0.0118,0.0237,1753,-0.0443,-0.1638,426099,-0.0116,0.0544,1586,0.0637,0.0497,0.7442,0.1096,-0.322,0
202502,09170,"south central connecticut planning region, ct",457500,0.0399,0.0998,457,-0.0721,0.0554,54,-0.129,0.1934,308,-0.0494,-0.1047,6,0,,102,0.02,0.0625,540,0.0694,-0.0101,287,0.0294,0.1981,1501,0.0213,-0.1447,846711,0.0745,0.3916,996,-0.009,0.0189,1.1805,0.1562,-0.0781,0
202502,47067,"hancock, tn",310475,-0.0295,-0.1613,31,0.0339,0.3556,101,0.1744,-0.2016,4,0,1,0,,,8,3,0.3333,2,-0.2,-0.6,224,-0.0126,-0.0464,1329,-0.0037,-0.1614,448121,-0.0032,-0.065,32,-0.0156,0.1455,0.0656,-0.0192,-0.1566,1
202502,40121,"pittsburg, ok",224900,-0.0304,-0.0625,228,0.0411,0.3818,110,0.0811,0.3253,44,-0.0435,-0.12,0,,,48,0.7143,0.2632,36,-0.2198,-0.2111,133,0.0209,0.0017,1678,-0.0166,-0.0466,391363,0.0044,0.1327,263,-0.0019,0.2441,0.1557,-0.0521,-0.117,0
202502,22123,"west carroll, la",135000,-0.0182,-0.1067,10,0,-0.2308,120,0.1065,-0.2461,2,-0.5,,0,,,4,,,3,1.5,-0.1667,80,-0.0541,-0.1569,1810,-0.0101,-0.0354,169600,0.0667,-0.0259,13,0.1818,-0.1875,0.25,0.15,0.0192,1
202502,47111,"macon, tn",326150,-0.0023,0.0234,104,-0.0415,0.3248,78,0.0097,0.2332,32,0.4545,0.3333,0,,,24,0.3333,0.7143,29,0.14,-0.2083,199,-0.0006,0.0564,1622,0.0064,-0.0098,433565,-0.0138,0.0626,133,0.0076,0.177,0.274,0.0436,-0.1846,0
202502,25001,"barnstable, ma",910000,0.0321,-0.0063,735,0.0523,0.2199,86,-0.0115,0.1169,340,0.3077,-0.0116,6,0.5,0.5,142,0.0923,0.2679,352,0.0634,-0.0833,545,0.0221,-0.001,1790,-0.01,-0.0457,1585240,0.0248,-0.0679,1085,0.0638,0.1027,0.4789,0.005,-0.1584,0
202502,48063,"camp, tx",289000,-0.0162,-0.0614,89,0.0171,0.5345,90,-0.1117,0.5633,14,-0.125,-0.4167,0,,-1,30,2,2.75,15,0.16,0.45,182,-0.0275,0.0636,1870,0.0252,-0.0089,467285,0.0212,0.031,103,0.0199,0.5185,0.1629,0.0201,-0.0095,0
202502,18009,"blackford, in",108725,-0.0266,-0.084,25,-0.1071,0.3889,83,0.2634,-0.0293,6,-0.4,-0.25,0,,,10,0.6667,0.25,14,-0.0345,0.2727,82,0.078,0.0368,1481,-0.0744,-0.1655,134454,0.0383,-0.1963,40,-0.0595,0.2951,0.56,0.0421,-0.0511,0
202502,42077,"lehigh, pa",384675,0.0124,0.0688,277,-0.1081,0.1038,42,-0.134,0.3228,216,0.0385,-0.0526,4,-0.3333,-0.75,72,-0.1,0.0588,101,0.34,0.1486,199,0.0021,0.1028,1965,-0.0023,-0.0117,508527,-0.0089,0.0521,371,-0.0377,0.0978,0.3635,0.1215,0.0142,0
202502,48109,"culberson, tx",249000,-0.0301,0.9302,5,-0.1818,-0.5,170,0.1225,-0.3234,0,,-1,0,,,0,,,1,0,,133,-0.0039,0.0303,1190,-0.0867,-0.0325,187580,-0.0746,0.1706,5,-0.1667,-0.4444,0.2222,0.0404,,1
202502,51089,"henry, va",199675,0.0346,0.0853,98,-0.2169,-0.0534,77,0.0767,-0.1222,42,-0.125,-0.2222,0,,,36,-0.3793,0.125,92,0.1572,0.2105,129,0.0596,0.0902,1539,0.0098,-0.0659,248296,0.0839,-0.1814,188,-0.0647,0.0562,0.9436,0.305,0.2057,0
202502,29095,"jackson, mo",244500,-0.02,-0.1268,1612,-0.0254,0.2278,66,-0.1088,0.048,856,0.4708,-0.0183,24,0.0909,0.0909,490,0.1136,0.225,1034,0.1743,-0.0171,161,0.0117,-0.0465,1616,-0.0367,-0.0975,322613,-0.0252,-0.1293,2638,0.0489,0.1242,0.6416,0.1091,-0.1599,1
202502,54039,"kanawha, wv",150000,-0.0881,-0.0288,277,-0.105,0.108,69,0.0185,0.127,102,0.0408,-0.2154,0,-1,,46,0,-0.1154,192,0.0787,0.0579,106,-0.0057,0.0522,1625,-0.0319,0.0164,211935,-0.0433,-0.0432,473,-0.0248,0.1053,0.6931,0.118,-0.0329,0
202502,19053,"decatur, ia",191000,0.0324,0.2733,15,-0.2564,-0.1944,130,0.2536,0.4744,0,,-1,0,,,2,0,0,12,-0.0417,0.2105,133,0.0638,0.1794,1310,-0.1125,-0.0542,221814,-0.0179,-0.559,26,-0.1613,-0.0714,0.7931,0.1777,0.2653,1
202502,21035,"calloway, ky",366000,-0.0256,0.1415,66,-0.0839,0.1696,83,-0.1451,-0.0984,26,-0.2353,0.8571,0,,,22,0,0.8333,35,0.2545,0.2321,151,-0.01,-0.0077,2431,-0.0129,0.0596,441517,-0.0077,0.006,100,0.005,0.1905,0.5267,0.1421,0.0267,1
202502,34021,"mercer, nj",432000,0.036,0.1235,408,-0.0145,0.3697,52,-0.1417,0.4306,248,0.2784,-0.0462,6,-0.25,2,90,0,0.4516,421,0.0796,-0.0656,269,0.0039,0.1203,1564,0.0141,-0.0057,703347,0.018,0.1589,818,0.0361,0.1024,1.0319,0.0899,-0.4807,0
202502,20165,"rush, ks",98000,0.0316,-0.216,19,0.2333,0.4231,114,-0.2235,0.2569,6,,2,0,,,2,,,1,0,-0.5,78,0.1658,0.2876,1430,0.1,-0.1493,121393,0.0529,-0.1874,19,0.1875,0.2667,0.0541,-0.0126,-0.0998,1
202502,30105,"valley, mt",294500,0.1493,0.421,16,-0.0588,-0.2381,125,0.2576,0.3533,0,-1,,0,,,2,0,,2,-0.3333,-0.5,138,0.0023,0.1464,2280,0.0765,0.2526,380844,0.1524,0.4534,18,-0.1,-0.28,0.125,-0.0515,-0.0655,0
202502,20011,"bourbon, ks",178755,0.1172,0.2328,37,-0.1294,0.4231,114,0.3531,0.3776,4,-0.5,-0.6667,0,,,6,0,0,17,0.2143,-0.1905,105,-0.0012,0.0913,1787,0.219,0.1169,243718,0.0375,0.3715,55,-0.0603,0.1596,0.4595,0.13,-0.3482,0
202502,51057,"essex, va",352250,0.0432,-0.0961,50,-0.0099,0.2987,67,0.0472,-0.4141,10,1.5,0.6667,0,,,14,-0.125,0.1667,22,0.075,-0.2037,231,0.013,0.0644,1615,0.0366,-0.1245,507197,0.0195,-0.1175,71,-0.007,0.0846,0.43,0.034,-0.2713,0
202502,13011,"banks, ga",409450,0.0375,0.0554,68,-0.0074,0.2054,67,-0.2277,-0.2834,20,1,-0.1667,0,,,20,0.6667,1.5,18,0.0588,-0.2,197,0.0102,-0.0211,2051,0.0045,-0.0386,539062,0.0269,0.0649,85,0.006,0.0833,0.2667,0.0167,-0.1351,0
202502,08041,"el paso, co",477500,0.0053,-0.0083,2083,-0.0083,0.5449,56,-0.1884,0.4933,990,-0.037,0.0206,40,-0.1667,1.8571,966,0.2744,0.9243,1155,0.336,0.872,228,0.0089,-0.0049,2199,0.0033,0.0008,635742,0.0256,-0.0214,3226,0.088,0.6473,0.5546,0.143,0.0969,0
202502,51720,"norton, va",149083,0.1446,0.1472,7,0.2727,3.6667,173,-0.0184,1.3412,2,,,0,,,0,,,5,-0.0909,-0.2857,99,0.0918,0.0925,1456,-0.1781,-0.0864,167646,0.0298,0.2716,12,0.0435,0.4118,0.7143,-0.2857,-3.9524,1
202502,26155,"shiawassee, mi",225425,0.0998,0.0439,89,-0.0056,0.2734,50,-0.0868,-0.0476,38,0.0556,-0.3667,2,,,18,-0.1818,-0.1,53,0.0938,-0.16,146,0.0834,0.1155,1582,0.0612,-0.0028,248522,0.0476,-0.1313,139,0.0258,0.0451,0.5932,0.0539,-0.3061,0
202502,05111,"poinsett, ar",186200,0.035,0.1466,83,-0.0405,0.169,71,-0.0814,-0.0874,22,0.2222,-0.1538,0,-1,,8,0,-0.4286,19,0.9474,-0.26,122,0.003,0.1893,1605,0.0688,0.1383,224614,0.0222,0.2119,100,0.0474,0.0419,0.2229,0.1131,-0.1292,0
202502,53069,"wahkiakum, wa",476825,-0.0719,-0.2134,23,0.5333,0.4375,44,-0.7157,-0.5628,14,1.3333,2.5,0,,,4,1,1,2,0,-0.75,278,0.0351,-0.0999,1566,-0.2446,-0.2951,596184,-0.0517,-0.0473,26,0.5,0.0408,0.087,-0.0464,-0.413,1
202502,30041,"hill, mt",244500,-0.0468,0.0404,55,-0.0603,0.1978,126,0.1859,0.1429,10,0.6667,-0.2857,0,,,6,0.5,-0.4,,,,124,-0.0016,0.0208,2016,0,-0.0199,281989,-0.0188,0.0099,55,-0.0684,0.1848,,,,0
202502,21009,"barren, ky",262400,-0.0278,0.0312,159,0.078,0.6224,76,-0.1134,0.3739,34,-0.2917,-0.0556,0,,,36,0,0.5,52,0.04,0.0833,142,-0.0026,0,1808,0.0079,0.0463,316312,0.0434,0.0842,213,0.0678,0.5018,0.327,-0.0119,-0.1628,0
202502,13015,"bartow, ga",374333,-0.0003,-0.0269,348,0.0373,0.4118,59,-0.169,0.2292,164,0.6735,0.0789,18,1.25,0.2857,120,-0.0323,0.2,166,0.1738,-0.0882,192,0.0082,-0.0356,2100,0.0162,0.0025,485120,-0.0114,-0.0752,508,0.0763,0.1939,0.4756,0.0553,-0.2607,0
202502,31127,"nemaha, ne",196750,-0.0541,0.6061,12,-0.0417,0.3529,88,-0.0383,0.0539,0,-1,-1,0,,,0,,-1,5,-0.3333,-0.0909,117,0.0415,0.5392,1443,0.0622,-0.1398,230017,-0.0083,0.497,16,-0.1579,0.2308,0.4348,-0.1902,-0.2123,1
202502,42125,"washington, pa",249500,0.021,0.0507,380,-0.0974,0.1276,94,0.1,0.1835,164,0.4138,-0.1183,4,-0.3333,,114,0.0556,0.0755,240,0.2005,0.0527,159,0.0246,0.0453,1675,-0.0103,-0.0039,451488,0.0407,0.0243,621,0.0008,0.1001,0.6303,0.1564,-0.0448,0
202502,32011,"eureka, nv",200000,0.005,0.6807,1,0,-0.7778,9,-0.9017,-0.9376,0,,,0,,,0,,,1,,,240,1.9281,0.4911,832,-0.6568,-0.1728,200000,0.005,0.3848,2,0.5,-0.6667,1,,,1
202502,13073,"columbia, ga",396700,-0.0019,0.099,443,0.0011,-0.0023,62,-0.1448,0.0081,238,0.2268,-0.048,34,0.3077,7.5,84,-0.0667,-0.3115,313,0.1041,-0.098,169,0.0006,0.0512,2503,-0.0048,0.0194,462464,-0.0093,0.1052,757,0.0356,-0.0375,0.7073,0.0659,-0.0751,0
202502,16053,"jerome, id",409900,0,0.0248,72,-0.027,0.2414,73,0.0741,0.2889,14,-0.3,-0.5,0,,,18,0.125,0.2857,22,0.2286,0.0238,241,0.0098,0.0207,1746,0.0076,-0.0235,455564,0.0136,-0.0869,95,0.0385,0.2115,0.2986,0.0621,-0.0635,0
202502,39131,"pike, oh",266225,-0.044,0.2163,42,0.012,0.1351,78,-0.0281,0.135,14,0.4,0.1667,2,,,8,0,-0.4286,12,-0.1111,-0.3684,174,-0.0041,0.1487,1450,-0.0007,-0.1439,344846,-0.0506,0.2335,54,-0.0182,-0.027,0.2857,-0.0396,-0.2278,0
202502,23009,"hancock, me",552500,0.0927,0.0984,175,-0.0982,0.094,145,0.1115,0.1796,28,-0.125,-0.3333,0,,-1,12,-0.5385,-0.1429,39,-0.0488,-0.2121,315,0.0311,0.033,1742,-0.0007,-0.0839,1099645,0.0574,-0.1273,213,-0.0917,0.0191,0.2235,0.0116,-0.0868,0
202502,18149,"starke, in",229250,0.0192,-0.1104,63,0.0081,0.4368,87,0.1154,0.0087,26,0.8571,1.1667,0,,,14,-0.125,0,27,0.4595,-0.0526,147,0.0879,-0.0051,1642,-0.0301,-0.0551,303814,0.0495,-0.0407,88,0.087,0.259,0.432,0.1336,-0.2232,1
202502,13163,"jefferson, ga",211200,-0.0399,0.0919,35,0.0781,1.0294,134,-0.029,0.0489,12,1,0.5,0,,,8,1,1,3,-0.4,-0.6,131,-0.0309,0.2466,1868,0.0361,-0.0041,369516,-0.0411,0.1043,37,-0.0135,0.5208,0.087,-0.0693,-0.3542,0
202502,49055,"wayne, ut",492500,-0.4813,-0.3666,12,0.2,0.1429,152,0.0501,0.8313,4,,0,0,,,0,-1,,3,0,0.6667,324,-0.1783,-0.2177,2238,-0.0256,-0.3008,834133,-0.1745,-0.3564,15,0.1154,0.2609,0.2083,-0.0417,0.0655,1
202502,36117,"wayne, ny",194900,-0.0603,-0.3502,57,-0.0732,0.0364,70,0.289,-0.138,36,-0.1429,-0.0526,0,,,4,-0.7143,-0.6,97,0.0432,8.65,129,-0.0018,-0.1042,1610,-0.0306,-0.0348,261031,0.0272,-0.0784,151,-0.0195,1.3154,1.693,0.1889,1.5112,1
202502,20155,"reno, ks",185000,0.0095,0.3262,99,0.0703,0.3113,41,-0.336,-0.1368,74,0.4231,0.0571,0,,,26,0.8571,0.1818,64,0.1239,0.0763,102,-0.0092,0.0877,1838,-0.0062,0.0724,235157,-0.0506,0.2548,167,0.1063,0.2153,0.6414,0.0306,-0.14,0
202502,47015,"cannon, tn",438475,0.039,0.0082,38,-0.1379,0.1719,72,-0.0651,0.4643,12,-0.3333,-0.1429,0,,-1,6,-0.4,-0.25,17,0.0968,0.7895,253,0,0.0798,1794,0.0547,-0.0275,515923,0.0178,-0.1542,56,-0.0431,0.3373,0.4533,0.097,0.1565,0
202502,13007,"baker, ga",208700,-0.0057,-0.7081,2,0,0,108,0.3522,0.0644,0,,,0,,,0,-1,,1,0,,130,-0.0048,-0.2687,1670,0,-0.4891,208700,-0.0057,-0.7081,3,0,0.5,0.5,0,,1
202502,55125,"vilas, wi",539250,-0.0139,-0.0361,92,0.0055,0.1646,104,-0.0631,0.0612,28,0.4,-0.2632,0,,,10,1.5,-0.1667,33,0.5349,-0.0704,332,0.0654,0.2186,1748,-0.0762,-0.1069,875138,0.0211,0.005,125,0.1111,0.087,0.3587,0.1237,-0.0907,0
202502,26165,"wexford, mi",223375,-0.0113,0.1313,81,0.0385,0.4595,98,0.074,0.4255,20,-0.2308,-0.0909,0,,,20,0.25,1.5,50,-0.2248,0.8182,146,0.0053,-0.0267,1450,0.0211,0.1291,262373,-0.0065,-0.0183,132,-0.0671,0.6196,0.6173,-0.2096,0.1218,0
202502,19101,"jefferson, ia",166500,-0.0133,-0.1815,72,-0.0069,0.5319,101,0.1676,-0.1822,10,0.6667,0.6667,0,,-1,8,-0.3333,0,13,0.5294,-0.1034,130,0.0403,-0.0422,1405,0.0054,-0.1169,251031,0.0104,-0.2322,83,0.0248,0.3525,0.1806,0.0633,-0.128,1
202502,56007,"carbon, wy",265000,0,-0.1152,76,-0.1006,-0.0318,118,0.0421,0.1059,14,0.4,-0.2222,0,,,4,-0.7143,-0.5,,,,130,-0.0293,-0.0675,1800,-0.0338,-0.1101,335102,0.0121,-0.1826,76,-0.1006,-0.038,,,,1
202502,37187,"washington, nc",206000,0.0086,0.1942,31,0,0.1961,112,0.1487,0.8361,6,0.5,0,0,,,10,0.6667,0.6667,4,-0.2,-0.6364,114,-0.0017,0.2302,1635,-0.0258,-0.104,204437,-0.0127,-0.0141,34,-0.0423,-0.0933,0.1311,-0.0328,-0.3002,0
202502,26049,"genesee, mi",147850,-0.0586,-0.2414,812,-0.0736,0.2599,73,0.0985,0.2393,382,0.1302,0.0214,10,-0.4444,-0.4444,270,0.0227,0.2617,494,0.2319,0.0356,114,-0.032,-0.1231,1260,-0.0131,-0.0608,208490,-0.0345,-0.174,1299,0.0081,0.1567,0.6084,0.1509,-0.1317,1
202502,30037,"golden valley, mt",375000,0,-0.2498,5,0,4,131,0.2805,0.0458,0,,,0,,,0,,,1,,,158,0,-0.0648,2366,0,-0.2012,1091000,0,1.1824,5,0,4,0.2,,,1
202502,12095,"orange, fl",422495,0.0001,-0.0381,4979,0.0518,0.5245,68,-0.102,0.2877,2058,0.137,0.1614,72,-0.1,-0.3455,1978,0.0977,0.5008,1795,0.2379,-0.1276,247,-0.001,-0.0238,1677,0.0001,-0.0202,623965,0.0032,-0.0786,6769,0.095,0.2682,0.3605,0.0542,-0.2695,0
202502,18001,"adams, in",235250,0.003,-0.1202,25,0.1364,-0.0741,52,-0.1073,-0.1475,26,2.25,0.625,0,,,12,0.5,0.2,16,0,-0.3043,157,0.0821,0.4398,1670,0.0433,-0.0681,235368,0.016,-0.0223,41,0.0658,-0.19,0.64,-0.0873,-0.2119,1
202502,30107,"wheatland, mt",179000,-0.0529,-0.4735,11,0.1,0.6923,149,0.0956,3.3188,0,,-1,0,,,0,,,,,,137,-0.2066,-0.4262,1259,0.1122,-0.3015,272391,0.1013,-0.3046,11,0.0476,0.6923,,,,1
202502,06023,"humboldt, ca",461250,-0.0123,-0.0026,375,0.0808,0.2914,86,-0.1699,0.0148,152,0.3333,0.434,0,,,104,0.1818,0.625,2,0,-0.3333,316,0.0233,0.0533,1487,-0.0476,-0.0139,563941,-0.0153,0.0223,377,0.0803,0.2828,0.0053,-0.0004,-0.005,0
202502,47131,"obion, tn",200165,-0.1181,0.0138,78,0.0065,0.4623,111,0.0231,0.3476,24,0.7143,0.5,0,,,22,0.1,0.8333,20,0,0.1111,125,-0.0154,0.1204,1581,-0.0453,-0.0327,351404,-0.032,0.7314,97,0.0212,0.3786,0.2581,-0.0017,-0.0816,0
202502,38023,"divide, nd",113950,-0.0938,-0.4692,6,0,-0.2143,179,0.1835,0.4406,0,,-1,0,,,0,,,1,-0.5,0,111,0,-0.0073,1739,-0.0429,-0.0254,143550,-0.0664,-0.4606,7,-0.0714,-0.0714,0.1818,-0.1818,0.039,1
202502,29121,"macon, mo",201150,-0.0851,0.0057,31,0,-0.1644,71,-0.0984,-0.2219,4,0,-0.3333,0,,,10,,0.6667,7,-0.0714,0.3,137,0.1182,0.26,1690,-0.0166,-0.1125,337270,-0.0286,0.0396,38,0.0133,-0.0952,0.2131,-0.0164,0.0761,0
202502,39089,"licking, oh",410683,0.0064,-0.0364,263,-0.0901,0.253,67,0,0.0153,160,0.1268,0.1268,2,-0.75,-0.6667,122,0.4186,0.6486,195,0.263,0.1243,209,0.0068,-0.0383,1916,0.0444,0.0309,593063,0.0418,-0.1622,458,0.0362,0.2084,0.741,0.2072,-0.0848,0
202502,12097,"osceola, fl",427398,-0.0058,-0.0583,4038,0.0718,0.3154,85,-0.0663,0.0629,1146,0.0418,0.0651,92,-0.2459,-0.4103,1220,0.1031,0.2924,1028,0.1126,-0.2389,224,-0.0005,-0.0316,1898,-0.0037,-0.0086,515810,-0.0031,-0.0688,5061,0.08,0.1452,0.2545,0.0093,-0.1853,0
202502,19167,"sioux, ia",342000,0.0171,0.2933,45,-0.0532,-0.2992,93,0.1563,-0.1514,14,0.75,-0.3,0,,,2,-0.75,-0.8333,9,0.125,-0.4545,193,0.0526,0.2021,1889,0.1311,0.1625,357820,0.0105,0.09,54,-0.0183,-0.3141,0.2022,0.032,-0.0576,0
202502,55003,"ashland, wi",222500,0.0023,-0.1439,46,-0.0316,0.3333,123,0.1966,0.1179,4,-0.6,-0.6667,0,,,14,0.4,6,13,-0.1333,-0.4348,133,-0.0123,-0.403,1509,0.0077,0.1608,284298,-0.0578,-0.1063,58,-0.072,0.0087,0.2826,-0.0332,-0.3841,1
202502,19013,"black hawk, ia",261700,0.0165,-0.109,234,0.0197,0.4594,72,-0.0302,0.2143,124,0.6316,0,4,-0.6,1,78,0.3929,0.56,130,0.0197,-0.3075,145,-0.0125,-0.0861,1629,0.0215,0.0424,300736,0.0318,-0.0754,364,0.0182,0.0551,0.5546,0,-0.6141,1
202502,17051,"fayette, il",154375,0.0484,0.1564,31,0.1481,0.1923,73,-0.3113,-0.1751,16,1,1,0,,,6,0.5,2,9,-0.32,-0.5526,100,-0.0037,-0.0224,1747,0.0269,0.1343,208393,0.0121,0.0488,38,-0.013,-0.1461,0.2742,-0.1888,-0.4566,1
202502,51011,"appomattox, va",323575,0.0116,-0.0403,40,0.039,0.4815,84,0.1284,0.4153,18,0.8,0,0,,,10,-0.5833,0.25,16,-0.1351,0.2308,206,-0.0431,0.0343,1474,0.0306,-0.1063,378933,0.0491,-0.0489,55,-0.0435,0.3253,0.4,-0.0805,-0.0815,0
202502,48405,"san augustine, tx",279000,-0.0208,-0.0321,35,0,0.2069,111,-0.1875,-0.1089,2,0,-0.8,0,,,16,0.3333,1.6667,5,0.5,3.5,171,0.0211,-0.0645,1855,0.0794,0.218,362672,0.0805,-0.041,40,0.0395,0.3167,0.1286,0.0429,0.0941,1
202502,18143,"scott, in",222450,0.0598,0.179,55,0.0792,0.2111,41,-0.3788,-0.3306,40,1.5,1,0,,,28,0.4,0.1667,8,0.0667,7,146,-0.0061,0.1086,1483,0.0196,0.0584,253725,-0.011,0.021,62,0.069,0.3478,0.1468,-0.0017,0.1246,1
202502,48007,"aransas, tx",425000,-0.0162,-0.013,488,0.0483,0.1902,91,-0.1613,-0.0055,122,0.0893,0.1091,0,,,120,0.6216,0.3953,55,0.2088,0.068,296,-0.0174,0.0031,1582,0.0011,-0.0589,555471,-0.0404,-0.0738,542,0.0648,0.1732,0.1127,0.015,-0.0129,0
202502,50007,"chittenden, vt",574975,-0.0209,0.0119,164,0.0092,0.3957,56,-0.112,0.3704,110,0.1702,0.1,4,,,36,-0.1818,2,155,0.0801,3.7692,317,0.0028,0.0731,1935,-0.0076,-0.1075,760511,-0.0839,-0.0585,319,0.0408,1.1267,0.9451,0.062,0.6685,0
202502,05133,"sevier, ar",259900,0.0243,0.0404,21,-0.125,0.2,104,0.2358,-0.0505,4,1,0,0,,,0,-1,,4,1,-0.2727,127,-0.0927,-0.129,1989,0.0414,0.1314,335347,-0.0955,0.0703,26,-0.0189,0.0833,0.1905,0.1071,-0.1238,0
202502,19197,"wright, ia",187000,-0.0145,0.0317,42,-0.1515,0.68,124,0.2369,0.8235,2,-0.75,-0.6667,0,,,8,,1,18,0,0.0294,118,0.0084,-0.0365,1557,-0.0542,-0.0377,221921,0.0053,0.1328,60,-0.0916,0.4,0.4167,0.0631,-0.2633,0
202502,26063,"huron, mi",196125,0.006,0.0328,89,-0.0829,0.3721,110,0.1575,0.2857,8,-0.6667,-0.6364,0,,,10,-0.2857,-0.2857,14,1.1538,0.5556,145,0,-0.0139,1500,-0.0625,0.1144,281913,-0.2722,-0.244,101,0,0.3467,0.1582,0.0908,0.0187,0
202502,13133,"greene, ga",874725,-0.0227,-0.002,196,0.0455,0.2654,84,-0.0118,0.4378,44,-0.1538,-0.3333,0,-1,-1,34,0.1333,0,46,0.122,-0.1481,284,-0.0014,-0.0866,2923,-0.0441,-0.0582,1328194,-0.033,0.0085,242,0.0854,0.1667,0.2353,0.016,-0.1142,0
202502,38091,"steele, nd",64500,-0.0786,-0.2412,3,-0.1667,-0.5,97,-0.3571,-0.0915,0,,,0,,,0,,-1,2,1,,45,-0.1237,-0.2479,1744,0.0767,0.2164,70833,-0.704,-0.6467,5,0.125,-0.1,0.8,0.4667,,1
202502,48379,"rains, tx",348950,0.0137,-0.1231,90,0.0526,-0.0323,89,-0.1061,-0.2338,22,0.1,1.2,2,,,16,-0.1111,-0.3333,20,0.3,1.0526,209,0.0289,-0.0257,1794,0.0302,0.0059,424341,0.0278,-0.1345,109,0.1066,0.0481,0.2167,0.0412,0.1145,1
202502,36045,"jefferson, ny",249900,0.0204,0.1,269,-0.0019,0.4944,114,0.1407,0.1947,54,-0.069,-0.3864,0,,,58,-0.1714,0.9333,117,-0.0209,-0.1789,141,0.0393,0.0632,1658,-0.0208,-0.0293,317234,0.0061,-0.0815,387,-0.0013,0.2003,0.4349,-0.0085,-0.3567,0
202502,08121,"washington, co",355000,0.0441,0.1755,26,0.3684,0.3333,81,-0.1751,0.2037,14,6,0.75,0,,,2,-0.5,-0.5,5,-0.1,-0.1818,160,-0.0203,0.2909,2040,-0.1584,-0.0324,950808,-0.1966,1.6859,29,0.14,0.14,0.1731,-0.0901,-0.109,1
202502,17067,"hancock, il",113125,0.0038,0.4503,66,0.0315,0.3789,84,-0.003,0.2122,14,0,0.75,0,,,10,0.6667,1.5,17,0.0968,0.7895,80,0.064,0.336,1394,-0.0127,0.0337,131312,-0.0934,0.1242,80,0.0258,0.3947,0.2595,0.0154,0.0595,1
202502,29135,"moniteau, mo",283650,0.0044,0.1226,16,0.0667,1.1333,102,0.1433,2.6339,10,0.6667,0.6667,0,,,2,,0,12,0.0952,0.0952,151,0.0149,0.1229,1945,-0.0478,0.212,487128,0.0152,0.8747,27,0.0392,0.4722,0.7188,0.0188,-0.6813,1
202502,40075,"kiowa, ok",139375,0.0136,0.8608,39,0.1324,3.2778,85,-0.0229,-0.1958,6,-0.25,2,0,,,12,1,5,6,-0.2143,0.5714,79,0.007,0.2791,1520,0.0174,0.2083,274175,0.0649,1.942,44,0.0732,2.2593,0.1429,-0.063,-0.246,1
202502,47147,"robertson, tn",432450,0.0291,0.042,241,0.0063,0.1703,51,-0.1653,0.4429,122,0.0339,-0.2375,4,-0.3333,-0.3333,106,0.325,0.4324,202,0.1257,2.5982,233,-0.005,-0.0033,1984,0.0319,0,513911,0.0165,0.0119,442,0.0499,0.6679,0.8378,0.0889,0.5653,0
202502,13017,"ben hill, ga",181950,-0.0419,0.0551,38,0.2667,0.2667,56,-0.3618,0.3659,14,-0.3,-0.125,0,,,16,1.6667,0.6,5,-0.1,-0.3077,110,-0.0211,0.0083,1689,0.0218,0.0198,216550,0.0124,-0.0112,43,0.1972,0.1806,0.1184,-0.0482,-0.0982,0
202502,36017,"chenango, ny",153675,-0.0539,-0.1166,91,-0.0319,0.0055,106,0.1676,-0.0471,14,-0.3,-0.3636,0,,,16,0.3333,0.3333,59,-0.0709,-0.1061,102,-0.004,0.0687,1659,-0.0468,-0.1052,219950,-0.0686,-0.0441,149,-0.0541,-0.0481,0.6484,-0.0272,-0.0809,1
202502,48411,"san saba, tx",349500,0,0.3986,28,0.1458,0.7188,122,-0.1314,0.5139,6,0.5,0.5,0,,,2,,0,1,0,-0.6,201,-0.04,0.2611,1823,-0.0815,0.2522,620738,-0.0219,0.5893,28,0.12,0.5135,0.0364,-0.0053,-0.1199,0
202502,30081,"ravalli, mt",808250,0.0109,0.0205,168,-0.0147,0.1167,130,0.0157,-0.0189,40,0.25,0,0,,,30,0.0714,0.3636,40,0.0822,0.1286,371,-0.0021,0.0259,2310,0.0004,-0.0082,1437869,-0.0486,0.1246,209,0.0121,0.1176,0.2358,0.0211,0.0025,0
202502,48163,"frio, tx",240000,0.0323,0.1566,18,-0.122,-0.2653,106,0.052,0.0119,4,,1,0,,,4,0,-0.5,5,0,1,122,-0.0098,-0.2359,1900,0.0302,0.0913,282027,-0.024,0.013,23,-0.1176,-0.1509,0.2778,0.0339,0.1757,1
202502,20093,"kearny, ks",215000,-0.0216,0,6,-0.2667,-0.2143,80,0.2167,-0.6617,2,,,0,,,0,,,5,0.4286,0.6667,155,-0.0546,0.0478,1347,-0.0041,-0.0507,208009,0.0027,0.0317,11,-0.0455,0.05,0.9091,0.4424,0.4805,1
202502,22111,"union, la",229625,0,-0.1384,37,-0.0759,0.2167,108,0.1622,0.748,8,-0.2,-0.2,0,,,8,-0.4286,-0.2,10,0.0526,0.5385,125,-0.0197,-0.0114,2189,0.0048,0.0196,259204,-0.0095,-0.1093,46,-0.0612,0.2778,0.274,0.0335,0.0573,1
202502,47003,"bedford, tn",368920,0.0109,-0.0245,244,0.0796,0.5062,67,-0.0532,-0.2077,92,0.3143,0.5333,0,-1,-1,60,0.0714,0.3043,73,0.3551,0.9595,225,-0.0026,0.0357,1802,-0.0028,0.0124,513862,-0.0392,-0.0089,317,0.1204,0.5905,0.2971,0.0604,0.0687,0
202502,42127,"wayne, pa",349450,-0.0198,0.0063,194,-0.0695,0.0237,99,0.0531,0.1215,60,0.1111,-0.1176,0,-1,,40,0,0.1765,86,0.1477,0.0755,191,0.0191,0.0012,1984,-0.001,0.1177,466195,0.0059,-0.0322,280,-0.0106,0.0409,0.4407,0.0834,0.0212,0
202502,30033,"garfield, mt",265000,0,-0.3367,5,0,0.4286,177,0.0795,2.1378,0,-1,,0,,,0,,,1,-0.8333,,160,-0.0054,-0.2899,2040,0,0.4167,275800,-0.0033,-0.5477,6,-0.3125,0.5714,0.1,-0.5,0.1,1
202502,49029,"morgan, ut",799743,-0.0465,0.0416,36,0.2034,0.5106,55,-0.4206,-0.4942,18,0,0.125,0,-1,,14,1.3333,1.3333,12,-0.2258,-0.25,232,0.0304,-0.0099,3868,-0.0101,0.0258,1188395,-0.0661,0.1751,47,0.0109,0.1923,0.338,-0.1874,-0.3428,0
202502,48055,"caldwell, tx",341794,-0.0175,-0.0339,159,0.1197,0.2422,76,0.0306,0.0783,40,0.1111,-0.4118,0,,-1,60,1.3077,0.5789,52,-0.0721,0.5147,205,-0.0257,0.0187,1742,-0.0026,-0.0529,510931,0.0143,0.0914,207,0.0781,0.3269,0.3239,-0.0669,0.0583,0
202502,36025,"delaware, ny",317000,-0.0155,-0.0171,184,-0.0564,-0.0134,132,0.1652,0.2418,22,-0.0833,-0.45,0,-1,,22,0.1,0.5714,83,-0.0349,0.0184,187,0.0109,-0.0622,1809,0.0007,0.0992,450423,0.0081,0.0602,263,-0.0557,-0.0075,0.4511,0.0101,0.0141,0
202502,01115,"st. clair, al",328175,0.014,0.1108,337,0.009,-0.033,80,0.0288,0.2252,132,0.5349,-0.0704,28,0.1667,1.3333,100,0.3889,-0.1525,210,0.0827,0.1671,166,-0.0075,0.0039,2010,0.0121,0.1235,376087,0.0123,0.069,547,0.038,0.038,0.6217,0.0423,0.1066,0
202502,27145,"stearns, mn",322925,0.0133,-0.0744,220,-0.0456,0.1196,61,-0.1615,-0.0394,94,-0.0208,-0.06,0,,-1,54,0.08,0.0385,142,0.2085,0.0143,171,-0.0046,0.0435,1936,0.0144,-0.0404,399402,0.0224,0.0112,362,0.0402,0.0742,0.6455,0.1357,-0.067,0
202502,35031,"mckinley, nm",249500,0.002,0.2227,35,-0.0278,0.2963,87,0.1044,0.1044,10,0.25,0,0,,,10,1.5,4,16,0.2917,-0.0313,143,0.0206,0.1953,2138,0.0824,0.2573,284706,0.0618,-0.0854,52,0.0404,0.1705,0.4429,0.1095,-0.1497,0
202502,20137,"norton, ks",182000,-0.0189,-0.1111,10,0,1.5,90,0.0714,-0.1569,0,,-1,0,,,0,,,,,,120,-0.0281,0.314,1454,-0.0082,-0.1854,206750,-0.2162,-0.2007,10,0,0.5385,,,,1
202502,22001,"acadia, la",208750,-0.0117,0.0386,121,0.0759,0.4969,98,-0.0392,0.2405,44,2.1429,0.2941,0,,-1,28,-0.3913,0.1667,34,-0.029,-0.141,107,0.0302,-0.0974,1869,-0.0492,-0.036,239896,-0.0225,-0.3391,154,0.0442,0.2686,0.278,-0.03,-0.2065,0
202502,21025,"breathitt, ky",284750,0.0498,-0.0347,10,-0.2593,-0.2593,120,0.1134,0.0907,0,,-1,0,,,0,-1,-1,1,-0.3333,-0.6667,129,0.2054,-0.0617,2358,0.0395,0.179,313018,0.1764,-0.1242,11,-0.2667,-0.3333,0.1,-0.0111,-0.1222,1
202502,39011,"auglaize, oh",289450,0.1429,0.0161,46,-0.2868,-0.0417,83,0.284,0.1702,24,0.5,-0.3333,0,,,10,-0.5833,-0.2857,43,0.4167,0.0759,164,0.0551,0.0594,1687,0.0681,-0.0522,312903,0.0838,0.0081,89,-0.0328,0.0351,0.9239,0.4588,0.101,0
202502,38103,"wells, nd",175875,0,-0.2747,16,-0.0303,0.3333,109,-0.0375,-0.2483,0,-1,,0,,,2,,,2,1,-0.3333,112,-0.0088,-0.0272,1674,0,-0.0074,170814,-0.0626,-0.3032,18,0.0286,0.2,0.125,0.0644,-0.125,1
202502,18135,"randolph, in",164900,-0.0005,0.7141,29,-0.2083,0.425,79,0.1704,0.2691,14,0.4,0,0,,,12,0.2,1,25,0.0417,-0.1525,108,0.0384,0.4196,1516,-0.0165,-0.0651,187439,-0.0944,0.2968,54,-0.0776,0.1146,0.8772,0.2105,-0.5978,1
202502,16025,"camas, id",338750,-0.0015,0.0689,11,0.5,0.3125,43,-0.4881,-0.6553,4,,,0,,,0,-1,,1,,-0.6,246,0.0491,0.4082,1678,-0.1435,-0.1005,573618,-0.0022,0.3266,12,0.6429,0.15,0.0952,,-0.2173,1
202502,13087,"decatur, ga",268550,-0.0548,-0.0802,84,0.0774,0.3254,80,-0.0124,0.1866,20,0,-0.1667,2,,0,22,-0.0833,1.75,17,0.1786,-0.45,151,0.0042,0.0954,1755,-0.0079,-0.1237,299270,-0.0421,-0.0035,100,0.0989,0.1236,0.1976,0.017,-0.2786,0
202502,51750,"radford, va",294750,0.0188,0.0537,23,-0.3077,1.25,75,0.1321,0.4925,6,-0.5714,2,0,,,12,0,5,22,0.5172,0.4194,182,0.0403,0.2817,1585,0.0154,-0.1435,317042,0.1095,0.1784,47,-0.0106,0.7547,0.9778,0.5316,-0.5722,1
202502,08069,"larimer, co",589500,0.013,-0.0484,1001,0.0209,0.3731,51,-0.3154,-0.0332,520,0.0612,0.1659,38,0.4615,0.7273,278,0.178,0.2087,542,0.2667,0.0597,280,-0.0138,0.0016,2290,0.023,-0.0529,812105,0.0254,-0.0102,1542,0.096,0.2411,0.541,0.105,-0.16,0
202502,48425,"somervell, tx",548250,-0.0023,0.1167,48,0.0215,0.1047,77,-0.2325,-0.2776,6,-0.7,-0.4,0,,-1,8,0,-0.5556,7,0.0769,-0.3333,225,-0.0011,0.0688,2235,0.0286,0.0072,708546,-0.0177,0.1477,54,0.0189,0.0093,0.1474,0.0076,-0.0968,0
202502,29199,"scotland, mo",109500,-0.3155,0.3774,5,1,-0.2857,20,-0.5357,-0.8326,2,0,,0,,,0,,,0,-1,-1,110,-0.0976,0.2527,1956,0.1329,1.0248,686560,3.3603,4.5508,5,0.25,-0.2857,0,-0.6,-0.1429,1
202502,13201,"miller, ga",188000,-0.0505,-0.4629,9,-0.1053,-0.4138,141,0.2288,3.623,4,1,1,0,,,6,,,3,-0.1667,-0.1667,93,-0.0691,-0.4646,1493,-0.0672,-0.3394,182357,-0.0787,-0.5211,11,-0.12,-0.3714,0.2941,-0.0217,0.0872,1
202502,38045,"lamoure, nd",220000,1.1002,0.2586,6,-0.0833,-0.0833,121,0.2217,-0.2445,0,,,0,,,2,,,3,0,0.25,96,0.0838,0.049,2682,-0.0226,0.3352,204533,0.1939,-0.0208,8,-0.1111,0,0.4545,0.0379,0.1212,0
202502,46059,"hand, sd",328250,1.0138,0.7888,5,-0.4,-0.6538,115,0.2582,0.3392,2,0,0,0,,,2,,,1,0,-0.75,151,0.9758,0.4308,1794,0.0479,0.0714,351952,0.5731,-0.1627,6,-0.2667,-0.6765,0.2222,0.0889,-0.0855,1
202502,05071,"johnson, ar",241250,0.0523,-0.0102,108,0.064,0.3171,96,-0.1193,-0.0986,46,1.0909,0.9167,0,,,22,0.1,0.5714,27,0.2619,0.1277,136,0.0082,0.0586,1742,0.0258,-0.0556,304504,0.0155,-0.1231,132,0.0909,0.2512,0.2454,0.0385,-0.0412,1
202502,29205,"shelby, mo",161250,0.303,0.2288,11,0.05,-0.16,92,-0.1449,0.5378,4,1,-0.5,0,,,2,,,3,1.5,-0.6429,102,0.1303,-0.0512,1301,0.027,-0.0434,150153,0.0191,-0.1112,13,0.3,-0.2973,0.2381,0.1381,-0.3219,0
202502,29209,"stone, mo",385000,-0.007,-0.0375,425,0.0955,0.4921,99,-0.0343,0.0396,116,0.3182,0.4146,2,,,106,0.6563,0.7097,72,-0.1,-0.5232,238,0.0146,0.0392,1699,-0.0503,-0.0758,535397,-0.0188,-0.0957,495,0.0588,0.1379,0.1696,-0.0368,-0.3611,0
202502,06057,"nevada, ca",678475,0.0128,0.0241,372,0,0.2855,88,-0.0712,0.2527,154,0.4808,0.2623,2,0,0,76,-0.2549,0.3103,123,0.0933,-0.1087,341,0.0151,0.0396,2200,-0.0105,-0.0253,921111,-0.03,0.0096,494,0.0281,0.1596,0.3311,0.0283,-0.1464,0
202502,45051,"horry, sc",324450,0.0108,-0.0014,5323,0.0334,0.2452,84,-0.0234,0.3917,1870,0.3551,0.1688,170,-0.2056,0.2143,1796,0.1253,0.1169,2041,0.1193,-0.0742,228,-0.0004,-0.0218,1446,0.0059,0.0042,407966,0.0019,0.0284,7352,0.0541,0.1351,0.3834,0.0294,-0.1322,0
202502,28101,"newton, ms",186250,-0.0522,0.0738,26,0,-0.0189,128,0.2611,0.7902,8,1,1,0,,,6,0.5,2,8,0.7778,1.2857,85,0.0596,-0.0557,2389,-0.03,0.1302,248507,-0.1313,-0.1602,34,0.1333,0.1333,0.3077,0.1346,0.1756,1
202502,53051,"pend oreille, wa",499675,0.0278,-0.0852,43,-0.2411,0.0759,116,-0.0253,0.3014,8,1,-0.2,0,,,2,-0.6667,-0.75,14,0.3333,0.2727,275,0.0695,0.1189,1892,-0.0105,-0.2244,799401,0.1637,-0.2581,57,-0.1231,0.1633,0.3294,0.1419,0.0509,0
202502,55055,"jefferson, wi",361900,-0.0021,0.0268,116,0.0175,0.2406,37,-0.3242,-0.2673,58,0.0741,0.2609,0,,,16,-0.2,0.1429,52,0.1429,0.253,211,0.0215,0.13,1635,-0.0843,-0.113,430312,-0.0243,0.0146,159,0.0461,0.252,0.4483,0.0492,0.0044,0
202502,47143,"rhea, tn",379215,-0.0259,-0.0021,83,0.0247,0.328,74,-0.0577,-0.1404,24,-0.0769,-0.0769,0,,,32,0.3333,0.3333,39,-0.0253,0.1846,200,-0.0149,-0.0532,2032,0.0046,0.0246,506603,0.0018,0.0005,120,0.0127,0.2698,0.4639,-0.0238,-0.0561,0
202502,20147,"phillips, ks",149850,-0.0356,0.2235,18,0.0294,0.0294,65,-0.4298,-0.4595,8,,3,0,,,0,,,2,0.5,0,76,0.0464,-0.2647,1455,-0.0056,0.1482,187097,-0.0894,0.3727,18,0.0286,-0.027,0.0857,0.0269,-0.0025,1
202502,05031,"craighead, ar",257400,-0.0016,0.0234,474,0.0042,0.2251,64,-0.0448,-0.1579,154,-0.1047,0.1324,6,-0.25,0.5,106,-0.1167,0.5588,101,0.1824,-0.1519,147,0.0157,0.0336,1794,-0.0033,-0.0537,332350,-0.0003,0.0414,574,0.0333,0.148,0.2122,0.032,-0.0943,0
202502,51075,"goochland, va",647277,-0.0374,-0.1124,69,0.0301,-0.0352,79,-0.0733,0.4766,32,0.1429,-0.2381,10,-0.1667,1.5,22,1.75,1.75,77,0.0548,-0.2021,266,0.0081,0.0187,2650,-0.0625,-0.0994,806921,-0.0383,-0.1149,145,0.0432,-0.1445,1.1241,0.0263,-0.2351,1
202502,08047,"gilpin, co",772500,-0.0283,-0.0231,20,-0.1304,0.3333,47,-0.6265,-0.7019,8,0,1,0,,,4,,,8,-0.0588,0.3333,331,0.0562,-0.1267,2413,-0.0438,0.3597,991827,-0.0036,0.1967,28,-0.1111,0.3659,0.4,0.0304,0,1
202502,35017,"grant, nm",348250,-0.019,0.2252,89,0.0057,0.2378,123,0.1442,0.1415,12,-0.4545,-0.25,0,,,20,2.3333,0.4286,31,0.2449,0.0517,180,0.0267,0.0488,1872,-0.0189,0.097,463045,-0.0238,0.0395,120,0.0714,0.2121,0.3446,0.0662,-0.061,0
202502,20027,"clay, ks",237500,0.0021,0.9207,18,-0.1429,0.2857,80,0.039,-0.0751,4,-0.5,-0.5,0,,,6,0.5,0.5,12,0.4118,-0.04,95,-0.0039,0.4765,2405,0.0523,0.6009,267550,0.0504,0.5939,31,0.0517,0.1509,0.6667,0.2619,-0.2262,1
202502,37177,"tyrrell, nc",371889,0.5071,0.417,6,-0.4211,0.1,174,0.0206,1.2419,0,,,0,,,0,,,3,0.25,-0.5,228,0.3688,0.3086,1730,0.022,0.1432,342289,0.1516,-0.2433,9,-0.2609,-0.15,0.4545,0.244,-0.5455,1
202502,45041,"florence, sc",259900,0,0.0212,452,0.0788,0.2697,76,-0.035,0.179,132,0.1186,0,6,-0.25,-0.25,96,0.0667,0.1707,33,0.1017,-0.0972,144,-0.0069,0.0246,1746,-0.0068,-0.0346,309583,-0.0112,0.0975,483,0.0843,0.234,0.0719,0.0015,-0.0292,0
202502,19071,"fremont, ia",144500,-0.2354,-0.1743,19,-0.075,0.1212,95,0.4232,-0.0355,4,1,-0.75,0,,,4,0,1,10,0.25,-0.2,125,-0.017,0.3723,1443,-0.066,-0.22,215842,-0.1213,0.1918,29,0.0545,-0.0169,0.5405,0.1405,-0.217,1
202502,51530,"buena vista, va",267750,0.0712,-0.0289,10,-0.1304,0.5385,41,-0.3918,0.4554,6,0.5,-0.25,0,,,0,,-1,4,3,1,169,0.0073,-0.0504,1400,0.0753,-0.1093,280412,0.1494,0.1638,14,0.12,0.6471,0.4,0.313,0.0923,0
202502,38087,"slope, nd",95000,0,-0.62,1,0,0,216,0.1493,-0.2121,0,,,0,,,0,,,,,,54,0,-0.2921,1750,0,-0.4632,95000,0,-0.62,1,0,0,,,,1
202502,41065,"wasco, or",465000,0.0333,0.1006,65,0.0661,0.5732,128,0.0779,0.3838,18,0.8,-0.1818,4,1,,16,-0.1111,0.6,13,-0.2857,-0.3421,253,0.0101,0.0402,1864,-0.0101,0.0023,823676,-0.0218,0.1191,79,0.0064,0.3083,0.1938,-0.0955,-0.2696,0
202502,55089,"ozaukee, wi",577495,0.0721,0.1022,170,0.0865,0.13,38,-0.3745,-0.2475,80,0.1429,0.6,0,,,16,0,0.3333,33,0.0313,-0.3125,253,0.0386,0.0424,2215,0.0511,0.0802,648265,0.0884,0.0662,203,0.0798,0.015,0.1947,-0.0104,-0.1253,0
202502,29155,"pemiscot, mo",37073,-0.338,-0.6776,23,-0.1509,1.3684,75,0.3807,0.3682,2,0,0,0,,,0,-1,,4,-0.4167,-0.3,49,0.1597,-0.2118,1452,-0.0237,-0.1779,67993,-0.1601,-0.3985,23,-0.1964,0.6667,0.1556,-0.0709,-0.3708,1
202502,22121,"west baton rouge, la",274625,-0.0416,0.0385,44,-0.102,-0.2479,107,0.2708,0.2449,16,0,-0.4286,4,1,,18,0.2857,0,30,0.0909,-0.0476,146,-0.0171,-0.0621,2053,-0.0002,0.1064,319175,-0.0366,0.0499,74,-0.0327,-0.1778,0.6818,0.1206,0.1434,0
202502,12089,"nassau, fl",599900,0.0015,0.0169,740,-0.0225,0.188,76,-0.0225,0.2459,256,0.2929,-0.0229,18,-0.1,-0.6667,284,0.3028,0.2679,293,0.3265,-0.1308,304,0.0167,0.0945,2093,0.0104,-0.0387,861360,0.0318,-0.0093,1014,0.0557,0.0668,0.3955,0.1041,-0.145,0
202502,18053,"grant, in",124900,-0.0291,-0.1606,103,-0.0594,0.1638,62,0.0082,0.1382,38,-0.05,-0.1739,4,1,,44,-0.0435,0.5714,43,-0.1313,-0.3768,94,-0.0293,0.0026,1377,-0.053,-0.1682,144143,-0.024,-0.1583,146,-0.0641,-0.0701,0.4175,-0.0346,-0.3622,1
202502,16051,"jefferson, id",499000,0.0396,-0.0193,87,0.0482,0.45,42,-0.494,-0.2522,32,-0.2727,0,0,,-1,22,0.1,0.5714,35,0.4,0.0448,196,0.0604,0.0071,2928,0.0131,0.0142,562665,0.0574,-0.0509,121,0.1256,0.3081,0.4023,0.1011,-0.156,0
202502,31115,"loup, ne",617500,-0.1497,-0.1616,4,0,1,156,-0.0517,-0.1724,0,,,0,,,0,,,,,,306,-0.1476,-0.1223,2095,0.0302,-0.1569,621000,-0.454,-0.1568,4,0,1,,,,1
202502,13189,"mcduffie, ga",299658,0.0139,0.0459,57,-0.05,0.14,101,0.1071,0.1994,22,0.8333,0,8,1,,18,0.5,1.25,21,0.2424,-0.0465,150,-0.0269,0.0511,1947,0.0202,0.013,320742,-0.0434,0.1127,77,0,0.0769,0.3596,0.0846,-0.0704,0
202502,13207,"monroe, ga",407650,-0.0681,-0.0569,91,-0.0761,0,91,0,0.6916,46,0.0455,0.15,6,,2,32,1.2857,0.7778,61,0.2449,-0.0963,170,-0.0463,-0.0455,2514,-0.0335,-0.0713,487613,-0.0235,-0.1243,151,0.0272,-0.0382,0.6703,0.1729,-0.0714,0
202502,48049,"brown, tx",228750,-0.0456,-0.0605,151,0.0308,0.0101,92,-0.1068,0.1948,44,0.4667,-0.1852,0,,,38,0.3571,0.4615,37,0.0571,-0.1294,142,-0.0092,-0.0897,1566,-0.0415,-0.0606,365238,-0.052,0.1409,185,0.0222,-0.0315,0.2458,0.0061,-0.0394,0
202502,08055,"huerfano, co",489975,0.092,0.0913,111,-0.0178,0.1333,152,0.0557,0.1699,18,0.8,0.5,0,,,6,-0.25,-0.25,8,0.4545,-0.3043,240,-0.0123,0.0758,2052,0,0.0064,989191,0.0183,-0.0378,119,0.0085,0.0922,0.0724,0.0235,-0.0456,0
202502,19151,"pocahontas, ia",147400,0.0103,-0.1601,25,0.0638,1.5,92,-0.3646,0.5641,10,0.6667,0.25,0,,,4,0,1,5,0.6667,0.1111,93,0.0765,-0.1225,1716,-0.0316,0.0263,182684,0.0199,-0.1071,31,0.1961,1.1034,0.2,0.0723,-0.25,1
202502,30085,"roosevelt, mt",122000,-0.0896,-0.1785,17,0.1,-0.2326,139,0.2366,-0.0992,0,-1,-1,0,,,0,,,2,0.3333,0.3333,81,-0.169,-0.2235,1805,0.0081,0.1511,187532,-0.0842,-0.1804,19,0.1212,-0.1957,0.1212,0.0212,0.0514,1
202502,08037,"eagle, co",758351,0.0061,-0.3511,728,0.0652,0.3897,101,-0.0358,-0.1653,116,-0.2564,-0.0645,6,-0.25,0,82,0.4643,0.7083,244,0.0339,-0.1079,516,0.0066,-0.2711,1477,-0.0254,-0.0852,2219064,0.0209,-0.2489,962,0.0554,0.2194,0.3354,-0.0101,-0.187,1
202502,17195,"whiteside, il",158950,0.0207,0.1063,100,-0.061,0.4493,70,0.0692,0.0491,36,-0.25,0,0,,,36,0,0.3846,58,0.234,0.589,100,0.0601,0.0553,1515,-0.0248,-0.0185,211237,0.0287,0.1903,156,0.0163,0.4739,0.58,0.1387,0.051,0
202502,20005,"atchison, ks",241250,0.2867,0.7364,28,-0.1111,0.1915,108,0.0361,0.2251,10,4,0.6667,0,,,10,0.25,1.5,8,0,-0.3478,114,0.002,0.4874,1786,0.0666,0.1955,233448,0.0913,0.4789,35,-0.0909,-0.0141,0.2679,0.0298,-0.2215,1
202502,49043,"summit, ut",2033750,0.0579,0.0727,536,0.0398,-0.0111,82,-0.2163,-0.1641,162,0.3279,0.3065,14,2.5,2.5,96,0.4545,-0.1724,341,0.0134,0.184,894,0.0689,0.0198,2787,-0.0167,0.0739,4053528,0.0107,0.157,873,0.0307,0.0582,0.6362,-0.0166,0.1048,0
202502,13257,"stephens, ga",289225,-0.03,-0.0316,109,0.0433,0.6074,60,-0.1241,-0.0875,60,1.3077,0.7647,0,,,24,-0.3684,0.3333,43,0.1781,0.3651,172,-0.0194,-0.0742,1651,-0.021,0.0207,416960,-0.0364,0.019,153,0.0971,0.5482,0.3963,0.0454,-0.0704,1
202502,39151,"stark, oh",228900,-0.0258,-0.0421,427,-0.0296,0.148,38,-0.2788,-0.1071,302,0.2689,-0.0131,0,-1,-1,146,0.0896,0.3519,366,0.1281,0.0055,137,-0.0235,0.0522,1640,-0.0437,0.0139,270555,-0.0254,-0.0625,791,0.0286,0.0873,0.857,0.1198,-0.1215,0
202502,13223,"paulding, ga",388788,-0.0017,0.0206,713,-0.0358,0.1593,56,-0.1642,0.4933,282,0.128,-0.1506,20,-0.2308,0.4286,284,0.0216,0.2034,308,0.2602,-0.0223,185,0.0056,-0.0117,2212,0.0119,-0.0043,511956,0.0243,0.1209,1014,0.0336,0.0944,0.4313,0.1013,-0.0801,0
202502,48455,"trinity, tx",279445,0.1197,0.0212,122,0.0297,-0.0241,91,-0.1791,-0.1298,34,1.4286,0.3077,0,,,18,-0.1818,-0.4,10,-0.3448,-0.5476,163,0.0508,0.0056,1800,0.0698,0.0549,351783,0.029,0.1516,131,-0.015,-0.1027,0.0782,-0.0447,-0.0905,0
202502,46125,"turner, sd",288700,0.2224,0.224,10,-0.2,0.3333,114,0.1425,0.1039,10,0.6667,4,0,,,0,-1,-1,8,0.875,-0.2105,177,0.1525,0.0917,1767,0.0014,-0.0948,328453,0.085,-0.2354,18,0.0606,0.0294,0.75,0.43,-0.5167,1
202502,51710,"norfolk, va",320000,-0.0069,-0.0154,462,-0.0011,0.1652,36,-0.2629,-0.0338,312,0.4717,0.322,2,-0.75,-0.6667,130,0.0317,-0.0152,2,0,,214,0.012,0.0773,1563,-0.0097,-0.0779,382345,0.0053,-0.0083,464,-0.0011,0.1702,0.0043,0,,0
202502,53035,"kitsap, wa",659863,0.0311,0.1211,394,0.026,0.0854,51,-0.3154,0.186,274,0.4124,0.0873,20,-0.2308,-0.0909,118,0.0172,-0.0484,334,0.1267,-0.0619,313,0.006,0.0822,2077,0.02,0.0034,798400,0.0169,0.0841,725,0.0638,0.0154,0.8464,0.0756,-0.1329,0
202502,37103,"jones, nc",275150,0.0316,0.0466,23,0.0976,0.4063,105,0.012,-0.0454,4,-0.3333,-0.3333,0,,,4,0,0,9,-0.2174,-0.28,187,0.0627,0.1374,1651,0.021,-0.0894,424898,0.2254,0.0214,32,0,0.1053,0.4,-0.161,-0.3813,0
202502,55119,"taylor, wi",294700,0.0098,-0.0443,43,-0.0444,0.5088,80,-0.2035,-0.2284,10,0,-0.4444,0,,,12,1,2,16,0.6316,-0.1389,162,0.1125,0.1509,2048,-0.0275,-0.1169,365816,0.027,0.1061,59,0.0926,0.2688,0.3605,0.1494,-0.2711,0
202502,53031,"jefferson, wa",754750,0.0526,0.0864,70,0,0.0687,110,0.0377,0.4013,28,0.2727,-0.125,0,,,6,-0.5,-0.25,29,-0.05,-0.1739,370,-0.0062,0.0336,2089,-0.0042,0.0525,1053964,0.025,0.3342,98,-0.0297,-0.0101,0.4071,-0.0214,-0.1196,0
202502,17177,"stephenson, il",171875,0.2301,0.336,81,-0.1297,-0.0417,78,0.0544,0.0616,30,-0.0625,-0.3478,0,,,28,0.4,0.4,52,0.1818,0.1818,95,0.0546,0.1807,1647,0.0103,-0.0166,220182,0.1251,0.1913,133,-0.0075,0.06,0.646,0.1703,0.1222,0
202502,08049,"grand, co",949000,-0.0254,-0.0287,360,0.0127,0.4664,112,0.0347,0.1702,84,0.2727,-0.0233,4,0,,52,-0.2353,0.7333,88,0.1589,-0.1822,570,-0.0046,0.0125,1652,-0.071,-0.1745,1253330,-0.0949,-0.05,449,0.043,0.2796,0.2431,0.0307,-0.1928,0
202502,48377,"presidio, tx",422000,-0.049,-0.1766,62,0,0.5974,138,0.0996,-0.1906,4,-0.6,1,0,,,10,0.6667,1.5,2,0,0,292,0.0224,-0.1031,1567,0.0149,0.0386,647146,-0.0532,0.0354,64,0.0079,0.561,0.0325,0,-0.0194,1
202502,39039,"defiance, oh",183650,0.0138,-0.1213,51,0.2317,0.8704,41,-0.2613,-0.3387,34,0.3077,0.0625,0,,,18,0,3.5,38,0.2459,0.2258,128,0.0007,0.0372,1575,0.0338,-0.034,221760,0.0224,0.0168,89,0.2378,0.5526,0.7525,0.0086,-0.3957,1
202502,21013,"bell, ky",223925,0.124,0.3617,56,-0.0976,0.2065,133,0.0663,1.0581,10,0.6667,-0.2857,0,,,12,0.5,-0.1429,14,0.12,0.037,112,0.0824,0.0394,1869,0.0619,0.2512,224070,0.0417,0.1516,70,-0.0479,0.178,0.2523,0.049,-0.0412,1
202502,31017,"brown, ne",110000,0,-0.1367,20,0,0.6,187,0.0812,1.2269,0,,-1,0,,,0,,,2,-0.25,-0.5714,98,-0.0051,0.1868,1302,0,0,146875,0,-0.3382,21,-0.0455,0.3548,0.075,-0.025,-0.205,1
202502,05067,"jackson, ar",123750,0.1174,0.0536,27,0.5882,0.5429,56,-0.082,0.2655,6,-0.25,-0.5,0,,,4,0,,6,-0.1429,-0.2,69,0.011,-0.0138,1684,0.0265,0.0043,138202,0.1301,-0.0345,33,0.3542,0.25,0.2222,-0.1895,-0.2063,0
202502,51101,"king william, va",396758,0.0001,0.0175,69,0.0458,0.0224,49,-0.3264,-0.3802,46,0.2778,0.4375,10,,1.5,16,1,1,51,0.36,0.1461,205,0.0029,-0.0214,1808,0.0065,-0.0554,382750,0.0075,-0.0501,122,0.1854,0.0897,0.7445,0.172,0.0803,0
202502,17023,"clark, il",155950,-0.0207,0.3009,31,0.0167,0.1296,83,0.2117,-0.1075,10,1.5,1.5,0,,,2,-0.6667,-0.5,11,1,0.2222,98,-0.0112,0.0876,1698,-0.0305,-0.006,200092,-0.049,0.1185,39,0.1159,0.1324,0.3607,0.1773,0.0273,1
202502,48449,"titus, tx",319625,0.0657,-0.1053,127,0.0952,0.4134,80,0.0425,0.0224,42,1.625,0.4,2,,,32,-0.2,2.2,19,0.6087,0.2759,161,0.0052,-0.1262,1949,0.0085,-0.0612,399804,0.0509,-0.2319,145,0.1378,0.4167,0.1462,0.0467,-0.0158,1
202502,01129,"washington, al",550000,0.1044,0.9752,19,0,-0.0513,43,-0.6311,-0.5958,6,2,2,0,,,4,1,,4,0.3333,0.3333,177,0.0428,0.4473,2687,0.0273,0.2601,2275887,0.0489,0.5141,24,0.093,0.0682,0.2162,0.0541,0.0624,1
202502,55083,"oconto, wi",333900,0.0497,0.1134,53,-0.0278,-0.2222,47,-0.3767,-0.5143,26,-0.0714,0.0833,0,,,14,0.4,-0.2222,35,0.3208,-0.2391,204,0.1356,0.1257,1457,-0.0892,-0.1103,400175,-0.0054,-0.0203,86,0.0818,-0.2389,0.6667,0.1759,-0.0148,0
202502,26015,"barry, mi",348000,-0.0126,0.0548,77,-0.0778,0.232,64,-0.0662,0.114,44,0.375,0,0,,,24,-0.25,0.7143,54,-0.0442,-0.069,191,0.0068,0.1002,1621,-0.0222,-0.1454,393737,-0.0482,-0.1156,132,-0.0638,0.1,0.7013,0.0247,-0.2267,0
202502,51035,"carroll, va",287900,0.0034,0.0088,68,-0.1818,0.125,104,0.2017,0.287,16,-0.2727,-0.4286,0,,,14,0,0.4,42,0.75,0.2353,170,0.0108,0.0324,1548,-0.0276,-0.0203,322524,0.0024,-0.0956,109,0.0332,0.1658,0.6222,0.3313,0.0556,0
202502,17113,"mclean, il",308700,0.0608,-0.105,122,-0.1191,-0.1672,60,0.0345,-0.0625,114,-0.05,-0.2083,0,,,34,-0.1053,-0.2609,159,0.2335,0.0428,135,0.0174,0.0602,2209,0.0186,-0.1207,344256,0.018,-0.1345,279,0.0529,-0.0717,1.2992,0.3714,0.2616,1
202502,13291,"union, ga",439450,-0.046,-0.0233,223,-0.0045,0.2824,107,-0.0116,0.2604,68,1.2667,0.4167,0,,,62,0.55,0.1481,59,0.1456,0.1456,259,0.0317,0.0357,1979,-0.0457,-0.0282,522886,-0.0264,-0.0716,278,0.0165,0.2361,0.2652,0.0347,-0.0317,0
202502,47139,"polk, tn",398950,0.054,-0.0023,80,0.0127,0.2308,95,0.0525,0.1239,20,0,-0.0909,0,,,16,-0.3333,-0.2,17,0,-0.0294,220,0.0354,0.0218,1749,0.0176,-0.1425,683869,0.0649,0.1378,97,0.0212,0.2063,0.2063,-0.0026,-0.0553,0
202502,37061,"duplin, nc",375250,-0.006,0.2681,102,0.1591,0.7143,84,-0.1141,0.1478,32,0.2308,0.7778,0,,,28,0.4,0.5556,23,0.122,-0.1786,174,-0.0085,0.0918,2034,-0.0174,0.0131,394402,-0.0272,-0.012,127,0.1448,0.4457,0.2255,-0.0075,-0.2451,1
202502,01065,"hale, al",237400,0.0867,-0.0406,20,0.0263,-0.1333,64,0.0802,0.0987,6,0,-0.625,0,,,4,1,0,19,-0.0513,0.0571,136,0.1701,-0.108,2046,0.0198,0.1533,337167,0.2578,0.2322,38,-0.038,-0.0617,0.9487,-0.0776,0.1709,0
202502,48183,"gregg, tx",312200,0.041,0.0169,342,-0.0144,0.1793,83,-0.0265,0.1259,104,0.0612,-0.1875,0,,-1,108,-0.1,0.08,126,0.1156,-0.1404,149,0.0125,0.0294,2066,0.009,-0.0153,371969,0.0489,0.0454,465,0.0164,0.0751,0.367,0.0428,-0.1365,0
202502,18109,"morgan, in",310725,0.0023,-0.0853,139,-0.0512,0.3365,67,-0.1163,0.0556,68,0.4167,0.4167,4,1,0,70,0.2069,0.9444,92,0.2365,-0.0266,157,0.0107,-0.0777,2049,-0.041,-0.0082,376494,0.0043,-0.1232,231,0.043,0.176,0.6583,0.1532,-0.2456,0
202502,08059,"jefferson, co",639500,0.0109,-0.0161,1032,0.0979,0.7229,41,-0.4044,0.514,724,0.1173,0.2702,10,-0.2857,-0.375,422,0.1788,0.6357,590,0.3111,0.0342,321,-0.0158,-0.0227,2116,0.0359,-0.0198,896822,-0.0064,-0.0272,1623,0.1673,0.4017,0.5717,0.093,-0.3807,0
202502,48021,"bastrop, tx",425000,0,-0.0308,446,-0.0078,0.32,83,-0.009,0.0541,126,0.125,-0.1,8,0,0.3333,132,0.2,0.375,153,0.1333,1.448,222,0.0063,0.0069,1981,0.0018,-0.0246,539835,0.0013,-0.001,594,0.018,0.4856,0.3434,0.0428,0.1582,0
202502,46055,"haakon, sd",2520000,-0.4868,-0.3904,2,1,0.3333,12,,-0.6547,0,,,0,,,0,,,,,,333,-0.4464,-0.3488,5092,-0.3766,-0.2149,2520000,-0.4868,-0.3904,2,1,0.3333,,,,1
202502,51083,"halifax, va",222300,0.0589,0.091,55,-0.1484,-0.0603,56,-0.0427,-0.2381,30,0.6667,0.6667,0,,,12,0.5,1,40,0.4815,0.4815,155,0.0856,0.2344,1590,0.0161,-0.0534,312963,0.1815,0.19,94,0.0275,0.1,0.7339,0.3121,0.2684,0
202502,48147,"fannin, tx",326750,-0.0458,0.0039,222,0.035,0.1751,96,-0.0568,0.2993,56,0.6471,0.1667,4,1,,82,1.05,0.5185,45,0.3433,-0.0909,193,0.0097,0.0396,1738,-0.016,-0.0385,473055,-0.0337,0.0947,266,0.0791,0.1271,0.2032,0.0466,-0.0594,0
202502,18153,"sullivan, in",169900,-0.0837,-0.0396,32,0.05,0.2353,57,-0.1124,-0.3494,6,-0.625,-0.4,0,,,4,-0.3333,0,18,0.125,0.0588,103,-0.0331,0.3051,1518,-0.0093,-0.0357,179850,-0.1051,-0.2288,50,0.0879,0.1512,0.5714,0.0381,-0.0952,0
202502,13309,"wheeler, ga",255375,-0.0244,-0.2279,7,-0.1875,-0.35,116,-0.0988,0.2433,0,-1,,0,,,0,,-1,2,0.5,-0.25,128,-0.0069,-0.2214,1985,-0.0076,0.0284,401367,-0.0529,-0.1015,8,-0.0588,-0.3333,0.2308,0.1058,0.0308,1
202502,45009,"bamberg, sc",187500,0.1346,0.4019,17,-0.0286,-0.15,33,-0.5286,-0.1592,10,,0.6667,0,,,4,1,0,11,0.0476,0.2222,105,-0.1153,0.2759,1377,-0.0562,-0.1655,651594,-0.0594,3.0059,28,0,0.0182,0.6471,0.0471,0.1971,0
202502,28123,"scott, ms",235000,0.1007,-0.0408,17,-0.0833,0.32,80,0.1648,0.0063,10,0.25,4,0,,,2,-0.5,-0.75,16,0.6842,2.2,110,0.0854,-0.0718,2035,-0.0218,-0.075,332915,0.0902,0.2918,32,0.1455,0.8,0.9697,0.4419,0.5697,1
202502,37023,"burke, nc",330000,-0.0371,-0.0038,187,0.0027,0.5542,85,0.0059,0.5841,68,0.4167,0,0,,,66,0.0645,0.7368,65,0.1026,-0.1513,207,-0.0139,0.0725,1650,0.0115,-0.0071,438626,-0.0035,0.0812,248,0.0206,0.266,0.3458,0.0313,-0.2875,0
202502,38101,"ward, nd",324950,0.04,0.2274,109,-0.155,-0.0224,71,-0.1125,0.2679,60,0.4286,-0.1892,2,,-0.6667,18,-0.1818,-0.4,89,0.092,0.141,142,0.0053,0.0619,2442,0.0803,0.12,360989,0.0411,0.1013,197,-0.0506,0.0234,0.8165,0.1847,0.117,0
202502,36077,"otsego, ny",297875,0.0408,0.1158,127,-0.0039,-0.0117,131,0.1299,0.3385,24,0.2,-0.5,0,,,12,0,-0.3333,77,0.02,-0.0255,161,0.0294,0.0357,1934,0.0166,0.02,477824,0.0218,0.2114,202,-0.0025,-0.0098,0.6047,0.0142,-0.0085,0
202502,13115,"floyd, ga",284925,0.0361,0.0602,318,0.06,0.4422,64,-0.2419,0.4602,154,0.7111,0.4,0,-1,,108,0.2857,0.125,99,0.2073,-0.1466,165,0.004,-0.0001,1799,0.0177,0.0802,375805,0.0746,0.1322,413,0.0897,0.2292,0.3113,0.038,-0.2148,0
202502,21137,"lincoln, ky",262425,-0.0669,0.116,72,0.0593,0.43,76,-0.0533,-0.1517,24,0.5,0.7143,0,,,22,0.5714,0.8333,18,0.0588,-0.4194,149,0.0067,0.0375,1702,-0.0668,-0.0283,309159,-0.0345,0.0152,89,0.0595,0.1056,0.2517,-0.0001,-0.3683,1
202502,48187,"guadalupe, tx",324993,-0.0004,-0.016,1011,0.0631,0.1322,73,-0.0764,-0.1317,362,0.4715,0.3507,54,-0.1,0.08,594,0.9161,0.9669,440,0.2273,0.1125,167,-0.0091,-0.0615,1972,-0.0009,-0.0131,389863,-0.0084,0.0011,1433,0.1049,0.1315,0.4354,0.0583,-0.0077,0
202502,45055,"kershaw, sc",329250,-0.0096,0.0421,188,-0.0132,-0.1573,69,0.1048,0.2232,84,0.2727,-0.1064,4,1,0,80,0.0811,-0.2157,113,0.1078,-0.0924,157,-0.0055,0.0201,2115,0.0097,0.0401,411714,0.0066,0.1268,301,0.0291,-0.1301,0.6027,0.0658,0.0431,0
202502,51630,"fredericksburg, va",649750,-0.0099,-0.0705,51,-0.0377,0.6721,74,-0.0419,0.0137,22,0.1,0.2222,4,,,10,1.5,1.5,25,0.75,0.0652,247,-0.0427,-0.1579,2912,-0.0097,0.1739,791732,0.0185,-0.0231,73,0.0977,0.3645,0.4804,0.2162,-0.2737,0
202502,19135,"monroe, ia",166675,-0.1502,0.1112,23,0,0.1842,81,0.0946,-0.1518,2,0,0,0,,,6,0.5,2,9,0.4167,0.7,111,-0.1864,0.2199,1463,-0.0738,-0.1839,236720,0.0555,0.0335,30,0.0714,0.25,0.3778,0.1111,0.1146,0
202502,51790,"staunton, va",339000,-0.049,-0.0451,43,-0.1237,-0.2735,77,0.0132,0.7688,32,1,-0.1111,2,-0.5,0,12,0.2,-0.4,38,0.1692,-0.2897,195,0.0208,0.0509,1745,-0.0111,-0.0037,424165,-0.0242,0.2363,82,0.0186,-0.2711,0.8941,0.224,-0.0204,0
202502,48427,"starr, tx",230625,0.0027,0.063,92,0.0279,0.2432,103,0.0537,-0.0306,14,0.4,0.75,0,,,10,0.25,0.25,11,-0.087,0.1053,132,0.0347,0.1302,1817,-0.0264,0.0592,358850,-0.0065,0.2033,103,0.0149,0.2275,0.1141,-0.0144,-0.0142,1
202502,31039,"cuming, ne",311225,-0.0779,0.0027,14,0.037,0.75,70,0.5275,-0.2057,2,0,0,0,,,2,0,,3,0.5,1,149,-0.0772,0.3497,2527,0.0231,-0.0067,349073,-0.0305,0.0703,17,0.0625,0.7895,0.2143,0.0661,0.0268,0
202502,20161,"riley, ks",297625,-0.0156,0.0943,91,-0.037,0.046,48,-0.246,0.2025,56,0.2727,-0.3636,0,,,10,-0.375,-0.5,74,0.2131,-0.2086,156,0.0209,0.1926,1738,-0.0407,-0.204,339566,0.0074,0.0683,167,0.0809,-0.0722,0.8132,0.1677,-0.2615,0
202502,13119,"franklin, ga",326550,0.002,0.0383,85,-0.0231,0.0305,73,-0.1155,0.3598,26,0.0833,-0.2778,0,,-1,24,-0.1429,1,20,0.2903,-0.4521,189,0.0013,0.0484,1710,0.0165,-0.0338,405731,0.0139,0.0035,102,0,-0.1092,0.2367,0.0575,-0.2084,0
202502,27083,"lyon, mn",229250,0.0189,0.2309,29,-0.1077,-0.0492,74,-0.0265,0.1575,10,-0.4444,-0.375,0,,,2,-0.6667,-0.75,23,0,0.6667,106,-0.0198,0.0002,1920,0.0311,0.0667,234866,0.0151,0.1193,51,-0.0727,0.1724,0.7759,0.0836,0.3332,0
202502,55071,"manitowoc, wi",241050,-0.045,0.0405,140,-0.0476,0.3023,52,-0.0837,0.0297,36,-0.28,-0.3333,0,,,32,0.3333,4.3333,35,0.0294,0.0448,155,0.0154,0.0067,1668,-0.0073,0.105,312210,0.0095,0.0136,174,-0.0387,0.2384,0.25,0.0187,-0.0616,0
202502,18021,"clay, in",189500,-0.064,-0.1406,47,0.1071,1.0667,93,0.0451,0.2882,28,0.5556,1,0,,,14,0.1667,0,29,0.2083,0.5263,139,-0.0655,0.1174,1519,-0.0034,-0.1255,254471,-0.0549,-0.0802,76,0.1603,0.7674,0.6237,0.0522,-0.2208,1
202502,51683,"manassas, va",500000,0.087,0.07,30,-0.0164,1,26,-0.2714,1.3182,22,-0.2143,-0.45,0,-1,,12,1,,28,-0.0508,-0.2432,294,-0.0065,0.0799,1798,0.0854,-0.0171,512979,0.021,0.073,59,-0.0248,0.18,0.9333,-0.0339,-1.5333,1
202502,29089,"howard, mo",205900,-0.0887,-0.1201,23,0.0455,1.3,68,0.1538,1.8125,8,1,0,0,,,8,3,3,5,0.5,,139,-0.0727,0.1223,1675,0.0951,-0.153,295273,-0.1384,0.046,27,0.06,1.65,0.1957,0.0593,,1
202502,39023,"clark, oh",199925,-0.0001,0.0961,220,-0.066,0.917,54,-0.1157,0.3631,150,0.875,0.3889,4,1,1,102,0.0851,1.04,164,0.1631,0.0825,148,-0.0062,0.0355,1357,-0.0364,-0.0172,258510,-0.005,0.1009,384,0.0295,0.4573,0.7472,0.1472,-0.576,0
202502,31129,"nuckolls, ne",125000,0.1905,0.7857,5,-0.4706,-0.5,56,-0.1445,-0.1906,0,-1,-1,0,,,0,,-1,4,0,0.3333,107,0.3905,0.928,2010,0,-0.1272,208350,0.2915,0.6878,9,-0.32,-0.2917,0.8889,0.4183,0.5556,1
202502,38061,"mountrail, nd",337000,-0.0691,0.6858,16,0.1034,0.6,70,0.0221,0.287,2,0,-0.5,0,,,2,0,0,6,-0.0833,0.375,137,-0.0051,0.1387,2231,-0.011,0.1094,464672,-0.033,0.4167,21,0,0.5,0.3438,-0.07,-0.0563,1
202502,47063,"hamblen, tn",364100,0.0472,0.0044,143,-0.0138,0.4844,68,0.0075,0.0588,42,-0.2222,-0.3226,0,,,72,0.2857,0.6364,82,0.0516,0.094,198,-0.0002,-0.0065,2003,0.0629,0.0629,448020,0.0176,0.0405,224,0.009,0.3109,0.5719,0.0356,-0.2041,0
202502,19153,"polk, ia",333743,0.0136,-0.0406,1536,-0.0049,0.2832,71,-0.0567,-0.0241,640,0.1808,0.0224,20,1.5,-0.75,472,-0.0288,-0.0709,891,0.2026,0.047,227,0.0161,0.0011,1498,-0.0002,-0.0073,390992,0.0231,-0.0229,2424,0.062,0.185,0.5798,0.1,-0.1308,0
202502,20053,"ellsworth, ks",126225,0,-0.325,22,0,0.1,115,0.0796,-0.1884,0,-1,-1,0,,,2,-0.5,0,4,0.1429,0,81,-0.0138,-0.0156,1752,-0.0234,-0.0621,178885,-0.0179,-0.1372,26,0.04,0.1064,0.1818,0.0227,-0.0182,1
202502,05027,"columbia, ar",227250,-0.0033,0.1407,67,-0.0362,0.1875,80,0,-0.3822,14,-0.125,-0.125,0,,,6,-0.25,0.5,15,0,-0.2927,101,-0.0062,0.0045,1981,0.021,-0.0459,260948,-0.0051,0.0441,81,-0.0299,0.0872,0.218,0.0079,-0.148,0
202502,48245,"jefferson, tx",215350,0.0017,-0.0408,861,0.0058,0.0643,76,-0.0413,0.0486,258,0.3438,0.032,6,0,0.5,198,0.0532,-0.1161,76,0.0556,0.1969,123,0.0018,-0.0029,1745,-0.0029,-0.0327,257492,-0.0427,-0.0523,920,0.0077,0.083,0.0883,0.0042,0.0098,0
202502,35027,"lincoln, nm",499600,0.0002,-0.0889,297,-0.0034,0.6875,138,0.0474,0.4118,78,1.1667,0.5,0,,,50,0.4706,1.5,32,0.125,0.2115,273,-0.0086,0.0425,2047,0.0249,0.0275,704348,0.0167,-0.1835,328,0,0.6173,0.1061,0.0121,-0.0417,0
202502,35029,"luna, nm",245750,-0.0456,-0.0126,64,0.1532,0.7297,74,-0.2011,-0.2538,20,0.1111,0.25,0,,,16,3,7,21,0.2059,0.3226,134,-0.0114,0.0421,1833,-0.0048,-0.0906,278528,-0.0318,-0.2325,84,0.1831,0.6,0.3203,0.014,-0.0986,0
202502,48065,"carson, tx",223725,0.1065,0.2251,18,0,0.125,69,-0.4945,0.0111,6,0.5,-0.25,0,,,4,,0,4,-0.2727,-0.3846,127,0.1026,0.5028,1891,0.0266,0.0317,261980,0.0374,-0.0002,22,-0.0652,-0.0444,0.2222,-0.0833,-0.184,0
202502,38083,"sheridan, nd",400000,0.1445,4.4533,3,-0.25,0.5,168,0.4076,0.9591,0,,,0,,,0,,,1,,-0.5,173,0.101,2.3893,1920,-0.0476,0.203,471333,0.1006,5.4258,4,0,0,0.3333,,-0.6667,1
202502,05083,"logan, ar",158000,0.0161,-0.2565,67,0.0308,0,95,0,-0.1227,24,0.2,0.2,0,,,14,0.4,-0.2222,7,-0.35,-0.2778,112,0.0033,-0.0971,1650,0.0137,-0.0698,235877,0.026,-0.0979,73,-0.0268,-0.0333,0.097,-0.0568,-0.0373,1
202502,36043,"herkimer, ny",249200,0.0471,0.0416,113,-0.0217,0.1307,91,0.1818,0.2339,10,-0.375,-0.7222,0,,,18,0.125,0.2857,84,0.1133,0.0915,124,-0.0704,-0.1079,1688,0.0007,0.028,362900,-0.016,-0.0293,191,0,0.0852,0.7422,0.09,-0.0266,1
202502,13187,"lumpkin, ga",489900,0.0018,-0.1442,91,-0.1122,0.1895,69,-0.1534,0.1948,40,0.3333,0,2,0,,38,0.2667,1.7143,39,0.1,-0.2222,248,-0.0091,0.036,2363,0.0837,-0.0188,653607,-0.0955,-0.195,128,-0.0554,0.0159,0.4231,0.0816,-0.224,1
202502,16027,"canyon, id",477866,-0.0237,-0.0095,646,-0.0031,0.179,45,-0.2913,-0.122,434,0.1015,0.0284,46,-0.2813,-0.425,192,-0.1193,0.0667,651,0.2904,0.1119,255,0.0006,-0.0034,2098,-0.0052,-0.01,626106,-0.0154,-0.0151,1289,0.1189,0.1243,1.0085,0.2294,-0.0609,0
202502,46119,"sully, sd",299500,0,-0.3661,1,0,-0.6667,250,0.1264,1.3876,0,,,0,,,0,,,,,,136,0,-0.5912,2206,0,0.664,299500,0,-0.5708,1,0,-0.8,,,,1
202502,48089,"colorado, tx",349450,0.0233,0.0753,66,-0.0435,0.1478,120,0.086,0.337,12,0.5,-0.25,0,,,4,-0.5,-0.7143,13,0.5294,-0.2121,165,0.0459,-0.0391,2301,-0.0243,0.1124,648353,-0.0388,0.1591,79,0.026,0.0676,0.197,0.0738,-0.09,0
202502,51091,"highland, va",362500,-0.0163,-0.3825,12,0.2,-0.1429,122,-0.264,0.2292,6,2,0.5,0,,,2,,,5,-0.1818,1.25,162,-0.0041,-0.0286,1846,0,-0.3321,375254,0.0674,-0.7036,16,0,0,0.375,-0.175,0.2321,1
202502,37057,"davidson, nc",342838,0.0408,0.0572,350,-0.0567,-0.0359,72,-0.0236,0.8766,180,0.2676,-0.1892,4,-0.6667,-0.9487,112,0.12,0.098,285,0.237,-0.1693,179,-0.0231,0.0743,1795,0.1368,0.0117,395614,0.0044,0.0595,627,0.0521,-0.1132,0.814,0.1932,-0.1308,0
202502,49023,"juab, ut",499000,-0.0584,0.1419,52,0.1429,0.8246,69,-0.3884,-0.0519,10,0.6667,0.6667,0,,,18,1.25,2,11,0.375,-0.0435,178,-0.0182,0.0575,2579,-0.0094,0,555673,-0.0668,0.1774,63,0.1776,0.575,0.2115,0.0357,-0.192,0
202502,21125,"laurel, ky",282400,0.0195,0.0967,127,-0.1088,0.1545,93,0.088,0.2367,40,0.1765,-0.2,0,-1,-1,36,0.3846,-0.2174,52,0.4306,0.1977,155,0.0303,0.0751,1810,-0.01,0.0106,340806,0.0276,0.107,179,0,0.1661,0.4055,0.1529,0.0146,0
202502,18083,"knox, in",179900,-0.0042,-0.0705,76,-0.0617,0.3571,101,0.0889,0.0359,12,-0.3333,-0.4545,0,,,24,2,1,34,0.2364,0.0968,106,0.0071,0.0089,1635,-0.0183,-0.016,213805,-0.0082,-0.0403,110,0.0139,0.2807,0.4474,0.1079,-0.1062,0
202502,31097,"johnson, ne",290000,0.0945,0.3356,7,0,1.8,68,0.2857,-0.0657,4,1,0,0,,,2,0,,4,0.1667,0.1667,205,0.4571,0.7576,1256,-0.288,-0.3359,363200,0.1093,0.7042,11,0.1667,0.9091,0.5,0.0714,-0.7,0
202502,17107,"logan, il",131000,0.048,-0.0399,33,-0.1333,0.25,77,0.2419,0.3051,24,-0.0769,0.2,0,,,6,-0.625,-0.4,38,0.1719,-0.0625,85,0.0302,-0.0575,1584,0.0732,-0.0401,158715,0.0878,-0.1931,70,0.0072,0.0451,1.1538,0.3005,-0.3846,0
202502,31071,"garfield, ne",261250,0.0885,-0.3033,5,0.1111,0.6667,209,0.2017,0.7484,0,,,0,,,0,-1,,1,-0.5,0,230,0.0571,-0.1268,1399,0,-0.0201,358383,0.1782,0.0614,6,-0.0769,0.5,0.2,-0.2444,-0.1333,1
202502,12085,"martin, fl",517450,0.0009,-0.0505,1602,0.0872,0.4198,69,-0.0712,0.1184,512,0.0159,0.2019,10,0,0,658,0.1544,0.3108,376,0.2643,-0.1552,302,-0.0058,-0.0192,1625,0.0084,-0.0199,1287173,0.0143,0.1121,1977,0.1185,0.258,0.2345,0.0328,-0.1596,0
202502,32015,"lander, nv",488000,0,0,18,0.0294,0.0294,165,-0.1203,1.2534,2,,-0.5,0,,,0,,,2,1,-0.4286,249,-0.0069,-0.0163,1913,0.0035,0.0035,559303,-0.0064,0.3869,18,0,-0.1,0.1143,0.0555,-0.0916,1
202502,02100,"haines borough, ak",295000,0,-0.3583,14,0.125,1.7,179,0.1385,0.1068,2,0,,0,,,2,,,3,-0.3333,-0.3333,177,-0.0292,-0.0875,1541,0.3757,-0.1359,287767,-0.0374,-0.5277,17,0,0.65,0.2222,-0.1528,-0.6778,1
202502,24013,"carroll, md",517450,0.0273,-0.0608,180,-0.011,0.3953,38,-0.2424,0.0204,126,0.26,0,6,0,0,44,0.1579,0.0476,140,0.2917,-0.0211,241,0.0147,0.0479,2194,0.038,0.0466,589792,0.007,-0.0609,322,0.1281,0.1885,0.775,0.1816,-0.3297,0
202502,09120,"greater bridgeport planning region, ct",487000,0.0362,-0.0355,234,0.0174,0.0021,31,-0.4565,-0.1883,198,0.2692,-0.0198,4,0,1,34,-0.1053,-0.1053,291,0.0679,-0.0863,316,0.0226,0.1399,1451,0.0229,-0.2405,758365,-0.0023,-0.1622,523,0.0357,-0.0543,1.2436,0.0588,-0.1204,0
202502,13165,"jenkins, ga",164500,-0.0745,-0.3373,21,0.2,0.3125,106,0.052,0.486,6,2,0.5,0,,,6,0.5,0.5,5,-0.25,-0.1,108,0.0004,-0.0835,1676,-0.0362,-0.2604,178298,-0.0547,-0.3875,26,0.0625,0.2143,0.2143,-0.1286,-0.0982,1
202502,16073,"owyhee, id",677400,0.3027,0.0775,20,-0.1489,0.5385,50,-0.2701,0.1696,4,1,-0.6,0,,,2,-0.875,-0.6667,11,0.9091,0.4,282,0.0092,0.0662,2413,0.0561,-0.0772,800628,0.0763,0.0869,32,0.1053,0.5,0.525,0.291,-0.0519,0
202502,05001,"arkansas, ar",158000,0.0934,0.4871,70,0.0451,-0.1032,97,-0.0786,-0.2529,12,0.2,-0.4,0,,,16,1,0.6,17,0.0645,-0.2667,93,0.02,0.2924,1760,0.0333,0.1406,206909,-0.1572,0.3134,86,0.0488,-0.1224,0.2374,0.0043,-0.0529,0
202502,29093,"iron, mo",155500,0.02,0.0372,29,0.1373,-0.1944,68,-0.2785,0.1333,10,-0.2857,0.6667,0,,,6,2,-0.5714,13,1.3636,1.1667,106,0.0152,-0.0868,1643,0.1062,0.2015,172037,-0.0427,0.0531,42,0.3387,-0.0349,0.4483,0.2326,0.2816,0
202502,53007,"chelan, wa",497175,-0.0476,-0.2221,277,-0.0578,1.0985,116,-0.0212,0.1726,50,-0.2647,-0.0741,0,-1,-1,32,-0.1579,0.6,78,0.1556,0.1304,292,-0.0492,-0.2039,1371,-0.0433,-0.291,600987,-0.0485,-0.2668,353,-0.0262,0.7694,0.2816,0.052,-0.2411,1
202502,48069,"castro, tx",212500,-0.0339,0.2583,19,0.0556,1.2353,93,0,0.0109,4,,0,0,,,2,-0.5,0,2,-0.3333,-0.6364,100,-0.014,-0.0615,2157,-0.0481,0.1071,251303,-0.0424,-0.0047,22,0.0238,0.4828,0.1053,-0.0614,-0.5418,0
202502,31067,"gage, ne",248675,-0.0616,0.0707,57,0.0459,1.4255,67,-0.0221,-0.2176,18,0.2857,0.2857,0,,,10,0,0.25,18,0.0286,-0.2941,142,-0.0059,0.1929,1748,-0.0417,0.0475,297676,-0.0735,0.2666,75,0.0417,0.4851,0.3158,-0.0053,-0.7693,0
202502,29097,"jasper, mo",229975,0.0458,-0.0948,300,-0.0431,0.1194,61,0.0339,-0.0615,158,0.2154,0.0676,6,0.5,0,74,-0.0976,0.1935,201,0.0524,-0.0474,139,0.0075,-0.0298,1680,0.0288,-0.029,285005,0.0318,-0.3008,500,-0.0119,0.045,0.67,0.0607,-0.1173,0
202502,20055,"finney, ks",285225,-0.0206,0.01,100,0.0934,0.2595,93,0.0508,-0.0211,28,0,0.5556,0,,,26,0.3,0.4444,27,0.1489,0.0588,224,-0.0255,0.0081,1305,-0.0027,-0.0102,326387,-0.0248,0.1541,127,0.1048,0.2105,0.2714,0.0131,-0.0514,0
202502,04013,"maricopa, az",545000,0.0082,-0.0644,14767,0.0997,0.4797,54,-0.188,0.2135,7260,-0.0006,0.1583,328,-0.0787,-0.2807,8404,0.2562,0.5381,5778,0.3752,-0.021,287,0.0002,-0.0227,1980,0.0069,-0.049,938931,0.0204,-0.1276,20541,0.1653,0.3048,0.3913,0.0784,-0.2001,0
202502,46005,"beadle, sd",234999,0.0273,0.2951,38,0.1719,0,58,-0.2927,-0.0293,12,0.2,-0.25,0,,,4,1,-0.3333,1,-0.5,,104,0.0126,0.0284,2175,-0.0264,0.3169,295003,-0.0167,0.4247,38,0.1538,0,0.0133,-0.0179,,0
202502,37181,"vance, nc",267975,-0.0281,-0.0581,58,-0.1145,0.0545,94,0.1724,1.3522,20,0.25,-0.1667,0,,,28,0.4,0.4,31,0.1698,-0.0882,154,0.0348,-0.0865,1787,0.008,0.1099,318186,0.018,-0.0199,87,-0.0546,-0.0335,0.5345,0.1299,-0.0837,1
202502,01045,"dale, al",234500,-0.0198,0.2995,112,-0.0346,0.3274,70,-0.0915,0.7267,56,0.8667,-0.125,0,,-1,20,-0.5,-0.3333,45,-0.022,-0.1835,118,-0.0621,0.0303,1861,0.0551,0.1142,257985,0.003,0.1731,156,-0.0342,0.1434,0.3991,0.0052,-0.2497,0
202502,04011,"greenlee, az",234000,-0.0733,-0.2068,6,1,-0.3684,22,-0.7933,-0.8028,4,,1,0,,,0,,,2,0.5,2,164,0.0121,0.3435,1298,-0.2079,-0.4277,584794,1.2699,-0.3716,8,0.875,-0.2105,0.25,-0.0833,0.1974,1
202502,21019,"boyd, ky",197000,0.0919,0.3596,88,-0.0541,0.3258,76,0.045,0.313,40,0.25,0.3333,0,,,36,0.2857,1,58,0.2083,0.3034,104,0.0091,0.239,1914,0.045,0.2584,241813,0.0621,0.337,145,0.0394,0.3242,0.6629,0.1439,-0.0114,0
202502,18137,"ripley, in",247450,-0.0141,-0.0427,24,-0.25,-0.0769,75,0.1779,1.5254,8,-0.3333,-0.7333,0,,,8,-0.2,0,7,0.5556,-0.1765,132,0.0231,-0.1161,1928,-0.0509,0.085,245732,-0.027,-0.4577,31,-0.1622,-0.1014,0.2917,0.151,-0.0353,1
202502,35051,"sierra, nm",350000,0.0463,0.4228,57,-0.0424,0.2283,118,0.0468,0.2842,16,0.6,1.6667,0,,,8,0,-0.2,15,0.0714,2,191,0.0246,0.2852,1836,0.011,0.231,390167,0.0157,0.0947,74,0.0068,0.451,0.2655,0.0282,0.1568,1
202502,51143,"pittsylvania, va",266750,-0.1079,0.1002,75,0.0205,0.1288,68,-0.1758,-0.0748,28,0,-0.1765,0,,,20,0.1111,-0.1667,47,0.4091,0.0568,149,-0.0179,0.0883,1554,-0.0056,-0.1058,310407,-0.0782,0.2025,121,0.1476,0.1055,0.6242,0.1721,-0.0425,0
202502,05047,"franklin, ar",249450,-0.0215,0.1753,74,0.0576,0.4848,81,-0.0031,0.4703,22,0.375,-0.1538,4,,,8,-0.5556,0,9,0.0588,3.5,142,0.0262,0.0668,1806,-0.0585,0.0674,306521,-0.0704,0.0991,83,0.0641,0.6117,0.1224,0.0001,0.082,0
202502,50025,"windham, vt",540500,0.0832,-0.0501,205,-0.0331,0.2943,113,-0.0044,0.3101,42,-0.16,-0.2759,0,,,34,0.1333,0.7,78,0.1064,-0.1186,265,0.063,0.111,2095,0.0448,0.0146,852348,0.0499,0.0996,281,-0.0088,0.1449,0.3814,0.0481,-0.1787,0
202502,02063,"chugach census area, ak",203500,0.0074,-0.4848,13,-0.1379,2.5714,149,0.135,0.2438,2,,,0,,,0,,,3,0,0.2,239,0.0553,-0.133,790,-0.2589,-0.5212,352523,-0.0802,-0.2781,16,-0.1143,1.5833,0.24,0.0331,-0.4743,1
202502,18103,"miami, in",180000,-0.0395,0.2906,50,-0.0476,0.2987,70,0.0814,0.0145,22,0.8333,-0.2667,0,,,14,-0.3,0.1667,22,0.6923,-0.2,110,0.0281,0.187,1721,-0.045,0.1352,252875,0.0281,0.5218,72,0.0833,0.1,0.44,0.1924,-0.2743,0
202502,51103,"lancaster, va",489125,0.0003,-0.0582,67,0.0902,0.0726,97,0.1349,0.0348,22,1.2,0.8333,0,,,14,6,0.4,38,-0.2165,0.3818,260,-0.0258,0.1013,1771,-0.0125,-0.2139,829732,-0.0397,-0.0234,103,-0.0553,0.1582,0.5714,-0.2237,0.1279,1
202502,13045,"carroll, ga",330000,-0.003,-0.0571,457,0.0144,0.5166,72,-0.0465,0.3538,164,0.2239,0.2424,22,0.1,1.75,154,0.0132,0.4808,167,0.1929,-0.0997,177,0.01,0.0081,1995,0.0076,-0.0333,425220,0.0341,0.0063,610,0.0545,0.2748,0.3658,0.0547,-0.2505,0
202502,49001,"beaver, ut",376250,0.075,0.0644,43,0.0241,0.1806,120,0.0391,0.0864,14,0.75,1.3333,0,,,12,,,26,-0.0192,2.6429,307,0.0643,0.3587,1410,0.0562,-0.1075,485945,0.045,0.1175,69,0.0224,0.6118,0.6,-0.0265,0.4056,1
202502,48355,"nueces, tx",332125,-0.0084,-0.0429,2071,0.0476,0.3277,84,-0.006,0.1361,552,0.0739,0.0996,14,-0.5333,-0.4167,674,0.3644,0.6048,421,0.3203,0.0552,197,-0.0005,-0.015,1599,-0.0157,-0.0237,455451,0.0043,-0.0172,2489,0.0848,0.2719,0.2031,0.0419,-0.0524,0
202502,55091,"pepin, wi",253125,-0.0783,0.0196,7,-0.3913,0,77,0.3276,-0.3701,0,-1,-1,0,,,0,-1,,9,1.25,1.25,170,-0.0237,-0.0067,1913,0.0471,0.3263,280100,0.0087,-0.4767,16,-0.0313,0.4091,1.2857,0.9379,0.7143,1
202502,39033,"crawford, oh",159925,-0.0183,-0.1098,76,-0.0793,0.6064,57,-0.1231,0.3029,32,-0.1579,-0.1111,0,,,32,0.2308,0.6,34,0.0625,-0.32,100,-0.094,-0.1308,1553,0.0217,-0.0542,194405,-0.0056,-0.0833,110,-0.0517,0.134,0.4503,0.0601,-0.6135,1
202502,38093,"stutsman, nd",219850,0.0005,0.0362,25,-0.2462,-0.1967,119,0.4906,0.3668,8,0,0,0,,,2,0,-0.75,19,0.8095,-0.0256,122,-0.0077,0.2193,1972,0.0121,0.0368,313232,0.0621,0.4084,44,0.0233,-0.1287,0.7755,0.4524,0.1362,0
202502,47027,"clay, tn",349750,0.0182,-0.0642,33,0.0484,-0.0299,98,-0.0273,0.2686,6,0,0,0,,,4,0,-0.3333,4,-0.2222,0.4,203,0.071,0.0348,1696,-0.0737,0.1429,361620,-0.0098,-0.1575,36,0,0,0.1077,-0.0375,0.0331,0
202502,26043,"dickinson, mi",149400,-0.0033,0.0081,54,-0.0092,0.5429,89,0.2465,0.18,14,-0.2222,0.1667,0,,,14,2.5,0.75,30,0.2,-0.0323,120,0.0045,0.107,1402,-0.0007,-0.0203,220668,-0.0253,0.0019,84,0.05,0.2923,0.5556,0.0968,-0.3302,0
202502,01047,"dallas, al",80625,-0.2684,0.0304,108,0.0969,0.3694,103,-0.0549,-0.164,18,-0.1,0.5,0,,,26,1.1667,2.25,29,0.0755,0.2391,64,-0.1174,0.2166,1681,-0.0258,0.0529,137854,-0.1198,0.0375,136,0.0586,0.322,0.2651,-0.0053,-0.0279,0
202502,30015,"chouteau, mt",299999,0.3333,0.2552,9,-0.0526,-0.3571,105,0.0687,-0.1268,4,1,1,0,,,0,,,4,3,1.6667,140,-0.0384,-0.0911,2013,-0.0574,-0.1181,375278,0.0597,0.018,12,0.1429,-0.2,0.4444,0.3392,0.3373,1
202502,20203,"wichita, ks",230000,0,1.875,1,-0.5,-0.75,183,0.1262,0.0958,0,,,0,,,0,,,,,,185,0,2.4208,1240,0,-0.199,230000,0,1.875,1,-0.5,-0.75,,,,1
202502,39045,"fairfield, oh",375225,0.0116,0.0075,160,-0.1281,0.1388,58,-0.0567,0.6408,114,0.0962,-0.2297,2,,-0.6667,76,-0.2245,0.027,165,0.1306,0.3056,194,-0.001,0.0645,1889,0.0156,-0.034,431189,0.0124,-0.0913,325,-0.0107,0.2222,1.0281,0.2352,0.1313,0
202502,20175,"seward, ks",193750,0.0065,-0.0238,37,0,0.8718,91,0.1335,-0.1289,12,0.2,2,0,,,8,0.3333,1,12,-0.2258,-0.04,96,0.0383,0.0218,2051,-0.0134,0.0557,215124,0.0097,0.0296,49,-0.0392,0.5313,0.3288,-0.0959,-0.3123,1
202502,37183,"wake, nc",477497,-0.0144,-0.0764,2460,0.083,0.4855,47,-0.3162,0.2237,1584,0.1946,0.0674,116,-0.1343,0.0741,950,0.237,0.6047,2107,0.1638,-0.1141,236,0.0029,-0.008,2123,-0.0129,-0.0694,677703,-0.0109,-0.0979,4565,0.1152,0.1304,0.8565,0.0595,-0.5798,0
202502,41035,"klamath, or",397750,-0.0031,0.0305,272,-0.0439,0.4743,104,-0.0545,0.355,52,-0.037,-0.2973,4,,0,54,-0.069,-0.069,74,0.2333,-0.1957,226,-0.0094,0.0308,1800,0.0213,0.0387,510136,0.0151,-0.0576,346,0.0044,0.2317,0.2721,0.0612,-0.2266,0
202502,40025,"cimarron, ok",85000,,-0.3907,0,,-1,4,,-0.9833,4,,,0,,,0,,,,,,47,,-0.5729,1812,,0.4268,85000,,-0.3907,0,,-1,,,,1
202502,48161,"freestone, tx",264225,0.0413,0.1195,75,0,-0.1429,92,0.0517,-0.0394,24,0.3333,0.5,0,,-1,10,-0.5,-0.375,24,0.6207,0.1463,142,-0.0397,0.0113,1835,0.0254,0.0141,335349,0.0447,0.0123,99,0.1,-0.0616,0.3133,0.12,0.079,0
202502,06073,"san diego, ca",949995,0,-0.0467,3910,0.1034,0.6134,34,-0.3267,0.0303,2538,0.0317,0.2429,132,0.2,0.082,1250,0.255,0.7857,2052,0.2837,-0.0504,625,0.0009,-0.0198,1581,0.0131,-0.0354,1692158,0.001,-0.0763,5956,0.1611,0.3112,0.5248,0.0737,-0.3669,0
202502,40027,"cleveland, ok",313995,0.0129,-0.0791,785,-0.0327,0.403,53,-0.1846,-0.1311,330,0.0248,0.1,12,0.2,5,254,0.0672,0.5301,412,0.2619,0.0771,171,0.0105,-0.001,1876,-0.002,-0.0477,397508,0.0082,-0.023,1198,0.0523,0.2767,0.5248,0.1225,-0.1588,0
202502,19051,"davis, ia",199925,-0.0855,0.1869,25,-0.02,1.0417,114,0.1486,1.2463,8,1,1,0,,,2,-0.6667,-0.5,7,1,-0.2222,127,-0.103,0.2726,1583,0.0216,-0.1199,234141,-0.2054,0.0455,31,0.1071,0.4419,0.2857,0.1457,-0.4643,1
202502,48155,"foard, tx",209500,0.7458,1.6188,2,-0.3333,1,160,0.302,0.6702,0,,,0,,,0,,,1,,,48,-0.0157,0.1317,2480,0.0592,0.3255,209500,0.1881,1.6188,3,-0.1667,1.5,0.5,,,1
202502,42133,"york, pa",360185,0.0082,0.0672,545,-0.0538,0.0371,46,-0.1111,-0.1238,442,0.3899,0.0995,26,-0.3158,-0.4091,164,-0.1717,0.025,544,0.1024,-0.0866,179,0.0074,0.0654,1936,0.0022,0.0093,410564,0.0089,0.0763,1088,0.0288,-0.029,0.9972,0.1413,-0.135,0
202502,13193,"macon, ga",157875,0.1915,0.0795,18,-0.2391,0.0294,83,0.5,0.5708,2,0,-0.8,0,,,4,-0.6,-0.3333,4,0.1429,-0.3333,97,0.1456,0.0483,1982,-0.0155,0.2142,184810,0.1174,-0.0015,22,-0.1731,-0.0652,0.2286,0.0764,-0.1244,1
202502,13175,"laurens, ga",252175,0.0107,-0.1301,102,0.005,0.1154,88,0.0539,0.4667,24,-0.3333,-0.2941,4,1,,30,0.3636,1.1429,46,0.046,0.2297,131,-0.0023,-0.0757,1886,0.0144,-0.0646,306353,0.018,0.0287,146,0.0246,0.1594,0.4483,0.0176,0.0417,1
202502,31139,"pierce, ne",196250,0,0.4018,13,-0.1333,0.7333,112,0.3195,0.3639,4,0,1,0,,,2,0,,7,0,5.5,99,-0.1028,0.0352,1473,0.0333,-0.2418,188259,-0.0949,0.0835,19,-0.1395,1.1765,0.5,0.0667,0.3667,1
202502,18141,"st. joseph, in",226175,0.0057,0.1068,454,-0.1098,0.2629,61,-0.0508,0.125,262,0.1909,0.1008,10,1.5,0.25,178,-0.0632,0.1867,299,0.2012,-0.0773,139,-0.0059,0.0258,1627,-0.0091,0.0247,311485,0.0181,-0.0744,756,-0.0072,0.107,0.6575,0.1702,-0.2424,0
202502,47039,"decatur, tn",249900,-0.0568,-0.1772,56,-0.0348,0.1443,105,0.0268,0.3408,6,-0.5714,-0.25,0,,,8,0.3333,0,10,-0.24,-0.3214,165,-0.0049,-0.0157,1627,0.0373,-0.0964,320058,-0.1275,-0.0689,65,-0.0851,0.0157,0.1712,-0.0462,-0.1175,1
202502,09130,"lower connecticut river valley planning region, ct",627450,0.0581,0.0659,221,0.0652,0.073,36,-0.3766,-0.4857,132,-0.0294,0.0645,26,5.5,12,40,-0.2,0.25,224,0.0444,-0.0045,289,-0.0129,0.1218,2153,0.1069,-0.0113,878787,-0.0561,-0.0911,447,0.0745,0.0407,1.0136,-0.0202,-0.0789,0
202502,04021,"pinal, az",399991,0.0002,-0.0217,2619,0.0756,0.3184,62,-0.117,0.2327,1168,0.1274,0.0957,104,-0.1186,-0.4468,1402,0.2699,0.3251,1062,0.3211,-0.0639,217,0.0065,0.0024,1907,0.0021,-0.0091,485880,0.0112,-0.0212,3679,0.1364,0.1933,0.4053,0.0753,-0.1655,0
202502,22027,"claiborne, la",296750,0.0813,1.3366,22,-0.12,0.3333,77,-0.0613,-0.1053,4,0,1,0,,,4,1,-0.3333,11,0.1053,3.2,93,0.0502,0.1848,2117,0.0248,0.2677,320120,0.0345,0.5381,34,-0.0147,0.7179,0.4773,0.0973,0.3258,1
202502,27029,"clearwater, mn",362975,-0.063,0.0772,15,0.0714,-0.2308,74,-0.0805,-0.2266,4,,1,0,,,0,,-1,10,0.0526,-0.0909,145,0.002,-0.0899,2480,-0.008,0.5259,423716,-0.086,0.0723,26,0.1087,-0.1774,0.6667,-0.0119,0.1026,1
202502,24029,"kent, md",371000,-0.0548,-0.0684,63,-0.0233,0.4318,91,0.0283,-0.1168,26,1.1667,0.1818,0,,,8,-0.3333,0.3333,19,0.1875,-0.4154,233,-0.0235,-0.0177,1653,-0.103,-0.2288,711998,0.0953,0.1483,81,0.0126,0.0662,0.3016,0.0535,-0.437,0
202502,30065,"musselshell, mt",350000,-0.0572,-0.1968,25,-0.0385,0.4706,125,0.1067,0.0779,2,-0.75,-0.5,0,,,0,-1,-1,6,0.5,-0.25,164,-0.0289,-0.4225,1840,-0.0125,0.2873,447182,-0.0699,-0.1605,31,0.0333,0.24,0.24,0.0862,-0.2306,1
202502,46093,"meade, sd",488375,0.0282,0.0528,87,-0.0169,0.2985,69,0.0787,0.0111,26,0.1818,-0.35,0,,,16,0,0.6,25,0.2564,-0.2462,272,0.0552,0.1397,2036,0.0438,-0.0223,637010,0.085,-0.1444,111,0.0326,0.1503,0.2816,0.0613,-0.2035,0
202502,16061,"lewis, id",312000,-0.1143,0.0576,14,-0.0357,-0.1563,115,0.0044,-0.2171,4,,1,0,,,0,-1,-1,2,-0.6667,-0.5,167,-0.089,-0.1342,1903,-0.0491,-0.0205,356700,-0.4133,-0.3628,16,-0.225,-0.225,0.1481,-0.2804,-0.1019,1
202502,48403,"sabine, tx",231000,-0.0619,-0.2892,111,0.0474,0.3155,92,-0.2306,-0.1771,28,0.4,0.5556,0,,,20,1.5,1.5,16,0.6316,0.3478,175,0.0422,0.0395,1520,-0.0366,-0.0372,323102,-0.0091,-0.0729,125,0.0826,0.2969,0.1403,0.0502,0.0034,1
202502,26151,"sanilac, mi",234950,0.0108,0.122,101,-0.0147,0.1486,84,-0.0347,-0.0538,30,0.0714,0,0,,,22,0.1,0.8333,27,0.102,-0.129,159,0.0162,0.1262,1575,-0.0156,0.0526,285631,-0.034,0.2132,125,0.0121,0.0965,0.2687,0.0285,-0.0856,0
202502,29177,"ray, mo",273000,0.0628,0.357,53,-0.0094,0.3291,71,-0.116,0.3302,24,0.7143,-0.0769,0,,-1,14,0.1667,0.1667,30,0.0727,0.2292,157,0.0253,0.1835,1518,-0.0203,-0.035,361185,0.1034,0.1894,82,0.0316,0.2636,0.5619,0.043,-0.0457,0
202502,01133,"winston, al",591725,0.0686,-0.1838,119,0.1286,0.3466,90,-0.1325,0.1765,40,0.6667,0.1111,0,,-1,14,-0.125,0.1667,21,-0.0233,0.05,292,0.0411,-0.0165,2323,-0.0056,-0.066,751022,0.0323,-0.1254,140,0.1067,0.2785,0.1772,-0.0275,-0.0501,1
202502,37009,"ashe, nc",495000,-0.0043,-0.1199,74,-0.0068,0.073,84,0.0774,-0.0089,32,0.2308,0.1429,0,,,14,0.1667,-0.125,37,0.0423,-0.2211,259,-0.0396,-0.0458,1962,-0.0057,0.0031,599171,-0.0765,-0.1231,109,0,-0.0603,0.5034,0.0237,-0.19,1
202502,51195,"wise, va",182225,0.0901,0.3328,69,-0.1321,0.5682,120,-0.0062,-0.0418,20,1.5,0,0,,,20,0.4286,0.6667,20,0.0541,-0.2642,107,-0.0022,0.1718,1687,0.0167,0.1158,227385,0.0427,0.2887,90,-0.0816,0.2857,0.2826,0.0499,-0.3197,0
202502,48397,"rockwall, tx",490698,-0.0175,0.0162,673,0.0557,0.337,71,-0.034,0.1784,246,0.2059,0.2551,24,1,-0.1429,250,0.0417,0.1792,242,0.1863,-0.12,199,-0.0127,0.01,2568,-0.0217,-0.0324,650073,-0.0121,-0.0273,915,0.0925,0.1829,0.3599,0.0396,-0.1869,0
202502,36019,"clinton, ny",211750,-0.0242,-0.1478,90,-0.1388,-0.0374,104,0.0888,0.2752,26,-0.2778,-0.3158,0,,,12,-0.6,-0.5,81,-0.0585,0.0523,135,-0.0089,-0.1018,1530,-0.0398,-0.057,273449,0.0549,-0.0961,170,-0.1102,-0.0029,0.8944,0.0763,0.0763,1
202502,23029,"washington, me",281175,-0.0301,0.1644,186,-0.0702,0.4549,155,0.1701,-0.0607,20,-0.375,-0.3333,0,,,16,-0.2727,-0.1111,23,-0.1154,-0.1636,199,0.0022,0.0046,1413,-0.0269,-0.0295,383870,-0.0036,-0.0104,209,-0.0733,0.3452,0.124,-0.0063,-0.0917,0
202502,35045,"san juan, nm",378250,-0.0098,0.0808,140,-0.0141,0.2727,67,-0.1625,-0.1829,68,0.3077,0.8889,0,,,44,0.375,0.4667,86,0.0886,-0.1357,188,0.0044,0.106,2016,-0.0001,-0.0336,515142,0.0258,0.1078,226,0.0181,0.0764,0.6143,0.0579,-0.2903,1
202502,24045,"wicomico, md",308698,0.0115,0.1762,207,0.0198,0.2076,71,-0.0439,0.6746,92,0.2778,-0.08,8,,0,60,0.2,0.1538,115,0.0849,-0.0726,185,0.0056,0.0948,1611,-0.015,0.0609,342585,-0.0023,0.1015,321,0.0405,0.079,0.5569,0.0334,-0.1682,0
202502,42059,"greene, pa",145950,-0.0233,-0.114,44,-0.102,-0.0112,101,0.0686,-0.069,14,0.75,0.1667,0,,,14,-0.125,0.1667,23,0.2162,0.3235,99,0.042,-0.0768,1400,0,-0.1195,192617,0.0323,-0.11,66,-0.0296,0.065,0.5114,0.1338,0.1293,1
202502,29019,"boone, mo",419450,0.0573,0.0756,375,-0.0506,0.1867,76,-0.0194,0.52,162,0.0519,-0.1196,2,0,0,72,0.2857,0.6364,245,0.2868,16.4643,203,0.031,0.0539,2049,0.0226,0.0013,474322,0.0331,0.0217,616,0.0512,0.8623,0.652,0.171,0.6077,0
202502,17057,"fulton, il",84950,-0.0006,-0.0423,74,-0.0263,0.265,83,0.1182,0.3966,22,-0.1538,-0.3529,0,,,24,0.0909,0.0909,33,0.1404,0.1607,65,-0.0108,0.0215,1424,-0.0035,-0.0385,122535,-0.0577,-0.1352,106,0.0291,0.2326,0.4392,0.0642,-0.0394,0
202502,36007,"broome, ny",194475,-0.0337,0.1684,167,-0.1283,-0.0593,69,0.0222,0.0615,100,0.0417,-0.1071,0,,-1,38,-0.1364,-0.3448,237,-0.0227,0.0021,120,0.0205,0.1334,1695,-0.0031,0.0639,276089,-0.0004,0.0807,407,-0.0611,-0.0169,1.4234,0.1538,0.0873,0
202502,40015,"caddo, ok",168000,0.0221,0.0034,88,0.1146,0.9231,129,-0.0282,0.5732,28,2.5,0.0769,0,,,12,-0.25,0.2,20,0.1111,0.8182,104,0.0159,0.1342,1515,-0.023,-0.1256,191793,0.0015,-0.4326,108,0.1309,0.8783,0.2286,-0.0007,-0.0132,0
202502,05137,"stone, ar",340553,0.0321,0.2329,68,-0.0217,0.0465,120,0.0742,0.1039,8,-0.2,-0.5556,0,,-1,6,0,-0.25,20,0.0256,1.3529,192,-0.0142,0.1165,1800,0.0262,0.0387,408116,-0.0015,0.0966,87,-0.0169,0.1918,0.2963,0.0137,0.1645,0
202502,24015,"cecil, md",446698,0.0334,-0.0172,147,0.0034,0.2672,74,0.0495,-0.2826,84,0.2353,0.2727,4,,-0.8333,34,-0.15,0.3077,102,0.1397,-0.2527,216,-0.0152,-0.0028,1979,0.0092,-0.0045,509605,-0.0167,-0.0514,249,0.0529,0,0.6939,0.083,-0.4828,0
202502,26115,"monroe, mi",297450,0.082,0.0837,196,-0.0249,-0.0274,70,0.0451,0.053,118,0.5526,0.0926,4,-0.6,-0.3333,62,0.24,-0.1389,126,0.1567,-0.1404,175,0.0128,0.0403,1699,0.0471,-0.0006,348328,0.0477,0.0565,321,0.0272,-0.0749,0.6419,0.1008,-0.0844,0
202502,17167,"sangamon, il",164900,-0.0572,-0.0574,178,-0.1548,0.1378,60,0.0258,0.4226,140,0.25,-0.2222,2,,-0.75,60,-0.0625,1.1429,208,0.3639,0,109,0.032,0.0379,1622,-0.007,-0.0701,242973,0.0047,-0.0518,382,0.051,0.0597,1.1718,0.4456,-0.1615,0
202502,46075,"jones, sd",189500,0.0528,,2,1,,61,-0.1586,,0,,,0,,,0,,,,,,138,-0.2228,,1514,0.497,,189500,0.0528,,2,1,,,,,0
202502,48083,"coleman, tx",144250,0.0294,0.2031,67,0.0984,0.2642,87,-0.2412,-0.0362,14,-0.2222,0.1667,0,,,14,0.4,0.75,14,0.3333,0.2174,89,0.0841,0.0022,1563,-0.0319,0.1156,185467,-0.0698,-0.1126,81,0.125,0.2656,0.209,0.0368,-0.008,0
202502,27039,"dodge, mn",333650,0.0388,-0.1475,25,-0.1967,-0.1091,95,0.2517,-0.0105,12,-0.3333,0,0,,,6,-0.4,0.5,28,0.1,0.2222,170,0.0292,-0.1769,1998,0.11,0.0544,372638,0.0998,-0.4042,52,-0.0631,0.0297,1.1224,0.3028,0.3043,1
202502,13135,"gwinnett, ga",447000,-0.001,-0.0372,2345,0.0112,0.5468,54,-0.1157,0.3544,1166,0.23,0.1365,72,0.0909,-0.4286,816,0.0226,0.7215,1064,0.1441,-0.0551,193,0.0077,-0.0053,2412,-0.0131,-0.0349,570091,0.0039,-0.0377,3368,0.0378,0.2858,0.4537,0.0527,-0.289,0
202502,50013,"grand isle, vt",575000,-0.015,0.3076,30,-0.0164,0.7143,107,0.2413,-0.0656,8,1,1,0,,,2,-0.5,-0.5,7,0,1.3333,289,-0.0444,0.3371,1824,0,-0.1032,610313,-0.1139,0.011,37,-0.0263,0.8049,0.2333,0.0038,0.0619,1
202502,42103,"pike, pa",339900,0.0146,-0.0155,321,-0.1071,0.0559,99,0.018,0.0532,86,0,-0.1569,4,,-0.5,58,-0.1944,0.2083,158,0.0714,-0.0483,186,0.0007,0.0231,1847,0.003,-0.0589,390972,0.0005,-0.0192,476,-0.0547,0.0128,0.4907,0.0818,-0.0538,0
202502,37115,"madison, nc",499700,0.0034,0.0553,86,-0.0601,0.2199,129,0.0341,0.2028,18,-0.25,0,0,,,24,1,0.5,27,0.2045,-0.0185,278,0.0082,-0.0233,1761,0.0013,0.1147,711633,0.0336,0.1052,113,-0.0088,0.1658,0.3081,0.0677,-0.0748,0
202502,29217,"vernon, mo",195225,-0.0422,0.3028,36,-0.2022,-0.0897,87,0.2211,0.2701,12,0.2,0,0,,,8,-0.3333,-0.4286,23,1.5556,0.0698,103,0.0436,-0.0227,1996,-0.0026,0.3964,236861,-0.0089,-0.3913,59,0.0935,-0.0331,0.6479,0.4456,0.0966,0
202502,17119,"madison, il",182200,-0.0405,-0.0471,320,-0.1125,0.0527,53,-0.0536,0.0242,232,0.2211,0.0265,6,,0,98,0.0426,-0.0577,316,0.249,-0.0247,128,0.0292,0.0523,1569,0.0022,-0.0318,261950,-0.0089,-0.031,630,0.0236,-0.0164,0.989,0.2863,-0.0785,0
202502,54095,"tyler, wv",104900,-0.0912,-0.4818,8,-0.3182,0.1538,98,0.4498,-0.0127,2,,-0.5,0,,,0,-1,-1,5,4,-0.0909,82,0.0036,-0.0766,1100,-0.1493,-0.2598,108774,-0.0755,-0.5198,13,0.04,0.1304,0.6667,0.5758,-0.1795,1
202502,48129,"donley, tx",178500,0.0689,0.02,11,-0.0833,-0.3125,50,-0.4012,0.1494,4,0,1,0,,,2,,0,3,0.2,2,118,0.0818,0.2157,1173,-0.1593,-0.2483,181679,0.1031,-0.0182,14,-0.0357,-0.25,0.2727,0.0644,0.2102,1
202502,12079,"madison, fl",281250,-0.045,-0.0292,47,0.0217,-0.0693,83,0.0891,0.0784,10,0,-0.2857,0,,,10,-0.2857,0.25,10,1.375,1.7143,153,0.029,-0.0191,1959,-0.0581,0.1848,382173,-0.0383,-0.1354,58,0.1275,0.0648,0.2021,0.1152,0.1328,0
202502,38003,"barnes, nd",264900,0.0152,-0.0279,21,-0.1458,-0.18,103,0.3758,0.0904,0,-1,-1,0,,,2,-0.5,-0.5,7,-0.0667,0.1667,113,-0.0108,-0.1245,1820,0,-0.1602,260760,0.0267,-0.0248,27,-0.129,-0.129,0.3415,0.029,0.1015,1
202502,40131,"rogers, ok",369900,-0.0003,-0.099,251,-0.0704,0.0591,74,0.073,0.0652,82,0.025,-0.0889,16,3,1,68,-0.2917,0.0303,115,0.2637,0.0798,170,0.0087,0.0087,2210,-0.0063,-0.0188,429230,-0.0089,-0.1342,366,0.0139,0.0733,0.4582,0.1211,0.0088,0
202502,51115,"mathews, va",418675,0.0432,-0.1018,31,-0.1389,-0.2439,86,-0.0875,-0.0364,4,-0.6,-0.6,0,,,0,-1,-1,20,0.0256,0.2121,222,-0.0697,0.0959,2177,0.0393,0.0925,570453,0.0167,-0.0138,50,-0.1071,-0.1228,0.6452,0.1035,0.2427,1
202502,37063,"durham, nc",429900,0.0074,-0.0115,685,0.1295,0.5027,48,-0.2558,0.2973,392,0.2645,0.0103,20,-0.2308,-0.0909,246,0.268,0.4643,475,0.1982,-0.1131,253,0.0158,-0.0013,1753,-0.0104,-0.033,564354,-0.0093,-0.0848,1155,0.158,0.1697,0.6932,0.0397,-0.4813,0
202502,27151,"swift, mn",186725,0.0905,-0.0055,24,-0.1296,0.4242,141,0.1949,0.1799,4,1,0,0,,,4,-0.3333,1,12,0.5333,0.2778,106,0.0638,-0.0759,1757,0.036,-0.0421,221015,0.1007,-0.0787,35,0,0.4,0.4894,0.2116,-0.0561,0
202502,39071,"highland, oh",235244,0.088,0.023,86,-0.0391,0.8298,77,-0.0404,0.1573,36,0.125,0.5,0,,,14,0.75,-0.125,45,0.0976,-0.0526,157,-0.01,0.101,1646,0.0213,-0.0876,268698,0.0651,-0.1221,133,0.0153,0.4171,0.5233,0.0652,-0.4874,0
202502,01051,"elmore, al",340950,0.0142,0.0183,198,-0.0435,0.2532,81,-0.0329,0.6564,84,0.05,-0.2075,0,,-1,48,0.5,0.6,115,0.2181,-0.0418,159,-0.0136,0.0351,2096,0.0428,0.016,573861,0.1729,0.1961,312,0.0417,0.1243,0.5783,0.1242,-0.178,0
202502,33013,"merrimack, nh",544450,0.006,-0.0099,121,-0.0584,0.1308,43,-0.1925,0.0299,106,0.06,-0.0702,4,0,0,18,-0.4,0.125,152,0.0629,1.2687,281,0.0138,-0.0391,1962,-0.002,-0.0165,644606,-0.0131,0.0864,274,0,0.5237,1.2562,0.1434,0.63,0
202502,36055,"monroe, ny",249900,0.0416,0.2495,396,-0.01,0.0367,52,0.089,2.3548,358,-0.1937,-0.2694,18,2,8,36,-0.3571,-0.4375,754,0.0294,15.5714,161,0.0399,0.1424,1655,0.0229,0.0197,358772,0.0525,0.2088,1136,0.008,1.6761,1.9064,0.0729,1.7872,1
202502,38007,"billings, nd",899950,0,0.6363,2,0,1,187,0.1767,0.0081,0,,,0,,,0,,,1,0,,505,0,1.613,1992,0,-0.2996,899950,0,0.6363,3,0,2,0.5,0,,1
202502,37077,"granville, nc",351425,0.0045,-0.1258,110,0.033,0.6466,63,-0.0899,0.2908,56,0.4737,0.1667,4,0,1,36,0,0.5,59,0.0354,0.0354,220,0.035,-0.0326,1933,-0.0057,-0.1392,459870,-0.0321,-0.1247,169,0.0433,0.3811,0.5342,0.0012,-0.3154,1
202502,34025,"monmouth, nj",844725,0.0095,0.0042,998,0.0015,-0.0344,52,-0.1811,0.3684,600,0.2195,-0.0033,8,1,-0.8095,136,-0.0685,-0.1605,958,-0.0352,0.0268,399,0.0209,0.0077,2018,0.0318,0.0076,1352482,0.0318,0.0616,1934,-0.0242,-0.0115,0.9604,-0.0366,0.0572,0
202502,46081,"lawrence, sd",825750,0.0306,0.0274,164,0,0.4405,125,-0.002,0.7786,44,0.8333,0.2222,0,,,18,-0.3571,0.125,37,0.1212,0.2542,315,-0.0178,-0.0715,2691,0.0018,0.1367,936550,-0.0053,0.0603,199,0.0025,0.4014,0.2263,0.0245,-0.0336,0
202502,38037,"grant, nd",123450,-0.2056,0.2533,8,0,1,110,-0.1222,-0.0223,0,,,0,,,0,,,1,0,,79,-0.1694,0.342,2400,0,0.2807,231386,0.0255,0.4952,8,0,1,0.125,0,,0
202502,48431,"sterling, tx",344900,-0.3101,-0.343,4,0.3333,0.3333,106,0.2297,-0.4591,0,,,0,,,0,,,,,,145,-0.0965,-0.1397,2290,-0.2646,-0.2646,334900,-0.1261,-0.1955,4,0.3333,0.3333,,,,1
202502,13005,"bacon, ga",239900,0.1397,0.087,14,-0.2,-0.0968,54,-0.1116,0.1316,2,-0.6667,-0.5,0,,,2,-0.5,-0.5,3,1.5,1.5,133,0.0374,0.0857,1956,0.057,-0.0821,249464,0.0959,-0.1661,17,-0.1081,-0.0294,0.1786,0.1214,0.1141,0
202502,35023,"hidalgo, nm",95000,-0.0732,0,15,-0.0625,0.6667,129,-0.1342,-0.267,0,,-1,0,,,4,1,,3,0,2,94,-0.0608,0.3288,1104,-0.0036,-0.2069,108677,-0.2137,-0.4747,18,-0.0526,0.8,0.2,0.0125,0.0889,1
202502,32029,"storey, nv",593000,0.0025,-0.1215,12,-0.1786,-0.2333,75,-0.3407,-0.5253,4,1,0,0,,,2,-0.5,-0.5,7,1,0.2727,326,0.0935,0.1814,1883,-0.0238,-0.245,782111,-0.0234,0.044,18,0,-0.125,0.6087,0.3587,0.242,1
202502,29053,"cooper, mo",349950,0.0086,-0.0476,30,-0.1194,0.2292,106,0.3188,0.6231,10,0,0,0,,,4,1,-0.6,15,-0.0625,0.875,170,-0.0072,-0.1604,2116,0.0156,0.141,380082,0.0062,-0.1225,46,-0.0707,0.4375,0.5085,0.0309,0.1751,0
202502,23011,"kennebec, me",450000,0.0508,0.1421,211,-0.0944,0.3701,77,-0.0224,0.0268,68,-0.1282,-0.0811,0,,,50,-0.1667,0.1905,59,0.0351,-0.0635,235,-0.0051,0.1373,1734,0.0212,0.016,536296,0.0397,0.2205,269,-0.0789,0.2373,0.2796,0.035,-0.1295,0
202502,13091,"dodge, ga",189000,0.0988,0.0067,33,0.0656,0.0156,114,0.1098,0.4725,12,,1,0,,,4,-0.5,-0.5,6,0.2,-0.5,108,-0.0533,0.0668,1943,0.0346,0.0225,295346,0.1151,0.1396,39,0.0986,-0.1333,0.1846,0.0207,-0.1904,1
202502,28009,"benton, ms",177000,-0.2625,-0.2045,20,-0.0714,1.1667,73,0.0902,-0.3556,0,-1,,0,,,6,-0.25,0,10,1.375,1.375,117,-0.0128,-0.159,1711,-0.0251,-0.1554,277348,-0.0395,-0.0488,28,0.12,1.1538,0.4872,0.2967,0.0427,1
202502,48325,"medina, tx",469000,-0.0425,0.139,275,-0.0108,0.0638,92,-0.0342,0.2072,78,0.3448,-0.1702,10,0.25,0.6667,66,-0.0294,-0.1538,66,0.2222,-0.0504,209,0.0007,0.0087,2221,-0.0391,0.0291,543459,-0.0427,0.0785,341,0.0256,0.035,0.24,0.0458,-0.0289,0
202502,13051,"chatham, ga",425000,0.0155,-0.0067,1113,0.0334,0.6642,64,-0.1233,0.3061,522,0.2857,0.1549,20,-0.1667,-0.2308,452,0.159,0.8226,559,0.142,-0.1279,233,0.0173,-0.0135,1859,-0.0061,0.0102,673703,0.0081,-0.2843,1662,0.0596,0.278,0.5025,0.0478,-0.4564,0
202502,47127,"moore, tn",504975,0.1882,-0.1738,35,0.0448,0.4286,118,-0.1559,0.2661,12,1,1,0,,,8,3,0,8,0.875,-0.0625,230,-0.0068,-0.0872,2190,0.0074,-0.1045,656100,0.0435,-0.2184,43,0.1184,0.3281,0.2143,0.0949,-0.1122,1
202502,39013,"belmont, oh",178675,0.0572,0.1292,126,-0.0597,0.2115,90,0.0529,0.2606,36,0.125,0.0588,0,,,40,-0.1667,0.3333,46,0.011,-0.1712,106,0.0033,-0.0222,1685,0.0087,0.0896,206721,-0.0183,0.0101,172,-0.0418,0.0852,0.3651,0.0255,-0.1686,0
202502,30097,"sweet grass, mt",667000,0.0098,-0.2153,17,-0.0811,0.0625,177,0.1623,-0.091,2,,-0.5,0,,,0,,,3,0.5,-0.25,293,-0.0685,0.0296,2687,0.0685,-0.1203,1705683,-0.0313,-0.0508,21,0.0513,0.0513,0.1765,0.0684,-0.0735,1
202502,05069,"jefferson, ar",134750,0.055,0.047,186,-0.0815,0.1885,83,0.1498,0.2692,40,-0.1667,-0.3103,0,,-1,50,-0.1071,0.1364,68,0.36,0.3333,78,0.0615,0.1254,1682,0.0381,0.0231,154788,0.089,-0.0467,254,0.012,0.2336,0.3656,0.1187,0.0397,0
202502,48385,"real, tx",475000,0.0585,-0.0922,48,0.1034,0.2308,129,-0.041,-0.0096,4,0,-0.3333,0,,,6,0,0.5,4,-0.5,0,257,-0.0503,0.0053,1859,0.0095,0.1356,634478,-0.087,-0.0472,52,0.0505,0.2235,0.0729,-0.088,-0.0168,0
202502,48019,"bandera, tx",450000,-0.0099,0.0017,211,0.0525,0.3156,104,-0.1458,-0.0072,42,0.75,0.3125,0,,,42,0.3125,0.5,22,0.2647,-0.0227,257,0.0066,-0.0194,1849,0.0005,0.0215,633070,-0.0239,0.061,231,0.0645,0.2727,0.1021,0.0171,-0.0354,0
202502,37189,"watauga, nc",699000,0,0.0615,242,-0.0223,0.0409,99,0.0366,-0.01,56,-0.0968,-0.2821,0,-1,,36,0.2857,-0.1,109,0.2917,-0.1457,354,0.0119,-0.0159,2064,-0.0449,0.0568,1004875,-0.0296,0.0934,351,0.0541,-0.0223,0.4493,0.1092,-0.0981,0
202502,13279,"toombs, ga",288500,0.0463,0.2163,35,0.1475,-0.0411,132,0.0561,0.2488,16,0.1429,0.6,0,,,4,-0.5,-0.5,11,-0.1538,0.1579,134,0.0906,0.0938,2196,-0.0237,0.1768,374898,-0.0176,0.2051,45,0.0714,-0.0323,0.3143,-0.1119,0.054,0
202502,20113,"mcpherson, ks",281490,0.004,0.1841,61,-0.0317,0.3118,91,0.1128,1.0055,26,0.4444,0.0833,0,,,10,-0.375,-0.2857,29,0.1837,-0.2267,129,0.0371,0.0207,1963,0.0364,0.0948,293283,0.0507,0.1513,91,0.0226,0.071,0.4754,0.0865,-0.331,1
202502,54021,"gilmer, wv",199500,-0.1231,-0.0828,11,-0.0455,0.5,117,0.1143,-0.0677,2,,0,0,,,4,,,2,0.5,,133,-0.0079,-0.2977,1583,-0.0576,0.1506,306891,0.0128,0.2943,12,0,0.7143,0.1429,0.0519,,0
202502,51069,"frederick, va",496748,0.0333,0.0742,183,0.0083,0.46,45,-0.1509,-0.0722,118,0.2826,0.0926,10,0,1.5,50,0,0.6667,162,0.2607,0.0554,226,0.0419,0.0028,2124,0.0152,0.0862,539710,0.0263,0.0265,346,0.1021,0.2428,0.8877,0.1777,-0.3403,0
202502,26003,"alger, mi",378500,0.1884,-0.089,27,-0.1017,0.2619,144,0.1206,-0.068,4,,-0.3333,0,,,0,,-1,10,0.1176,0.1176,214,0.0828,-0.1378,1850,0.0602,0.038,536610,0.197,-0.3129,36,-0.0769,0.2,0.3585,0.0704,-0.0463,0
202502,34015,"gloucester, nj",372450,-0.0065,0.0642,442,-0.0156,0.265,44,-0.0984,-0.0114,284,0.136,-0.0405,4,-0.5,-0.75,100,-0.0385,0.0204,435,0.1343,-0.0408,215,0.0014,0.0684,1733,-0.017,0.0212,406884,0.0036,0.0218,884,0.0625,0.1078,0.9853,0.1302,-0.3141,0
202502,19087,"henry, ia",172425,0.0001,-0.1319,54,-0.036,0.4861,88,0.0478,-0.0615,10,0.25,-0.1667,0,,,6,-0.5714,0.5,9,-0.0526,-0.5263,138,-0.0017,0.012,1400,0,0.0014,246919,0.0312,0.1338,63,-0.0234,0.1574,0.1682,-0.0029,-0.3596,1
202502,31011,"boone, ne",315000,0.1754,-0.0735,11,-0.125,2.5,79,-0.3018,0.1084,10,4,,0,,,0,-1,,9,0.8889,1.8333,151,0.1139,-0.2067,1930,-0.0467,0.2872,332482,-0.0455,0.0178,19,0.1515,2.1667,0.8095,0.4345,-0.1905,1
202502,01063,"greene, al",334900,0.3534,0.5784,6,-0.2667,-0.3889,125,0.2902,0.6382,0,,,0,,,0,,,3,2,0.2,146,0.0098,0.4664,1819,0.1781,-0.3771,398507,0.2518,0.352,9,-0.0556,-0.2609,0.5455,0.4121,0.2677,1
202502,49053,"washington, ut",640000,-0.0154,-0.0806,1669,0.1862,0.3525,57,-0.3392,0,708,0.3774,0.439,20,-0.0909,-0.2857,534,0.4833,0.5,507,0.1779,-0.0488,299,0.0011,-0.0164,2264,-0.0115,-0.0314,891653,0.0194,-0.03,2155,0.1886,0.2304,0.3035,-0.0021,-0.128,0
202502,17025,"clay, il",83975,-0.2911,-0.1805,24,-0.06,0.6786,113,0.2021,0.1531,6,0.5,0,0,,,0,-1,-1,12,0.3529,0.0455,87,-0.058,0.0595,1406,-0.0429,0.0458,134051,-0.0164,-0.0888,36,0.0588,0.3846,0.4894,0.1494,-0.2964,1
202502,17041,"douglas, il",224313,-0.0481,0.2829,19,-0.1395,-0.0263,116,0.2658,0.32,6,0.5,-0.5714,0,,,4,1,-0.5,17,-0.0556,0.2593,134,0.0291,0.2245,1553,-0.0655,0.0641,200760,-0.0432,0.0577,34,-0.1625,0.0152,0.9189,0.0817,0.2084,0
202502,24027,"howard, md",555998,-0.0093,-0.211,217,0.0535,0.2514,24,-0.3143,-0.2,254,0.3956,0.0855,22,0.375,0,44,0.2222,-0.12,274,0.1468,-0.0197,269,0.0108,0.0301,2122,-0.0089,-0.1037,745299,0.0197,-0.0988,493,0.1054,0.0883,1.2633,0.1027,-0.3494,1
202502,13033,"burke, ga",279900,0.0274,0.0473,46,0.1667,0.2639,94,-0.1652,0.2425,18,0.8,0.2857,0,,-1,8,0,1,13,0.3684,-0.1613,149,0.0665,0.1315,1841,0.0042,-0.1144,365846,-0.0141,0.1584,57,0.1515,0.1176,0.2857,0.0421,-0.1448,0
202502,21181,"nicholas, ky",306175,-0.0241,0.6102,23,0.0455,0.7692,86,0.3103,-0.212,2,-0.6667,0,0,,,6,0.5,0.5,8,0,0.5,175,-0.0203,0.3953,1631,-0.0865,-0.0026,354745,0.0577,-0.0546,30,0.0169,0.6216,0.3261,-0.0148,-0.0585,1
202502,08043,"fremont, co",417500,-0.0313,-0.0107,264,0,0.6116,88,-0.0196,-0.0979,76,-0.1163,0.3571,0,,,48,0,-0.0769,83,0.2992,0.65,235,-0.0236,-0.0272,1739,-0.0094,-0.0239,583179,0.0007,0.0894,339,0.0561,0.5878,0.3131,0.0721,0.0073,0
202502,20091,"johnson, ks",630924,0.0019,-0.0114,1033,-0.0314,-0.0296,81,-0.0667,-0.125,554,0.194,-0.1122,62,-0.1143,0.24,186,-0.0412,0.1341,1133,0.1468,0.1736,240,0.003,0.0021,2715,-0.0032,-0.0111,730012,-0.0041,-0.0034,2166,0.0558,0.0734,1.0963,0.1704,0.1898,0
202502,08033,"dolores, co",391250,-0.1925,-0.3591,13,0.0417,0.087,81,-0.108,-0.4921,2,,,0,,,0,,,2,-0.5,1,333,-0.1214,-0.0783,1337,-0.1618,-0.2465,1444511,-0.0529,-0.4346,14,-0.125,0.12,0.16,-0.1733,0.073,1
202502,42029,"chester, pa",601000,-0.0188,-0.0117,484,-0.0416,0.2945,38,-0.364,-0.2963,394,0.216,0.0207,50,0.1905,3.1667,100,-0.1071,0.2195,500,0.1263,-0.1252,261,-0.0286,0.0047,2385,-0.006,-0.0551,939688,-0.0272,-0.0432,983,0.0413,0.0553,1.0331,0.154,-0.4957,0
202502,49035,"salt lake, ut",574950,0,-0.0177,1933,-0.0097,0.2622,59,-0.1397,0.0833,984,0.0041,-0.0409,54,-0.3721,-0.25,846,0.1132,0.6269,1102,0.2354,-0.0993,277,0.0067,0.0227,2213,-0.0047,-0.057,788380,0.0015,-0.0179,3035,0.0668,0.1046,0.5701,0.1131,-0.2288,0
202502,29077,"greene, mo",306898,0.0249,-0.0484,851,0.0113,0.5803,59,-0.0814,0.3167,404,0.2242,0.0745,10,0,-0.2857,198,-0.0388,0.2692,456,0.1798,-0.0788,170,0.0121,0.0262,1744,0.0138,-0.0545,387267,-0.0047,0.0153,1311,0.062,0.2594,0.5358,0.0765,-0.3834,0
202502,19129,"mills, ia",244250,0.03,-0.3608,42,0.0641,0.9762,53,-0.16,-0.2527,20,1,0.25,0,,,16,0.6,7,20,0.625,-0.1522,151,-0.0032,-0.1813,1787,0.0383,-0.0831,298349,0.0123,-0.2789,61,0.198,0.4235,0.4699,0.1622,-0.6254,1
202502,18017,"cass, in",151175,-0.1597,-0.2398,61,0,0.8615,63,0.0417,0.0917,16,-0.2,-0.3333,2,,,22,0.5714,1.75,22,-0.1224,-0.3385,103,-0.0476,-0.0118,1567,-0.0538,-0.1668,197291,-0.0614,-0.0363,80,-0.0533,0.2308,0.3554,-0.0496,-0.6446,1
202502,13141,"hancock, ga",379250,0.0836,-0.0471,29,-0.0339,0.0556,113,-0.0426,-0.1877,4,0,1,0,,,4,1,0,8,0.3333,0.3333,199,0.1179,0.2749,2303,0.0762,0.2134,534008,0.0603,-0.1813,37,0.0735,0.1406,0.2807,0.0773,0.0585,1
202502,49017,"garfield, ut",542500,-0.132,0.0444,36,0.0286,0.2203,146,-0.0068,-0.0458,6,0.5,0,0,,,4,,1,7,0.4,-0.125,282,-0.004,0.1096,2043,-0.0278,0.073,804389,-0.0231,0.1237,42,0.0769,0.1351,0.1944,0.0516,-0.0767,0
202502,28003,"alcorn, ms",254725,0.0191,0.0958,67,-0.0496,0.2407,104,0.0753,0.0615,20,0.6667,-0.1667,0,,,18,0.125,0.5,23,0.3529,0.1795,128,-0.006,0.1528,2090,0.0522,0.0842,274873,0.0314,0.0722,91,0.0462,0.223,0.3433,0.1021,-0.0178,0
202502,56021,"laramie, wy",465000,0.0277,-0.0261,290,-0.1448,-0.0555,57,-0.0542,-0.1098,106,-0.1167,-0.1846,0,-1,-1,70,-0.0789,0.3462,184,0.15,-0.1133,197,0.0217,0.0795,2454,0.0001,-0.0853,524882,0.0298,0.0365,473,-0.0541,-0.0753,0.6356,0.1629,-0.0414,0
202502,06009,"calaveras, ca",510475,0.023,-0.0841,321,-0.0332,0.5335,87,0.0058,-0.0086,78,-0.1702,-0.025,0,-1,-1,64,0.0667,0.8824,92,0.1296,-0.1117,282,-0.0115,-0.02,1855,0.0339,0.0084,683066,0.0364,-0.0277,412,-0.006,0.3426,0.2855,0.0411,-0.2073,0
202502,51127,"new kent, va",553723,-0.0191,-0.039,92,0.0824,0.1084,68,0.1624,-0.2548,36,0.2857,-0.1429,6,0,-0.6667,20,0.4286,-0.1667,75,0.1628,-0.1329,228,-0.0104,0.0564,2429,-0.0099,-0.0925,590414,-0.0041,-0.0764,166,0.107,-0.009,0.8152,0.0564,-0.227,0
202502,17061,"greene, il",117250,0.0021,0.3673,26,0.0408,0.5455,92,0.2612,0.1954,8,1,0.3333,0,,,6,2,2,13,0.087,-0.2188,80,-0.002,0.2053,1472,0,-0.0491,157841,0.0104,0.2,39,0.1,0.1667,0.4902,0.0208,-0.4795,0
202502,29197,"schuyler, mo",194750,-0.2194,-0.1884,7,-0.125,-0.2222,96,-0.1795,-0.1486,0,,-1,0,,,0,,,2,1,-0.5556,158,-0.0262,0.3878,1289,-0.0646,-0.1831,200723,-0.1693,-0.2122,9,0,-0.3077,0.2857,0.1607,-0.2143,1
202502,02013,"aleutians east borough, ak",154500,-0.103,,2,0,,81,0.35,,0,,,0,,,0,,,,,,111,-0.1186,,1596,0,,154500,-0.103,,2,0,,,,,0
202502,17047,"edwards, il",168475,-0.0816,0.3096,13,0.0417,0.7857,121,0.2838,-0.1388,2,,0,0,,,0,-1,,1,-0.5,-0.5,83,0,0.022,1952,-0.0406,0.0469,208218,-0.0607,0.1638,13,-0.0714,0.4444,0.08,-0.0867,-0.2057,0
202502,26079,"kalkaska, mi",327950,0.0248,0.0054,49,-0.0841,0.3803,84,0.098,-0.0118,18,-0.1,0.125,0,,,8,-0.4286,0,19,0.4231,0.1212,185,-0.0066,-0.1581,1746,0.1157,0.1943,392106,0.081,-0.2734,67,0.0152,0.2885,0.3776,0.1346,-0.0872,0
202502,39005,"ashland, oh",275000,-0.0177,-0.0598,38,-0.2323,0.4074,65,0.2028,0.6313,32,-0.0588,0.4545,0,,-1,14,-0.3,0.4,48,-0.0588,0.5238,156,0.0021,0.0129,1618,0.0334,-0.1245,329155,0.0296,-0.0786,85,-0.1626,0.453,1.2632,0.2329,0.0965,0
202502,20153,"rawlins, ks",85000,,-0.3874,1,,-0.8333,15,,-0.8266,0,,,0,,,0,,,1,0,,61,,-0.1731,1392,,-0.1907,85000,,-0.3676,1,0,-0.8333,1,,1,1
202502,21089,"greenup, ky",187450,-0.0386,-0.0494,66,-0.0833,0.3895,94,0.1161,-0.0027,20,0.25,-0.2308,0,,,20,0.4286,0.25,33,0.2745,-0.1558,116,-0.0207,0.1328,1775,-0.0183,-0.0657,299835,-0.0067,0.0714,99,0.0155,0.1453,0.4924,0.1383,-0.3181,0
202502,21205,"rowan, ky",345750,0.1525,0.4874,31,-0.0615,0.22,99,0.1,0.3289,8,3,-0.3333,0,,,8,0.3333,-0.3333,4,-0.5882,-0.75,149,0.0272,0.0604,2254,0.053,0.4939,372029,0.0693,0.3258,35,-0.1358,-0.1139,0.1148,-0.1468,-0.4452,0
202502,16063,"lincoln, id",372425,0.0086,0.0454,13,0.1364,-0.1071,49,-0.6084,-0.3011,8,3,3,0,,,0,,,3,-0.1667,0,231,-0.0165,0.0937,1788,-0.0203,-0.0087,444407,0.0016,0.1694,15,0.0357,-0.1471,0.2,-0.0727,0.0214,1
202502,16067,"minidoka, id",374376,0.0052,-0.0068,53,-0.1322,0.9444,76,0.1213,-0.1551,18,-0.1,2,0,,,18,0.8,8,28,0.6176,2.0556,222,-0.0124,0.1166,1813,0.0411,-0.0836,438107,-0.0173,0.0386,80,0.0392,1.1781,0.5238,0.2428,0.1905,1
202502,01093,"marion, al",215193,0.0273,0.0701,81,0.0519,0.2656,91,0.037,0.0706,14,-0.125,-0.2222,0,,,26,1.1667,0.625,10,0.0526,-0.3333,115,-0.0252,0.0393,1834,0.0141,0.0192,265280,0.0177,0.0523,91,0.0581,0.1447,0.1235,0.0001,-0.1109,0
202502,12013,"calhoun, fl",297500,0.0017,0.1142,34,-0.0423,0.1525,140,0.2313,0.9964,6,-0.25,0,0,,,8,0,1,8,0.3333,-0.1111,159,0,-0.1158,1826,-0.0087,0.2317,334278,-0.0076,0.0982,42,0.012,0.1351,0.2353,0.0663,-0.0698,0
202502,47021,"cheatham, tn",443950,0.0236,-0.0022,184,-0.0515,0.4959,67,-0.0828,0.75,72,0.2414,0.1613,4,1,1,44,-0.2143,0.1579,96,0.1925,1.0645,234,0.0134,-0.02,1929,0.0186,0.0445,616822,0.0152,0.1964,279,0.0146,0.6145,0.5217,0.1068,0.1437,0
202502,21189,"owsley, ky",187500,0.25,,4,-0.3,,102,-0.0215,,2,,,0,,,2,0,,3,2,2,173,0.8257,,1320,-0.3956,,212500,0.3659,,7,0.3,5.5,0.8571,0.6571,,0
202502,26091,"lenawee, mi",266950,-0.0326,-0.0066,145,-0.1347,-0.0556,78,0.0759,0.4857,62,0.1071,-0.2619,0,,,42,-0.16,-0.16,97,0.1988,-0.0493,157,-0.0192,0.0604,1741,-0.0114,0.0397,331045,0.0074,0.1154,239,-0.0364,-0.0517,0.6678,0.1858,0.0044,0
202502,51121,"montgomery, va",463188,0.0159,-0.0628,100,-0.0744,-0.0613,73,-0.0519,0.1587,46,-0.2069,-0.303,6,,0.5,18,-0.4,-0.1818,113,0.2021,0.1414,224,0.0124,0.0498,2218,-0.0011,-0.0763,566772,0.0095,0.0308,212,0.0628,0.0549,1.1357,0.2613,0.2017,0
202502,48295,"lipscomb, tx",159900,-0.0589,0.1028,8,-0.1111,0.3333,108,0.3302,2.1232,0,,-1,0,,,4,,,,,,96,-0.0265,0.185,1909,0,0.1003,170544,-0.0103,0.2269,8,-0.2,0.3333,,,,1
202502,18019,"clark, in",310700,0.0101,0.0446,340,-0.0959,0.1627,49,-0.2008,0.1538,188,0.5667,0.119,2,-0.6667,0,88,-0.1852,0.2222,11,0.6154,0.6154,175,0.0031,-0.0154,1768,-0.0042,0.072,347111,0.0103,0.0597,352,-0.0761,0.1812,0.0309,0.0136,0.0087,0
202502,20111,"lyon, ks",192450,0.013,-0.0608,37,-0.0519,0.4314,57,-0.2279,0.1238,22,0.5714,-0.1538,0,,,8,0,-0.3333,21,0.4643,9.25,115,-0.0832,0.0253,1691,0.2094,-0.0377,270745,0.0024,0.2383,56,0.0667,1.0364,0.5616,0.198,0.4832,0
202502,28141,"tishomingo, ms",249225,-0.0028,0.0215,75,0.0714,0.087,84,0.012,-0.1359,28,1,0.2727,0,,,12,0,-0.1429,25,0.0889,0.3243,119,0.0129,-0.0132,1833,-0.0092,0.0042,342360,-0.0059,0.0961,99,0.0761,0.1579,0.3267,0.0052,0.0586,0
202502,20035,"cowley, ks",152200,-0.0146,0.3241,94,0.1265,-0.0106,84,-0.0291,-0.199,22,-0.0833,0,0,,,12,-0.1429,-0.5714,23,-0.1509,-0.4706,91,-0.0103,0.1745,1627,0.0567,0.0591,193625,-0.0148,0.1373,116,0.0545,-0.1471,0.2406,-0.0786,-0.2091,0
202502,16055,"kootenai, id",739998,0.0242,0.1004,597,-0.0628,0.068,49,-0.4302,-0.216,290,0.1154,0.1983,14,-0.2222,0.1667,110,0.1458,0.0784,509,0.12,0.0231,356,0.0145,0.0451,2236,0.018,0.0691,1201338,0.0728,0.0503,1103,0.0161,0.048,0.8518,0.139,-0.0373,0
202502,21199,"pulaski, ky",311450,0.0137,-0.0237,271,-0.0252,0.3123,81,-0.0269,0.0252,62,-0.1143,-0.2791,0,,-1,58,-0.1212,0.16,80,0.3361,0.0063,156,0.0052,-0.0162,1954,0.0041,-0.0027,372067,0.0134,0.0026,348,0.0311,0.2062,0.2934,0.0793,-0.0892,0
202502,37013,"beaufort, nc",379225,-0.0084,0.0454,143,-0.0069,0.5714,104,0.1625,1.2312,38,0.4615,-0.24,0,,,28,0,0,39,0.0685,-0.1789,193,0.0152,0.0777,1840,-0.0284,-0.0223,437131,0.0173,0.058,183,0.031,0.3165,0.2727,0.0193,-0.2493,1
202502,01003,"baldwin, al",495000,0,-0.0571,2738,0.0553,0.2237,86,-0.0806,0.0427,836,0.3022,0.0582,86,0.4828,0.5357,720,0.2857,0.2544,713,0.1557,-0.0213,336,0.0138,0.0099,1738,0.0006,-0.0271,684453,0.0085,-0.0405,3442,0.0739,0.1642,0.2603,0.0226,-0.0652,0
202502,13261,"sumter, ga",274450,-0.0163,0.0978,62,-0.0315,0.6184,119,0.197,0.4906,18,0.2857,-0.1,0,,,6,0.5,0.5,16,0.0667,0.3913,151,-0.0111,0.515,1866,0.0011,-0.0986,389525,0.0192,0.3282,77,-0.0253,0.5876,0.2602,0.0239,-0.0425,0
202502,06041,"marin, ca",1249500,-0.0044,-0.0698,266,0.1518,0.292,46,-0.4153,0.2365,218,0.5797,0.4932,4,0,0,54,0.125,0.6875,98,0.2564,0.0426,746,0.0416,-0.006,1701,-0.0069,-0.0048,2269508,0.0388,0.0513,364,0.186,0.228,0.3691,0.0307,-0.0883,0
202502,27123,"ramsey, mn",314900,0.0161,0.0453,502,-0.0069,-0.0118,39,-0.3568,0.1923,458,0.3631,-0.0087,14,0.75,2.5,132,0.0476,-0.1646,433,0.1719,-0.0484,208,0.0022,0.0249,1579,-0.0057,0.0307,439219,0.0358,0.0094,938,0.0629,-0.026,0.8634,0.1317,-0.0331,0
202502,17143,"peoria, il",123350,-0.0124,-0.0128,284,-0.1381,0.0657,57,0.1117,0.4136,138,-0.1786,-0.2813,0,,,96,-0.0204,0.0435,200,0.3793,0.0178,91,-0.0063,0.0068,1437,-0.0276,-0.036,185225,0.0408,-0.0792,489,0.035,0.0494,0.7042,0.2642,-0.0331,0
202502,51185,"tazewell, va",187500,0.0123,0.0225,91,-0.104,0.4715,99,0.1928,0.1445,16,0,0,0,,,14,-0.3,0.75,31,0.24,-0.1268,106,-0.0047,0.0564,1622,-0.0051,-0.0292,286788,-0.0333,0.0917,121,-0.032,0.2474,0.3425,0.095,-0.2347,0
202502,36027,"dutchess, ny",549500,0.0102,-0.0591,538,-0.0341,-0.0227,75,-0.1042,-0.1095,188,-0.0784,-0.1048,4,0,0,58,-0.3095,-0.275,342,-0.063,8.913,271,-0.0056,0.0849,2141,0.0224,-0.077,1126842,0.0145,0.1001,868,-0.0503,0.4953,0.6363,-0.0196,0.5736,0
202502,12127,"volusia, fl",375000,0,-0.044,4853,0.087,0.3344,73,-0.0818,0.1145,1630,0.1744,0.2715,86,-0.0444,0.1944,1932,0.2644,0.4248,1217,0.2572,-0.0703,245,-0.0015,-0.0377,1553,-0.0045,-0.0203,500030,-0.0072,-0.0292,6046,0.1165,0.2304,0.2508,0.034,-0.1092,0
202502,27129,"renville, mn",187500,-0.0385,-0.1067,25,-0.0755,0.4,82,0.1934,-0.1658,6,-0.4,-0.4,0,,,8,3,,10,0.1875,0.5833,101,-0.0344,-0.1204,1963,0.009,0.1806,215713,0.0102,-0.0328,34,-0.0145,0.4167,0.3878,0.0859,0.0449,1
202502,21067,"fayette, ky",397250,0.0083,-0.0118,397,-0.027,0.2974,63,-0.0453,0.3457,258,0.217,-0.0719,12,0.2,0.2,126,0.2353,0.2857,395,0.1516,0,204,0.0234,0.0595,2033,-0.0045,-0.0393,584959,0.0234,0.0072,792,0.0553,0.133,0.995,0.1543,-0.2959,0
202502,30061,"mineral, mt",588000,0.0138,0.1379,28,-0.0968,0.3659,147,0.0931,0.4317,6,0.5,0.5,0,,,2,-0.6667,0,5,0.1111,0.1111,382,0.0318,0.1099,1493,-0.0113,-0.1693,1012895,-0.0015,0.462,34,-0.0563,0.34,0.1786,0.0334,-0.0409,0
202502,29125,"maries, mo",252250,-0.1102,-0.1299,19,-0.1163,0.4074,67,-0.0634,-0.3109,2,-0.75,-0.6667,0,,,2,-0.5,-0.5,11,0.2222,0.1579,149,-0.0646,0.0892,1722,0,-0.179,297787,-0.0546,0.0747,29,-0.0794,0.2609,0.5789,0.1603,-0.1248,1
202502,22003,"allen, la",185000,0.1078,-0.083,35,0.4286,0.0145,136,-0.0829,0.7044,8,,-0.4286,0,,,8,,-0.4286,2,-0.2,-0.7333,110,0.0924,0.0715,1788,0.0156,0.0707,319667,0.3677,0.5113,37,0.3273,-0.1205,0.0571,-0.0449,-0.1602,0
202502,13059,"clarke, ga",388000,0.0212,-0.0177,286,0.0251,0.2328,57,-0.1163,0.0605,126,-0.0597,0.125,2,0,,70,-0.0278,0.4,96,0.2075,-0.2993,223,0.0039,0.0573,1868,0.0048,-0.0735,531725,-0.0242,0.0397,367,0.0762,0.0367,0.3357,0.0507,-0.2549,0
202502,51029,"buckingham, va",319675,-0.0047,-0.0455,22,-0.2456,-0.14,92,0.3261,0.3071,6,2,0,0,,,4,0,-0.5,14,0.08,0.35,224,0.0075,0.0464,1728,0.1163,0.2073,477807,0.0582,0.2561,36,-0.1,0.0286,0.6279,0.1893,0.2279,0
202502,29183,"st. charles, mo",403203,0.0201,0.0047,725,0.0091,0.1583,52,-0.2436,0.1818,390,0.2037,-0.067,76,1.1111,-0.4648,148,0.1045,0.2542,416,0.1169,-0.1371,193,-0.0073,-0.0644,2213,0.0002,0.102,481784,-0.0247,-0.0147,1143,0.0477,0.0325,0.5735,0.0554,-0.1963,0
202502,25023,"plymouth, ma",734900,0.05,0.0927,490,-0.0439,0.0757,38,-0.2644,-0.0192,378,0.1386,0.0107,4,-0.6,-0.75,118,-0.2436,0.0926,109,0.2316,-0.1615,377,0.0104,0.0316,2004,0.0314,0.0571,1035504,0.0534,0.087,598,-0.0116,0.0196,0.2224,0.0498,-0.063,0
202502,19123,"mahaska, ia",233950,0.1012,0.2481,41,-0.0238,1.05,69,0.096,0.0579,10,0,-0.5,0,,,10,0.25,0.25,18,0.0909,-0.3684,163,0.0317,0.2628,1458,0.0151,-0.0495,265399,0.1024,0.1834,59,-0.0084,0.2292,0.439,0.0462,-0.986,0
202502,21077,"gallatin, ky",254450,0.0602,-0.0443,11,0.1,0.1,40,0,-0.092,8,1,1,0,,,0,-1,-1,3,0.2,-0.6,201,0.0443,0.0671,1342,-0.1334,-0.0729,374488,0.3331,0.3713,14,0.0769,-0.1765,0.2727,0.0227,-0.4773,1
202502,18111,"newton, in",242888,-0.0284,-0.3205,36,0.0597,0.029,74,-0.3195,1.1926,20,2.3333,0.4286,0,,,14,0,2.5,13,0.4706,0.3158,126,0.0367,-0.3446,1947,-0.0017,-0.0484,343291,-0.0245,0.0548,52,0.241,0.2118,0.3521,0.0984,0.0768,1
202502,21149,"mclean, ky",162500,-0.2021,-0.4194,7,-0.0714,0.4444,94,0.2104,0.7477,2,,-0.75,0,,,2,-0.5,0,4,-0.2727,-0.2727,137,-0.0257,-0.0424,1274,-0.0093,-0.3041,191747,-0.0917,-0.3318,11,-0.1538,0.1,0.6154,-0.1703,-0.6068,1
202502,51065,"fluvanna, va",414900,0.0132,-0.0201,61,-0.032,0.198,47,-0.3968,-0.2009,38,0.1875,0.2667,0,-1,-1,10,-0.4444,-0.1667,60,0.1782,0.3077,227,0.002,0.0758,1904,-0.0607,-0.0766,1060044,0.2049,1.1021,120,0.0619,0.2371,0.9835,0.1755,0.0825,0
202502,06047,"merced, ca",462508,0,0.0221,365,0.0473,0.4398,59,-0.1862,0.3409,180,0.25,0.0465,12,-0.1429,0,98,0.1136,0.4,170,0.1188,-0.2042,278,0.0022,0.0364,1651,-0.0057,-0.041,579652,-0.0035,0.0175,528,0.0656,0.1404,0.4644,0.0297,-0.3759,0
202502,26161,"washtenaw, mi",484708,0.0549,-0.0615,399,-0.0075,0.2221,42,-0.2315,-0.2133,270,0.2162,0.0305,18,0.125,2,58,-0.0645,-0.1212,406,0.2971,0.1018,232,0.0016,-0.0294,2068,0.05,-0.0164,645392,0.0287,-0.0623,803,0.1154,0.1715,1.0175,0.2389,-0.1111,0
202502,40147,"washington, ok",218075,-0.0024,-0.058,118,0.0398,0.3743,50,-0.0833,-0.2355,64,0.3333,0.1429,4,,,40,-0.0909,0.4286,62,0.23,-0.1745,114,0.0113,0.0237,1868,-0.0069,-0.0001,258330,0.0334,-0.0291,178,0.0923,0.1094,0.5234,0.0809,-0.3479,0
202502,01075,"lamar, al",166750,-0.0361,0.2129,17,-0.0294,0.1379,52,-0.5047,-0.5735,6,-0.25,0,0,,,4,-0.3333,1,3,2,2,80,0.0132,0.1424,1911,-0.0231,0.0596,258361,0.3938,0.5171,20,0.0833,0.2581,0.1818,0.123,0.1129,0
202502,42131,"wyoming, pa",361225,0.1288,0.6764,47,-0.0792,0.7222,110,0.2479,1.0758,14,-0.125,0.75,0,,,12,0.5,5,18,0.1613,0.5652,162,-0.0662,0.3077,2066,0.0457,0.1454,556825,0.0833,0.4863,64,-0.0229,0.6623,0.3871,0.0802,-0.0388,1
202502,48185,"grimes, tx",453150,0.0922,0.4725,138,0.0036,-0.1042,74,-0.1366,0.0385,40,-0.1667,-0.3103,2,,-0.8,34,1.8333,-0.3929,50,0.3944,-0.175,221,0.0175,0.1854,2097,0.0407,0.1665,886346,0.0092,0.9138,186,0.0723,-0.1209,0.36,0.1009,-0.0309,0
202502,40083,"logan, ok",369500,0.0246,0.0356,284,0.0678,0.2916,49,-0.251,-0.3802,100,0.087,0.1905,12,1,-0.25,70,0.2963,-0.1463,117,0.3295,0.1304,177,0.0081,0.0094,2141,0.0115,0.0366,410559,-0.0167,0.0309,399,0.1319,0.2315,0.4127,0.0812,-0.0588,0
202502,48309,"mclennan, tx",324950,0.0103,-0.0642,969,0.0115,0.1634,89,0.0028,0.0758,318,0.089,0.0743,2,-0.8,-0.8571,370,0.2333,0.25,275,0.2093,0.0073,181,0.0062,-0.0246,1867,0.0055,-0.0135,425455,0.0199,-0.036,1239,0.0509,0.1218,0.2834,0.0464,-0.0439,0
202502,10001,"kent, de",401500,-0.0024,-0.0392,443,-0.0463,0.2173,65,0.0117,0.0197,182,0.2466,-0.0808,14,0,-0.125,122,0.1091,0.1731,241,0.1235,0.0234,207,-0.0048,0.0594,2008,0.0026,-0.033,433406,-0.0013,-0.0086,678,0.003,0.1311,0.5446,0.0823,-0.1032,0
202502,08005,"arapahoe, co",493638,-0.0026,-0.0646,1535,0.0564,0.7027,45,-0.3456,0.2899,848,0.0367,0.1187,26,-0.35,-0.1333,1002,0.7957,1.9821,706,0.358,-0.1247,263,0.009,-0.0062,1924,0.0012,-0.0541,615205,0.0435,-0.1534,2239,0.1351,0.3226,0.4596,0.1021,-0.4345,0
202502,40079,"le flore, ok",250000,0.0163,-0.0385,172,0.0118,0.0456,93,-0.0657,-0.0609,40,0.1765,0.1111,2,,0,30,-0.2857,0.5,6,-0.25,-0.5385,143,0.0149,0.0685,1795,0.0267,-0.0262,342180,0.0662,0.0462,178,-0.0056,0.0028,0.0349,-0.0122,-0.0441,0
202502,48119,"delta, tx",239500,0.0148,0.1088,26,-0.1639,-0.0556,96,0.0408,0.1713,2,-0.5,-0.6667,0,,,6,-0.25,0,9,0,0.6364,131,-0.0719,-0.0725,1730,0.0818,0.0174,1492231,0.0991,2.1908,35,-0.1266,0.0615,0.3529,0.0579,0.1492,0
202502,39105,"meigs, oh",151000,-0.0013,-0.1479,41,0.0125,0.209,103,-0.1897,-0.0353,12,1,-0.25,0,,,10,0,0.25,10,0.0526,0.8182,113,-0.0219,0.0935,1538,0.15,0.0827,206888,0.0982,-0.1433,50,0.0101,0.2658,0.2469,0.0094,0.0827,1
202502,17123,"marshall, il",160675,0.0048,0.1011,23,-0.098,0.2778,76,0.1429,-0.3122,6,-0.25,0.5,0,,,2,0,-0.6667,10,0.7273,0.0556,97,-0.0052,0.2165,1696,0.0221,-0.0205,180251,0.0482,0.0123,32,0.0159,0.1636,0.413,0.1974,-0.087,0
202502,19011,"benton, ia",238675,-0.0345,0.224,69,-0.0284,0,67,-0.197,0.1398,20,-0.0909,-0.0909,0,,,18,0.2857,-0.1818,24,0.175,-0.2419,135,0.0116,0.1687,1737,-0.0207,0.0855,259706,0.0306,0.2054,93,0.0278,-0.075,0.3431,0.0594,-0.1095,0
202502,08105,"rio grande, co",452500,-0.0782,-0.0082,71,0.0444,0.2051,150,0.1029,-0.026,12,0.5,0.2,0,,,16,1.6667,1,7,-0.0714,-0.0714,266,0.0271,0.0088,1954,-0.0128,0.0883,734187,0.0182,0.3186,76,0.0201,0.1692,0.0922,-0.0115,-0.0275,0
202502,39087,"lawrence, oh",226763,0.0344,0.1342,81,-0.08,0.0255,98,0.1529,0.0481,24,0.5,-0.1429,0,,,20,0.25,0,49,0.2278,0.0319,127,-0.0188,0.1166,1599,-0.0025,-0.0868,259378,0.0159,0.0301,128,0.0079,0.0282,0.6025,0.1511,0.0038,0
202502,05145,"white, ar",216000,0.0201,-0.0732,209,0.0097,0.5424,56,-0.2345,-0.126,102,0.3077,0.4571,2,-0.5,,58,0,0.2083,85,0.5179,0.1111,131,0.007,-0.012,1688,0.026,-0.0846,284969,0.0373,-0.1256,296,0.1067,0.4071,0.4067,0.1362,-0.1579,0
202502,13057,"cherokee, ga",553393,0.0071,-0.054,873,-0.0034,0.386,49,-0.2016,0.2763,400,0.3072,-0.0385,22,-0.1538,-0.6071,330,0.3415,0.5,377,0.1656,-0.247,227,0.0021,-0.0051,2451,-0.0149,-0.0591,703015,0.0048,-0.016,1231,0.0349,0.1075,0.4315,0.0626,-0.3628,0
202502,51119,"middlesex, va",384498,-0.0109,-0.1442,40,0.1268,0.2308,57,-0.163,-0.2042,14,0.4,0,0,,,14,0,6,36,-0.191,0.4694,229,0.0189,0.0552,1794,-0.0712,-0.0893,497926,-0.0807,-0.2094,75,-0.057,0.3925,0.9,-0.3535,0.1462,1
202502,31119,"madison, ne",272425,0.0187,-0.0397,82,-0.018,0.5472,71,-0.0242,-0.244,26,-0.1875,0.1818,0,,,24,-0.0769,1,36,0.2679,6.1,140,0.0283,0.0131,2010,-0.012,0.0357,297043,-0.0159,-0.0602,118,0.0444,1.0435,0.4329,0.0976,0.3386,0
202502,40007,"beaver, ok",137000,-0.0486,-0.1438,9,0,0,57,0.1357,-0.5022,0,-1,-1,0,,,2,,0,5,0.6667,1.5,74,-0.0293,-0.0849,2052,-0.0082,0.1128,143623,-0.0028,-0.4247,14,0.1667,0.2727,0.5556,0.2222,0.3333,1
202502,36095,"schoharie, ny",299900,0.0008,0.0345,63,-0.0803,-0.0935,104,0.137,-0.0024,10,-0.375,-0.5,0,,,8,-0.2,-0.3333,39,0.0132,-0.3186,163,-0.0134,-0.0404,1851,0.0163,-0.0333,392741,0.0251,-0.082,101,-0.0474,-0.1992,0.6111,0.0564,-0.2018,0
202502,30043,"jefferson, mt",732450,0.0427,0.3725,46,-0.1402,0.2778,164,0.1008,0.7102,4,-0.5,-0.6,0,,,6,-0.25,0,10,0.4286,-0.1667,288,0.0068,0.0015,2504,0.0756,0.2714,1071282,0.0812,-0.065,55,-0.0984,0.1579,0.2174,0.0866,-0.1159,0
202502,36115,"washington, ny",266250,0.0664,0.0693,103,-0.0639,0.0049,103,0.0593,0.2417,24,-0.25,-0.0769,0,,,16,-0.4667,-0.2727,76,-0.038,-0.0256,169,0.1148,0.1283,1537,-0.023,-0.0171,396152,0.073,-0.0689,178,-0.0584,-0.0084,0.7415,0.02,-0.0232,0
202502,20163,"rooks, ks",151175,0.0168,-0.1601,11,0.0476,0.5714,65,-0.6725,-0.0262,4,,1,0,,,0,,,4,0.3333,1,74,0.1261,0.0113,1727,0.0052,-0.2385,152629,0.08,-0.6819,15,0.0714,0.6667,0.3636,0.0779,0.0779,1
202502,42089,"monroe, pa",350500,-0.0055,0.0017,747,-0.0254,0.0779,86,-0.0284,0.1554,212,-0.0862,-0.1092,8,1,0.3333,168,0.05,0.012,277,0.1352,-0.0962,199,0.0268,0.0497,1813,-0.014,-0.0468,422926,0,0.0364,1013,0.01,0.0207,0.3708,0.0525,-0.0715,0
202502,22079,"rapides, la",237000,0.0089,0.0349,308,-0.033,-0.0596,90,-0.0374,0.0811,80,-0.1111,-0.2157,4,1,0,84,0.3125,0.0244,107,0.2529,1.2903,118,-0.0218,-0.0108,1931,-0.0008,0.0264,287666,0.0031,0.0837,414,0.0273,0.1131,0.3463,0.079,0.2041,0
202502,40065,"jackson, ok",193875,-0.051,-0.0529,98,0.12,0.7043,56,-0.1771,0.0519,28,-0.125,0.2727,0,,,32,0.4545,1.2857,45,-0.0918,0.0854,111,-0.0181,-0.0677,1790,-0.0332,-0.022,226325,-0.0183,-0.1119,144,0.0551,0.4569,0.4541,-0.1059,-0.259,0
202502,46051,"grant, sd",217475,-0.0113,-0.1632,9,-0.15,-0.1053,146,0.1431,6.6711,6,,0,0,,,0,,-1,2,-0.25,-0.5714,119,-0.0309,-0.3186,2184,-0.0167,0.3122,265196,-0.0159,-0.0944,11,-0.0833,-0.1538,0.1765,-0.0235,-0.192,1
202502,28065,"jefferson davis, ms",126225,-0.019,0.0415,24,0.5,1.2857,43,-0.3561,-0.7079,8,0,1,0,,,6,0,0.5,5,-0.1667,-0.4737,73,0.0265,0.1462,1965,-0.103,0.0124,223215,0.4085,0.3365,30,0.3409,0.475,0.2083,-0.1667,-0.6964,1
202502,19083,"hardin, ia",173950,0.0327,0.2292,61,-0.0242,0.6351,76,0.1922,-0.1485,8,-0.6364,-0.4286,0,,,6,0,0.5,27,0.4324,0.4722,125,0.0676,0.1796,1426,0.0071,0.0369,201699,0.0209,0.3678,86,0.0823,0.5405,0.438,0.1396,-0.0485,0
202502,41025,"harney, or",405000,-0.0055,0.3929,36,0.0588,0.5,140,-0.245,0.3077,10,4,1.5,0,,,0,-1,-1,2,-0.4,-0.8235,190,-0.007,0.0488,2121,-0.045,0.2555,1960728,0.0064,0.5605,39,0.0986,0.2381,0.0417,-0.0319,-0.3125,1
202502,30001,"beaverhead, mt",499000,-0.002,-0.0919,45,-0.0632,0.0471,160,0.1661,0.6512,4,-0.5,0,0,,,0,-1,-1,10,0.5833,-0.2692,257,0.0149,0.0195,2332,-0.0144,0.0515,651732,-0.0136,-0.0261,53,-0.0185,-0.0364,0.2135,0.0872,-0.0924,0
202502,06027,"inyo, ca",539950,-0.0132,-0.1111,22,0.1892,0.5172,89,-0.0585,1.2839,12,2,0.5,0,,,2,,,8,-0.2857,-0.4643,307,-0.1093,0.0171,1901,0.0068,-0.1578,528986,-0.0723,-0.1903,29,0.0357,0.0175,0.3409,-0.2267,-0.6246,1
202502,48507,"zavala, tx",127250,-0.1278,-0.107,10,-0.1667,-0.2857,147,0.0575,0.5919,2,0,,0,,,0,,,2,0.3333,,95,-0.0488,-0.0633,1291,0,-0.1257,124190,-0.1363,-0.1501,12,-0.1111,-0.1429,0.2,0.075,,1
202502,47005,"benton, tn",235000,-0.0126,-0.0927,71,0,0.3786,101,0.1705,0.8,12,-0.25,-0.5385,0,,,14,-0.3636,-0.4167,16,0.2308,0.3913,162,0.0079,0.0177,1441,-0.0295,-0.0994,334878,-0.0042,-0.1401,84,-0.0059,0.3333,0.2254,0.0423,0.0021,0
202502,29131,"miller, mo",395450,-0.0138,-0.0157,89,0.0351,-0.1061,76,-0.0349,0.0066,22,0.2222,-0.3889,0,,,8,0.3333,-0.6,28,0.25,-0.2568,236,0.038,-0.0193,1890,0,0.1898,526152,0.0759,-0.1746,115,0.0648,-0.145,0.3107,0.0534,-0.063,0
202502,42113,"sullivan, pa",169700,0.0333,0.0776,8,-0.2,-0.3333,136,0.196,-0.2711,0,,,0,,,2,,0,7,0.0833,0.8571,130,-0.0216,0.1837,1656,0.1159,-0.193,223159,-0.0204,-0.0612,15,-0.0938,-0.0645,0.8125,0.2125,0.5208,0
202502,29161,"phelps, mo",279200,0.0065,-0.0518,124,-0.0276,0.9603,54,-0.0647,-0.0313,36,0.3846,-0.1429,2,,,32,-0.0588,0.4545,55,0.375,-0.0833,144,0.0367,-0.016,1862,-0.0446,-0.1129,330811,0.0252,-0.0927,177,0.0663,0.4449,0.4453,0.1304,-0.507,0
202502,45071,"newberry, sc",351725,0.0375,0.0595,76,-0.013,0.2258,74,-0.1054,-0.0357,30,0.25,0.3636,0,-1,,30,2.75,0.875,29,0.5676,-0.1077,193,0.0514,0.1879,1935,0.0018,-0.1086,468308,0.0751,-0.0295,104,0.0838,0.0952,0.3816,0.1413,-0.1426,0
202502,47169,"trousdale, tn",465500,0.0851,-0.0401,35,-0.0143,0.2105,52,-0.0234,0.1611,18,0.8,2,0,,,10,0,0,15,0,0.5,236,0.0375,0.0202,2045,0.0247,-0.0931,614986,0.0044,0.0056,50,-0.01,0.2692,0.4348,0.0062,0.0839,1
202502,51067,"franklin, va",432425,0.0147,-0.0123,158,0.0227,0.3519,77,0.0407,0.3705,52,0.3,-0.1034,0,-1,-1,46,0.15,-0.0417,72,0.1429,-0.1377,217,0.0814,0.0111,2184,-0.0208,-0.0567,667553,0.0099,-0.0157,229,0.0577,0.1508,0.4571,0.0481,-0.2596,0
202502,48343,"morris, tx",181950,-0.0025,-0.1634,71,0.1371,0.2368,105,0.0344,0.2758,18,0.5,0.125,0,,,10,-0.375,-0.4444,8,-0.2105,-0.5833,113,-0.0229,-0.0518,1556,0.0172,-0.1454,207069,0.0119,-0.241,77,0.1079,0.0336,0.1064,-0.0468,-0.2094,1
202502,48305,"lynn, tx",216500,-0.0237,-0.4068,25,0.0417,-0.0385,91,0.3878,0.4258,6,0.5,-0.25,0,,,2,-0.75,-0.5,4,-0.4167,-0.3636,107,0,-0.3474,2006,-0.0156,-0.1526,319744,0.0651,-0.2792,29,-0.05,-0.1094,0.14,-0.11,-0.0715,1
202502,40101,"muskogee, ok",160125,0.0344,-0.143,144,-0.086,0.2371,78,0.0032,-0.1484,46,0,0,2,,0,42,0.05,-0.0455,68,0.271,0.193,112,-0.0003,-0.0424,1542,0.0295,0.0582,211947,0.0014,-0.0627,214,0.0118,0.2377,0.4739,0.1331,-0.0175,1
202502,22037,"east feliciana, la",372750,0.053,0.079,30,-0.0769,0.1538,117,-0.0451,-0.1386,8,-0.2,-0.3333,0,,,6,-0.5,-0.5,5,0.6667,-0.4118,180,-0.0046,-0.0507,2003,0.0152,-0.0115,465965,0.1011,0.1183,34,-0.0423,-0.0145,0.1667,0.0744,-0.1603,0
202502,54035,"jackson, wv",229750,-0.0223,-0.1682,41,0.038,1.2162,76,-0.1739,0.3632,10,-0.4444,0.25,0,,,12,5,0.2,12,0.0909,-0.4146,128,-0.0178,0.1321,1754,0.0315,-0.2807,300790,-0.0499,-0.0812,53,0.0192,0.3418,0.2927,0.0142,-0.8154,1
202502,21053,"clinton, ky",288500,0.0928,-0.0419,31,0.1509,0.9063,63,-0.3325,-0.45,6,-0.4,0,0,,,6,2,0.5,4,1,-0.2,149,-0.2838,0.1025,1583,-0.0201,-0.2454,300927,0.0135,-0.0855,35,0.2105,0.6047,0.1311,0.0557,-0.1814,0
202502,40109,"oklahoma, ok",299945,0.0002,-0.0481,2286,0.0015,0.4033,50,-0.1391,-0.0294,970,-0.0182,0.0211,38,0.9,-0.05,846,0.1402,0.093,1111,0.1819,0.0601,170,0.0082,0.0084,1823,-0.0068,-0.0528,425231,-0.0246,-0.0349,3392,0.0477,0.2673,0.486,0.0742,-0.1573,0
202502,26103,"marquette, mi",374925,0.0868,0.1365,80,-0.0909,0.0959,83,0.044,-0.1942,18,-0.4375,-0.4706,0,,-1,8,-0.5556,-0.2,49,-0.03,-0.1182,222,0.0992,0.123,1722,0.0098,0.153,503764,0.0441,0.0992,126,-0.0906,-0.0157,0.6063,0.0381,-0.1472,0
202502,20013,"brown, ks",137250,-0.009,0.2842,30,0,0.3111,88,-0.014,-0.1023,0,-1,-1,0,,,8,0.3333,1,9,1.4286,-0.1053,87,0.0163,0.2057,1606,-0.0706,0.2132,184732,-0.0348,0.6138,38,0.1343,0.1875,0.2881,0.1695,-0.1341,1
202502,48137,"edwards, tx",275000,0,-0.0325,13,0.04,2.7143,181,0.1281,0.2237,0,-1,,0,,,6,,,,,,139,0,-0.7274,1854,0,0.0027,544635,-0.017,-0.0746,13,0.04,1.6,,,,1
202502,30045,"judith basin, mt",568725,0.7913,1.3002,2,0.3333,-0.2,24,-0.8657,-0.8286,0,-1,,0,,,0,,,,,,89,-0.4873,-0.7598,893,-0.2752,0.2794,665600,0.8749,1.5397,2,-0.2,-0.2,,,,1
202502,12037,"franklin, fl",685000,-0.0044,-0.0796,306,0.0718,0.4299,91,-0.0738,0.046,66,0.0645,0.65,6,,,56,0.0769,1,32,0.4651,-0.16,440,-0.0093,-0.0409,1620,0.0012,0.0256,971449,-0.0296,-0.0828,336,0.0945,0.3494,0.1029,0.0276,-0.0723,0
202502,06095,"solano, ca",580625,-0.0039,-0.0057,590,0.0129,0.4166,49,-0.1404,0.3154,368,0.0698,0.0636,22,-0.2143,-0.0833,228,0.0556,0.6286,362,0.244,0.0838,346,0.0058,-0.0253,1667,0.0054,0.0263,639599,0.0138,-0.0346,949,0.0859,0.2638,0.6136,0.114,-0.1884,0
202502,39113,"montgomery, oh",198750,0.0035,0.1357,685,-0.1307,0.161,49,-0.1404,0.1264,510,0.2319,-0.0116,12,0.2,-0.4545,370,0.1783,0.0882,678,0.2697,-0.0954,141,-0.0029,0.1605,1412,-0.0014,-0.0244,249918,-0.0007,0.0776,1354,0.0265,0.0207,0.9898,0.3121,-0.2806,0
202502,27073,"lac qui parle, mn",167450,-0.0218,-0.1588,18,0.1667,0.0938,60,-0.1341,-0.3249,0,-1,-1,0,,,4,,0,4,-0.3333,1,98,0.0227,0.1844,1680,-0.0533,-0.1911,180461,-0.0823,-0.3391,22,-0.0227,0.3438,0.2286,-0.1714,0.1036,1
202502,17049,"effingham, il",275625,-0.0308,-0.1418,62,0.0877,0.1273,95,0.1076,0.0297,16,1,-0.2727,0,,,12,-0.25,-0.4545,21,-0.1064,-0.5435,122,-0.0182,0.0398,2449,-0.0206,0.0493,441849,0.0371,0.0891,80,0.053,-0.205,0.3387,-0.0736,-0.4977,1
202502,26117,"montcalm, mi",258000,0.0437,0.0641,119,-0.0084,0.881,73,0.0034,0.0542,50,-0.2188,0.0417,2,,,40,0.25,1.8571,68,0.0547,0.0714,155,0.0246,0.0187,1621,0.0224,0.1372,295664,0.0362,-0.0279,186,0.0027,0.4781,0.5696,0.0341,-0.4304,0
202502,18129,"posey, in",242475,-0.067,0.2775,36,0.0143,0.1833,66,0.048,0.7467,12,1,-0.1429,0,,,14,1.3333,0.4,16,0.1481,-0.4259,121,-0.0488,0.1234,1885,-0.0395,0.1414,252293,-0.0837,0.2014,51,0.0521,-0.114,0.4366,0.0509,-0.4634,0
202502,54053,"mason, wv",199500,0.05,-0.0927,29,-0.1493,0.0556,97,0.3098,0.0866,8,-0.2,-0.2,0,,,6,2,0.5,16,-0.0303,0.3333,117,-0.0068,0.0676,1602,0.0817,-0.06,233702,0.0572,0.0858,44,-0.102,0.1139,0.5614,0.0689,0.117,0
202502,42035,"clinton, pa",223725,-0.0373,0.0787,62,0.069,0.2784,54,-0.2955,-0.4882,28,0.1667,0.2727,0,,,14,0.4,0.1667,29,0.0741,0.5676,145,0.085,0.2383,1612,-0.0382,-0.0474,257413,0.0194,-0.0545,90,0.0529,0.3561,0.4677,0.0022,0.0863,0
202502,46011,"brookings, sd",389900,0.0505,0.0505,73,-0.0645,0.5263,87,-0.0895,-0.4085,24,-0.1429,0.0909,2,0,,6,-0.25,2,48,0.1034,0.0909,274,0.0602,0.0546,1482,-0.0156,0.026,425284,0.0349,0.0038,120,-0.0123,0.2973,0.6621,0.1008,-0.2642,0
202502,48017,"bailey, tx",236725,-0.1453,0.1992,11,-0.125,-0.16,158,0.3636,0.2805,2,,0,0,,,0,-1,-1,3,2,2,97,-0.2064,0.0705,2072,0.0593,0.0292,258580,-0.0976,0.109,14,0.0385,-0.0357,0.2857,0.2024,0.2057,0
202502,51027,"buchanan, va",176000,0.1104,0.1733,19,-0.0976,0.6087,152,0.0783,0.1222,0,-1,-1,0,,,4,1,1,5,1.5,-0.4118,90,0.0121,0.1502,1773,0.0054,-0.1079,165208,0.0366,-0.127,24,0.0217,0.175,0.2703,0.1727,-0.4689,1
202502,51169,"scott, va",236000,-0.0084,-0.0377,54,-0.0273,0.6462,97,0.1283,0.2404,14,0.4,0.1667,0,,,14,-0.125,1.3333,20,0.2581,0.3,147,-0.0001,0.0513,1444,-0.021,-0.0946,358273,-0.0187,-0.1877,73,0.0355,0.5532,0.3645,0.0827,-0.0971,0
202502,55127,"walworth, wi",492595,0.0134,0.0053,389,0.0528,0.0543,60,-0.1585,-0.044,124,0.2653,0.0164,4,,1,52,0.3684,0.3,42,0.0247,0.1528,261,0.0215,0.0058,1887,-0.0041,-0.0565,680642,0.0463,-0.0941,430,0.0579,0.0724,0.1068,-0.0029,0.0091,0
202502,36097,"schuyler, ny",261000,0.043,-0.1566,34,0.0308,0.4255,79,-0.0186,0.0822,14,0.75,-0.125,0,,,6,-0.5,-0.25,23,0.6429,0.0952,129,-0.0273,-0.2457,1953,0.0185,0.2123,398568,-0.0267,-0.1545,57,0.2151,0.2841,0.6866,0.2558,-0.207,1
202502,27085,"mcleod, mn",327425,-0.0226,0.0529,42,-0.1515,0.4237,67,-0.1387,0.5257,20,0.25,-0.0909,0,,,8,0,0,34,-0.0563,-0.0563,166,0.0586,0.0156,1832,-0.0155,0.0304,376525,0.0119,0.1168,77,-0.0833,0.1493,0.7976,0.0804,-0.4058,0
202502,21235,"whitley, ky",246950,0.0049,0.0831,66,0.056,0.1681,88,-0.0665,0.1939,26,1.6,-0.2353,0,,,26,0.3,1.1667,22,0.4194,-0.0833,138,0.012,0.012,1712,-0.0023,0.0918,290061,0.046,0.0323,86,0.0886,0.0683,0.3333,0.0853,-0.0914,0
202502,47051,"franklin, tn",394500,-0.0006,-0.0826,247,0.0907,-0.006,67,-0.1307,-0.2176,90,0.0714,0.0465,4,1,,62,0,0.0333,77,0.0548,0.375,208,-0.0087,-0.003,1853,-0.0121,-0.0593,556698,0.0101,0.0025,323,0.0839,0.0785,0.3124,-0.0106,0.0866,0
202502,27165,"watonwan, mn",169900,0.0107,-0.248,28,0.0182,0.5135,85,0.0211,0.2246,12,1,1,0,,,4,0,-0.3333,11,0.2222,0.1,103,-0.0079,0.1289,2433,0.0304,0.0041,211955,-0.0463,-0.1198,38,0.0556,0.3333,0.3929,0.0656,-0.1477,1
202502,39061,"hamilton, oh",295000,0.0192,-0.0874,967,-0.095,0.2601,47,-0.2185,0.1923,734,0.3542,0.0794,12,1,1,346,0.1849,0.6476,884,0.274,-0.0596,185,0.0075,0.0114,1576,0.003,-0.082,457490,0.0052,-0.1182,1859,0.0509,0.0991,0.9141,0.2648,-0.3108,0
202502,19005,"allamakee, ia",244000,0.0295,-0.0588,20,0.0526,-0.0244,102,0.1965,0.0149,4,1,-0.3333,0,,,2,0,0,4,-0.5,-0.6522,185,0.1978,0.1551,1525,0.018,0.0417,285099,0.0263,0.0519,24,-0.0769,-0.25,0.2,-0.2211,-0.361,0
202502,28153,"wayne, ms",245000,0.2982,0.3243,17,0.3077,-0.0811,71,-0.1548,-0.4144,8,,1,0,,,2,-0.5,-0.5,6,-0.0833,0.8333,97,0.1923,0.2356,2512,-0.022,0.0945,299606,0.2003,0.3197,23,0.1842,0.0227,0.3235,-0.138,0.1614,1
202502,45057,"lancaster, sc",399947,0.0397,0.078,303,0.0484,0.2921,62,-0.0462,0.1643,170,0.3077,0.2143,18,0.5,8,152,0.4615,0.5833,180,0.0811,-0.0955,204,0.0061,-0.0015,2010,0.0579,0.1666,469275,0.0185,0.0725,488,0.075,0.122,0.5941,0.0179,-0.2546,0
202502,51031,"campbell, va",307175,0.0258,0.0277,118,-0.0672,0.0306,54,-0.073,0.3012,62,0.1071,0.2917,2,-0.5,-0.5,26,-0.2778,-0.1333,88,0.0932,0.0476,184,0.0145,-0.0514,1611,0.0276,0.0115,353339,0.0319,0.0714,206,0.0098,0.0512,0.7458,0.1094,0.0121,0
202502,45047,"greenwood, sc",275000,-0.0175,-0.1421,181,-0.0028,0.2711,76,0.0133,0.078,56,0.12,-0.2222,0,-1,-1,58,0.45,0.2609,62,0.1071,0.042,157,0.0234,0.0051,1793,-0.0044,-0.0488,336653,0.0202,-0.035,242,0.0168,0.2045,0.3435,0.0341,-0.0755,1
202502,37059,"davie, nc",389725,0.0761,0.2852,104,0.0455,0.5564,55,-0.213,0.0093,64,0.5238,0.3913,2,,0,46,0.5333,0.9167,78,0.1556,0,180,-0.0136,0.0442,2075,0.2296,0.1899,403067,0.0546,0.0146,180,0.0813,0.2337,0.7536,0.0718,-0.4193,0
202502,35061,"valencia, nm",366293,-0.0117,0.026,178,-0.0944,0.2816,103,0.096,0.3089,82,0.4138,0.0789,6,-0.8333,-0.25,56,0.2727,0.6471,98,0.2662,-0.0625,206,0.0051,-0.0043,1865,-0.022,-0.0202,417542,-0.0047,-0.0433,276,0,0.1408,0.5493,0.1564,-0.2016,0
202502,47049,"fentress, tn",334900,-0.0003,0.1073,172,0.0299,0.2155,93,0.1071,0.1923,26,-0.2353,-0.48,2,,0,44,0,0.2222,35,0.0448,0.129,203,-0.0271,0.0279,1583,0.0099,0.0201,414740,-0.0234,0.0458,205,0.0276,0.185,0.2035,0.0029,-0.0156,0
202502,54089,"summers, wv",158250,-0.0239,-0.1649,35,-0.0909,-0.0141,106,0.2434,-0.1554,4,1,-0.3333,0,,,6,0.5,2,7,-0.4615,0.0769,136,0.0008,-0.0818,1376,-0.026,-0.0419,260451,0.002,-0.0739,40,-0.1753,-0.0361,0.2,-0.1377,0.0169,1
202502,38029,"emmons, nd",105500,-0.0784,-0.5205,5,0,-0.1667,68,0.1886,-0.6517,0,,,0,,,0,,,,,,52,-0.2333,-0.5832,1557,-0.0407,-0.0969,110430,-0.1064,-0.5186,5,0,-0.375,,,,1
202502,37121,"mitchell, nc",389478,-0.0006,0.1136,47,-0.0693,0.2877,136,-0.0199,0.0112,8,0.3333,-0.2,0,,,6,,0.5,11,-0.0833,-0.12,236,0.0048,0.0865,1576,-0.1051,-0.1221,480390,-0.0052,0.0015,58,-0.0645,0.1837,0.234,-0.0036,-0.1084,0
202502,30101,"toole, mt",173750,-0.1785,-0.4695,9,-0.1818,-0.3077,123,0.2706,1.6505,2,-0.5,-0.5,0,,,2,,0,4,-0.2727,1.6667,113,0.0393,-0.3532,1581,-0.3044,-0.352,221506,-0.0143,-0.6835,14,-0.2059,-0.1,0.4444,-0.0556,0.3291,1
202502,17149,"pike, il",152950,0.0462,-0.01,35,0.0455,0.0147,102,0.2029,0.0849,14,-0.4615,0.4,0,,,2,-0.5,-0.6667,11,0.3125,0.2353,93,0.0341,0.062,1711,0.1313,0.0151,169973,0.1044,0.0602,45,0.0588,0.0465,0.3043,0.0619,0.0543,0
202502,28095,"monroe, ms",199375,-0.0018,0.0425,93,0.135,0.5546,80,-0.1212,-0.1014,28,1,1.3333,0,,,26,0.1818,0.8571,23,0,-0.1321,112,0.0123,0.0402,1768,0.0103,-0.0267,239188,0.0624,-0.1091,116,0.0892,0.3333,0.2486,-0.0336,-0.1967,1
202502,46067,"hutchinson, sd",175000,0.0222,-0.3269,15,-0.1176,0.0345,97,0.1622,-0.1835,6,2,,0,,,0,-1,,3,2,0.5,97,0.0043,-0.3681,1800,0.0785,0.0962,247967,0.0888,-0.0473,18,-0.0278,0.0606,0.2,0.1412,0.0621,1
202502,27161,"waseca, mn",232725,-0.0351,-0.0401,26,0,0.04,65,-0.0877,0.7568,12,0.2,-0.1429,0,,,12,0.5,0.5,15,-0.1714,-0.2927,146,-0.0153,0.1183,1896,0.0161,0.0244,275909,0.0531,0.0342,41,-0.0682,-0.0682,0.5577,-0.1154,-0.2623,0
202502,13229,"pierce, ga",264725,-0.0159,-0.0318,59,0.17,0.56,94,-0.2429,0.9479,22,2.6667,0.2222,0,,,14,0.4,0.1667,10,0.5833,-0.3214,152,0.0106,-0.0222,1795,0.0084,-0.0387,318030,-0.0102,-0.0221,66,0.1786,0.2941,0.1624,0.0424,-0.2109,0
202502,47159,"smith, tn",367407,-0.0329,-0.1145,85,0.1497,0.4322,76,-0.0533,0.1843,24,0,0.0909,0,-1,-1,32,0.6,0.7778,26,0.0612,-0.0714,217,-0.0229,-0.0251,1944,0.0114,0.0886,468490,-0.0346,-0.0206,110,0.1117,0.2659,0.3077,-0.0256,-0.1669,1
202502,05081,"little river, ar",217250,0.0823,0.1761,20,-0.1489,-0.0698,122,-0.0279,0.8209,0,-1,-1,0,,,6,2,0,9,0.6364,-0.4,104,-0.0245,0.0444,1910,0.0495,0.0846,215941,0.0758,0.0414,29,-0.0333,-0.2267,0.45,0.216,-0.2477,1
202502,05049,"fulton, ar",239500,-0.1775,0.1324,63,-0.0803,0.2475,95,0.0412,-0.104,16,0.1429,0.1429,0,,,14,0.4,0.75,15,0.5263,0.3182,127,-0.0441,0.1067,1862,0.0178,0.0751,346720,-0.0266,0.1506,78,-0.0064,0.25,0.2302,0.0915,0.0123,0
202502,29045,"clark, mo",134250,0.0335,-0.5382,6,0.0909,0,25,-0.6834,-0.6203,4,0,,0,,,0,,,3,2,,83,-0.1473,-0.4088,1518,0.1249,-0.406,152532,0.1402,-0.5338,10,0.5833,0.5833,0.5,0.3182,,1
202502,29510,"st. louis, mo",188950,0.0214,-0.0178,548,0.0092,0.0703,51,-0.2273,-0.2031,316,0.3277,0.0064,0,-1,-1,192,0.1852,0.1429,298,0.2218,-0.01,147,0.0029,0.0588,1556,0.0088,0.0592,243516,-0.0005,-0.0122,858,0.0903,0.06,0.5429,0.0944,-0.044,0
202502,39147,"seneca, oh",159900,-0.0379,-0.0376,52,-0.0189,0.5294,40,-0.2392,-0.3885,32,0.1429,0.2308,0,,,8,0,1,38,0.0417,-0.0132,109,-0.0821,0.0007,1611,0.0314,-0.0597,201558,-0.0133,-0.0471,90,0.0113,0.2345,0.7212,0.0419,-0.3965,0
202502,47079,"henry, tn",291100,0.0269,-0.131,119,0,0.1505,90,-0.0375,-0.1493,30,0,0.1538,0,,,26,0.3,0.3,33,-0.0972,0.2037,166,-0.0207,-0.0837,1752,-0.0207,-0.1292,398205,-0.0105,-0.1159,151,-0.0098,0.1797,0.2743,-0.0295,0.0121,1
202502,40093,"major, ok",174950,-0.1138,0.0606,14,0,-0.1765,83,0.0217,0.051,4,0,0,0,,,2,-0.5,-0.6667,5,-0.1,-0.1818,90,-0.2348,-0.1049,1952,0,0.1509,233108,-0.0554,0.1833,19,0,-0.1778,0.3214,-0.0357,-0.0021,0
202502,08019,"clear creek, co",687500,0.1463,-0.1754,53,0.1413,0.75,120,0.2513,0.4269,24,1.4,2,0,,,4,0,-0.5,14,0.2727,1,456,-0.0413,0.1901,1588,0.095,-0.4091,962578,0.0476,-0.5178,67,0.177,0.9,0.2667,0.0275,0.0333,1
202502,27067,"kandiyohi, mn",344500,-0.0069,-0.1062,71,0.093,0.396,87,-0.1386,0.7938,36,0.6364,0.8,0,,,14,2.5,0.1667,31,-0.0317,-0.0758,162,-0.0295,-0.0024,1949,-0.0037,-0.0263,476086,0.0474,-0.0598,100,0.0638,0.1976,0.4326,-0.0557,-0.2208,1
202502,55031,"douglas, wi",249375,0.0671,0.0743,42,-0.1075,-0.0568,87,0.148,0.7626,22,-0.0833,-0.2143,0,,,18,0,0.125,36,0.0143,-0.0139,167,0.0464,0.0716,1597,0.0252,-0.0075,314214,0.0204,0.1054,78,-0.037,-0.0064,0.8554,0.1027,0.0372,0
202502,13103,"effingham, ga",397550,-0.0059,0.0308,203,-0.0193,0.5379,67,-0.0634,0.0114,90,0.7308,0.1538,10,4,0.25,68,0.1724,1,131,0.2186,-0.0997,186,0.005,0.0434,2228,-0.011,-0.0196,489873,-0.004,-0.0938,333,0.0555,0.2131,0.6453,0.126,-0.457,0
202502,17089,"kane, il",426497,0.0391,-0.0054,463,-0.0374,0.0718,38,-0.2788,0.1364,424,0.325,-0.0783,36,0.5,-0.1818,124,0.3191,-0.0313,534,0.0887,-0.147,210,0.0215,0.0563,1988,0.0077,-0.0461,535010,0.0351,-0.0114,997,0.0241,-0.066,1.1533,0.1336,-0.2957,0
202502,48239,"jackson, tx",279925,-0.0344,0.0435,70,0.0373,0.3365,76,-0.2145,-0.4503,10,-0.5455,-0.375,0,,,14,0,0.4,10,0.4286,0.5385,159,-0.0171,0.1538,1458,0.0038,-0.1395,352433,-0.0393,0.1357,80,0.0811,0.3333,0.1439,0.0394,0.0189,0
202502,22045,"iberia, la",172500,-0.0309,-0.0574,157,-0.0571,0.3362,88,0.0203,-0.2484,44,0,0.0476,0,-1,-1,56,0.1667,0.4737,50,0.0101,-0.0099,96,-0.0318,0.0277,1713,-0.0394,-0.1154,210345,-0.015,-0.1258,207,-0.0526,0.2358,0.3185,0.0212,-0.1113,0
202502,47109,"mcnairy, tn",267600,-0.0424,0.0922,91,0.0838,0.1384,80,-0.1017,-0.1017,24,0.0909,0,0,,,26,0.625,0.625,15,-0.0625,-0.4,157,-0.0089,0.1711,2243,-0.0099,0.1105,326028,-0.0354,-0.0575,106,0.0498,0.0193,0.1657,-0.0259,-0.1487,0
202502,47007,"bledsoe, tn",348175,-0.0049,0.0713,43,0.0238,0.4333,97,-0.049,0.2278,10,-0.1667,-0.1667,0,,,10,0,1.5,15,0.4286,1.5,209,0.0179,0.0345,1577,0.021,-0.1301,473686,-0.0303,0.0645,58,0.1373,0.6111,0.3488,0.0988,0.1488,0
202502,20075,"hamilton, ks",220000,0,0.1,8,0,-0.2,86,0.1958,-0.6957,0,,,0,,,0,,,,,,137,0,0.192,1400,0,-0.2179,240000,-0.0052,0.1791,8,0,-0.2727,,,,1
202502,29119,"mcdonald, mo",324713,0.0227,0.2673,74,-0.0067,0.5745,83,-0.0726,0.1141,20,0.6667,1,0,,,12,0,-0.25,23,0.0714,0.0976,170,0.0035,0.0851,1721,0.0265,0.0571,642181,-0.0125,0.5976,96,0.0105,0.4222,0.3041,0.0222,-0.1321,1
202502,19003,"adams, ia",162500,0.022,0.0569,14,0.2273,0.35,38,-0.4704,-0.6329,8,1,1,0,,,0,,-1,2,-0.25,-0.25,100,0.1498,0.1063,1512,-0.0334,0.0381,167756,0.067,0.0883,15,0.1538,0.25,0.1111,-0.0707,-0.0889,1
202502,21147,"mccreary, ky",196450,0.1351,0.0998,34,0.0149,-0.1169,66,-0.2715,-0.0259,8,3,-0.3333,0,,,8,0,-0.4286,12,0.8462,0.2,118,0.1274,0.0434,1667,0.0417,0.1168,372558,0.9032,0.6608,47,0.175,-0.0208,0.3529,0.1589,0.0932,0
202502,48333,"mills, tx",273463,-0.0729,-0.3152,23,-0.0217,-0.0625,102,-0.1212,0.0856,8,,3,0,,,4,0,-0.3333,3,0,0,168,0.0122,0.0413,1791,-0.0028,-0.072,1244227,-0.0101,1.6048,25,-0.0385,-0.0741,0.1333,0.0029,0.0083,1
202502,38013,"burke, nd",110000,-0.1147,0.8487,9,0.2857,0.125,52,-0.4772,-0.7107,4,1,,0,,,0,,,1,0,0,93,-0.0418,1.5725,1631,-0.0084,-0.0237,130378,-0.0919,0.2584,10,0.1875,0.0556,0.1111,-0.0317,-0.0139,1
202502,20195,"trego, ks",170000,-0.0145,0.1341,15,-0.1176,2,181,0.2543,1.1199,0,,,0,,,0,-1,,2,1,0,76,0,-0.3836,1931,0.0057,0.2984,381422,0.0198,1.2495,17,-0.0286,1.4286,0.1333,0.0745,-0.2667,1
202502,53061,"snohomish, wa",777425,0.0006,0.0471,723,0.0035,0.6488,33,-0.3744,0.1186,700,0.0029,-0.0223,42,0,-0.087,270,0.0887,2.5526,862,0.1595,-0.1119,411,0.0121,0.0319,1916,-0.0152,-0.0178,906754,0.0026,0.0258,1584,0.0823,0.1246,1.1916,0.1603,-1.0205,1
202502,48151,"fisher, tx",174000,-0.1256,-0.2898,20,0.3,1.1667,117,0.0937,0.1704,4,1,1,0,,,2,0,,3,0,2,95,-0.269,-0.2115,2221,-0.0284,0.0909,294590,-0.1485,-0.2146,23,0.2162,1.1429,0.1538,-0.0462,0.0427,1
202502,55019,"clark, wi",218475,0.0164,0.071,56,-0.126,0.6087,103,0.0842,-0.0024,12,0.5,0,0,,-1,10,-0.5,0.25,26,0.5294,-0.1333,125,0.0129,0.0997,1755,0.0322,-0.0284,271055,0.0108,0.0369,80,-0.0123,0.2403,0.4685,0.2008,-0.4011,0
202502,51053,"dinwiddie, va",312475,0.029,0.017,32,-0.0308,0.26,38,-0.2374,-0.3435,22,0.2222,0,0,,,8,0,1,25,-0.2222,-0.3378,205,0.0166,0.0422,1584,-0.0008,0.0261,377773,-0.0109,0.1099,56,-0.0968,-0.104,0.7778,-0.1915,-0.7022,0
202502,40049,"garvin, ok",240250,0.1445,0.0074,110,0.0092,0.4503,93,-0.0027,0.1171,24,-0.4286,0.2,0,,,28,0.1667,0,35,0.3269,0.6047,130,0.0265,0.0261,1642,0.0419,-0.1455,418538,0.0887,0.1722,145,0.0947,0.4974,0.3151,0.0754,0.0303,0
202502,39127,"perry, oh",263425,-0.0009,0.1594,47,-0.0309,-0.0309,67,-0.0221,-0.0037,26,1.1667,-0.0714,0,,,16,0.6,-0.3333,24,0.5,0.0435,173,0.2181,0.2824,1598,-0.0071,0.0625,303155,-0.0258,0.0597,70,0.0853,-0.0141,0.5106,0.1807,0.0364,0
202502,08015,"chaffee, co",779750,0.0404,0.0696,133,0.0153,-0.1196,73,-0.2526,-0.1049,40,0.1765,0,0,,,20,0.1111,-0.1667,41,0.4386,-0.0465,437,0.0078,0.0456,1912,-0.0175,0.0612,988518,0.0056,0.1376,174,0.0946,-0.0964,0.3094,0.091,0.0237,0
202502,38075,"renville, nd",269000,0.3251,0.6313,3,-0.4545,-0.5714,127,0.3529,2.6667,0,,,0,,,0,-1,-1,2,0,-0.5,113,0.1848,0.4085,1904,0.0619,0.0968,290333,0.28,1.0886,6,-0.2667,-0.5,0.6667,0.303,0.0952,1
202502,31165,"sioux, ne",1029750,-0.063,0.2369,4,0.75,-0.4167,88,-0.4343,-0.5439,0,,,0,,,0,,,,,,,,,,,,1044208,-0.0499,0.2431,4,0.75,-0.4167,,,,0
202502,38039,"griggs, nd",88250,0.0086,-0.4117,5,0.125,-0.1,165,0.236,1.129,0,,-1,0,,,0,,,2,-0.4286,1,84,-0.355,0.2019,1416,0.2826,-0.235,96400,0.0507,-0.2948,7,-0.1875,0.0833,0.4444,-0.4306,0.2444,1
202502,19119,"lyon, ia",404675,0.0677,-0.0841,26,0.02,0.5455,45,0.3284,0.7451,4,-0.5,1,0,,,2,,,5,-0.3571,-0.1818,241,0.1631,0.0981,1570,0.038,-0.3423,422459,0.0175,-0.2735,30,-0.0323,0.3636,0.1765,-0.1035,-0.1569,1
202502,37145,"person, nc",294000,0.0344,-0.1397,75,0.0876,0.1825,77,-0.0097,0.1673,34,0.1333,0.1333,0,,,24,-0.2,0.7143,33,-0.1951,-0.2747,196,0.0414,0.0615,1640,-0.0152,-0.0866,548417,-0.0424,0.1297,109,0.0046,0.0235,0.443,-0.1556,-0.2793,1
202502,56015,"goshen, wy",316000,0.0276,0.0897,54,-0.036,0.1263,117,0.0493,0.2156,16,0.1429,1,0,,,8,0,0,2,0,2,145,0.0182,0.0889,1920,0.0175,-0.1332,382268,-0.0043,0.0747,56,-0.0263,0.1684,0.028,0.001,0.0175,1
202502,55139,"winnebago, wi",341125,0.1188,0.0503,146,-0.2022,0.4527,59,-0.029,0.4268,98,-0.1695,-0.1552,0,,,32,-0.2727,0.1429,194,0.2516,0.1582,195,0.0891,0.0732,1712,0.0117,-0.042,394467,0.0732,-0.0157,340,0.0059,0.286,1.3288,0.4818,-0.3379,0
202502,47031,"coffee, tn",363925,0.0181,-0.0028,239,-0.0021,0.6563,74,-0.1552,0.0769,98,0.75,0.4848,2,,0,80,0.0811,1.2222,62,-0.0465,0.0982,201,0.0104,0.0278,1831,0.012,-0.0241,428022,0.0184,0.0241,300,-0.0148,0.5,0.2579,-0.012,-0.131,0
202502,37001,"alamance, nc",359949,0.0138,0.0664,502,0.0704,0.395,54,-0.2721,-0.112,258,0.5542,0.5,26,0.4444,1.6,150,0.0274,0.4706,394,0.1674,0.0301,188,0.0024,-0.0005,1918,0.0199,0.0075,374254,-0.0032,0.0111,888,0.1248,0.2158,0.7856,0.0653,-0.2783,0
202502,48347,"nacogdoches, tx",290550,-0.0022,0.0396,162,-0.0152,0.4931,94,0.0655,0.2508,38,0.0556,-0.2083,0,,,28,0.1667,0.2727,45,0.2676,-0.1089,154,-0.0003,0.0896,1861,0.0098,-0.0035,325895,0.0063,0.0081,204,0.0278,0.2962,0.2778,0.062,-0.1877,0
202502,27059,"isanti, mn",377389,0.0514,0.0448,60,-0.1793,0.0171,62,-0.2393,0.6757,36,1,-0.1,2,-0.75,,4,-0.6,-0.7778,32,-0.1579,-0.3333,232,-0.0569,0.0036,1641,0.0109,-0.0014,400334,0.0124,-0.0462,94,-0.1455,-0.0918,0.5378,0.0137,-0.2827,0
202502,16005,"bannock, id",391950,-0.0075,-0.0026,244,-0.0525,0.2519,75,0,0.0033,70,-0.1463,-0.186,0,-1,,66,0.2692,0.1786,105,0.2081,0.0829,184,-0.0015,-0.02,2119,-0.0067,-0.0514,472943,0.0098,0.0022,345,0.0103,0.1879,0.4292,0.0926,-0.067,0
202502,53049,"pacific, wa",424950,0.0106,0.0005,126,-0.0079,0.1357,107,-0.0573,0.481,24,-0.1429,0.3333,0,,,22,-0.3125,0.2222,32,0.1455,-0.0308,297,-0.0075,-0.0804,1480,0.0469,0.0278,513472,0.0381,-0.005,156,0.0032,0.0986,0.251,0.0336,-0.0431,0
202502,04009,"graham, az",371500,-0.0966,-0.006,71,0.119,0.5667,72,-0.2228,0.0593,28,0.2727,0.2727,0,-1,,22,0.2222,0.8333,28,0.1,0.1224,198,0.0408,0.0995,1863,-0.1889,-0.0467,367915,-0.086,-0.1184,97,0.0904,0.3688,0.3901,-0.0068,-0.1544,0
202502,47013,"campbell, tn",366000,0.0688,-0.0827,148,0.0034,0.439,80,0.0225,-0.0479,34,-0.1053,-0.3462,2,,0,56,0.4,1,36,0,-0.1744,214,0.0164,0.0804,1561,0.0076,-0.1761,552769,0.1044,-0.1705,183,0.0027,0.2543,0.2407,-0.0008,-0.1788,0
202502,26111,"midland, mi",285600,0.0657,-0.0191,94,-0.0878,0.406,53,-0.1102,-0.1923,56,0.037,0.037,2,,,32,0.1429,0.6,84,0.1761,0.0245,159,-0.0007,-0.0837,1868,0.0918,0.1088,381521,0.0717,0.1395,177,0.0262,0.2172,0.893,0.2004,-0.3325,0
202502,31025,"cass, ne",428000,0.0793,0.2142,52,-0.1186,-0.0796,41,-0.3109,0.0123,18,-0.3571,-0.5,0,,,6,-0.4,0,45,0.0854,0.3284,179,-0.0011,0.1894,2196,0.0367,-0.0149,457659,0.0611,0.2015,97,-0.0202,0.0778,0.8558,0.1609,0.2628,0
202502,48211,"hemphill, tx",113750,-0.3309,-0.5773,6,0.3333,0.3333,126,-0.004,0.3422,0,,,0,,,0,,,1,-0.5,-0.5,75,-0.024,-0.3628,1469,-0.333,-0.179,199583,-0.1841,-0.1843,6,0.0909,0.2,0.0833,-0.1389,-0.1389,1
202502,34011,"cumberland, nj",299319,-0.0018,0.1568,286,0.0594,0.2046,57,-0.1231,0.1515,116,-0.0794,-0.0794,4,1,-0.5,56,-0.3,-0.2,159,0.1007,0,198,0.026,0.1053,1512,-0.0072,0.0586,341687,-0.0185,0.201,445,0.0762,0.1266,0.5552,0.0208,-0.1136,0
202502,18065,"henry, in",198400,0.0309,-0.2906,81,-0.0301,-0.1526,84,0.2043,0.2727,40,0.8182,0.1765,0,-1,,22,-0.4762,-0.1538,38,-0.1477,-0.4565,101,-0.0751,-0.2147,1750,-0.0006,-0.1481,228285,0.0037,-0.1773,118,-0.0675,-0.2587,0.4658,-0.0643,-0.2605,1
202502,05011,"bradley, ar",160000,0.0407,-0.0857,31,0.2708,1.3462,76,-0.2237,-0.1947,6,-0.25,,0,,,2,0,0,2,-0.6,0,91,0.0195,-0.0209,1873,-0.0348,-0.0285,197325,0.0665,-0.1278,33,0.1207,1.1667,0.0656,-0.1428,-0.0883,0
202502,27007,"beltrami, mn",349800,0.0006,0.0303,104,-0.0505,0.2778,144,0.1549,0.0417,26,0.3,-0.0714,0,,,4,-0.6,-0.5,60,0.1442,0.0171,212,0.0146,0.146,1561,-0.0564,-0.1294,385481,-0.0168,-0.0345,164,0.0186,0.1631,0.5749,0.0978,-0.1473,0
202502,42011,"berks, pa",338700,0.0264,0.1061,340,-0.0659,0.2165,37,-0.27,-0.0267,298,0.1462,-0.0387,8,-0.6667,-0.5556,84,-0.1429,-0.1064,382,0.1352,-0.0366,169,0.0104,0.0563,1820,-0.0383,0.0075,385473,-0.0067,0.0552,721,0.0322,0.069,1.1235,0.1991,-0.2951,0
202502,13227,"pickens, ga",562333,0.0142,0.1367,208,0.0048,0.2614,82,0.0281,0.5302,70,0.1667,-0.2045,6,2,-0.25,62,0.069,0.1923,75,0.2712,-0.1758,242,0.0128,0.0888,2391,-0.0046,0.0464,678313,0.0066,0.1542,277,0.0635,0.095,0.3614,0.0757,-0.1917,0
202502,55099,"price, wi",253200,-0.0137,-0.1516,67,-0.0634,0.2913,128,0.2451,-0.1155,12,0,-0.4,0,,,8,-0.4286,0.3333,27,0.0189,0.35,181,0.012,-0.0991,1525,-0.0073,-0.0088,427819,0.0651,0.2275,92,-0.0564,0.2778,0.406,0.0328,0.0177,1
202502,26001,"alcona, mi",205725,-0.1426,-0.1995,54,-0.0609,0.4595,97,-0.0152,-0.1745,8,-0.5,0.3333,0,,,6,,,7,-0.44,-0.0667,150,-0.1456,-0.026,1500,0.0077,0.0733,317153,-0.0491,-0.107,62,-0.0746,0.4091,0.1296,-0.0878,-0.0731,1
202502,20071,"greeley, ks",240714,0.2814,0.3373,4,0.6,-0.3333,68,0.9708,-0.094,0,,,0,,,0,,,,,,86,0.0294,0.1028,1926,-0.2201,-0.0844,285357,0.3824,0.5186,4,0.1429,-0.3333,,,,0
202502,49021,"iron, ut",422450,-0.006,0.007,413,0.0198,0.307,97,-0.049,0.4697,120,0.0714,0.1111,2,-0.5,,110,0.2222,0.4103,142,0.1051,-0.0274,247,0.007,-0.0286,1801,0.0179,0.0505,512376,0.0096,0.0501,553,0.0464,0.2035,0.3438,0.0265,-0.1182,0
202502,51077,"grayson, va",349900,0.1344,0.1952,38,-0.0625,-0.0385,100,0.2871,0.0445,10,1.5,-0.1667,0,,,0,-1,-1,14,0.4211,0.2857,168,0.0615,-0.038,1934,-0.0495,0.0973,406444,0.0425,-0.1954,51,0.0625,0.0303,0.36,0.1225,0.0908,0
202502,13241,"rabun, ga",505475,0.0435,0.1115,169,0.04,0.3574,113,0.076,0.4381,52,0.5294,0.3,0,,,24,0.5,0.2,28,0.1,0.25,260,-0.0004,-0.0401,1940,0.0212,-0.0101,874287,0.0856,0.2183,196,0.0427,0.3345,0.1627,0.0089,-0.014,0
202502,21005,"anderson, ky",332475,-0.0473,-0.1486,45,-0.0426,1.4324,64,-0.244,0.3583,20,0.1111,0.25,0,,,22,1.2,2.6667,25,0.3158,0.0204,189,-0.0002,0.1251,1606,-0.0453,-0.2574,347623,-0.0422,-0.1358,72,0.0916,0.6628,0.5556,0.1513,-0.7688,1
202502,22087,"st. bernard, la",249687,0.001,-0.0994,185,-0.0264,0.0279,87,0.0146,0.1016,46,0.4375,0.2105,0,,,54,0.2857,0.4211,38,0.1538,0.087,156,0.0037,-0.0385,1625,-0.0054,-0.0576,278598,0.0119,-0.0445,221,-0.0067,0.0303,0.2033,0.0317,0.0111,0
202502,33015,"rockingham, nh",689225,0,-0.0182,387,0.0603,0.3186,51,-0.2955,-0.0596,244,-0.0394,0.0796,12,-0.1429,1,64,-0.0857,0.4545,398,0.0934,1.3006,386,0.0139,0.0168,1908,-0.0175,-0.0334,895052,-0.0183,-0.0661,780,0.0803,0.6649,1.0284,0.0312,0.439,0
202502,27125,"red lake, mn",180000,0.0292,0.1807,7,0.1667,0.75,98,-0.1169,0.3936,0,,,0,,,0,,,1,-0.3333,-0.3333,109,-0.1031,-0.0558,1700,0.2213,0.0842,183900,0.0876,0.2163,8,0.1429,0.6,0.1429,-0.1071,-0.2321,0
202502,12073,"leon, fl",314950,0.0518,-0.0219,735,0.077,-0.1444,46,-0.2632,0.1519,386,0.2697,0.2781,8,0.3333,3,194,0.5397,0.2933,319,0.1688,3.2752,200,0.0147,0.0135,1561,0.0196,-0.0349,386645,0.0171,-0.0048,1053,0.1026,0.1286,0.4336,0.0341,0.3468,0
202502,47105,"loudon, tn",621175,0.0362,0.0052,317,0.0914,0.6272,72,-0.1142,-0.0304,120,0.1538,0.3043,0,,,122,0.1961,0.8485,118,0.1634,-0.0962,265,0.0253,0.0033,2313,0.0115,0.0074,772200,0.0047,-0.0872,434,0.1244,0.3354,0.3712,0.023,-0.2971,0
202502,21209,"scott, ky",407350,0.0104,0.03,212,-0.1092,-0.045,100,0.1725,-0.2615,58,0.0357,-0.1714,4,1,1,28,-0.0667,-0.1765,175,0.064,0.4788,189,-0.0053,-0.0009,2142,0.0056,0.0478,464928,0.0204,0.1322,383,-0.0449,0.1283,0.8231,0.134,0.2916,0
202502,05113,"polk, ar",265000,0,0.0928,120,-0.0164,-0.0909,123,0.002,0.0314,28,0.75,0,0,,,18,0.8,-0.3571,17,0.3077,-0.1905,142,-0.0069,0.0175,1743,-0.0003,0.0058,335314,-0.0007,-0.0091,135,0,-0.1118,0.1417,0.0351,-0.0174,0
202502,30111,"yellowstone, mt",445000,0.0296,-0.058,452,-0.0897,0.3871,76,-0.0411,0.4567,140,0.1111,-0.0141,4,,,92,-0.2923,0.0952,202,0.317,-0.0714,206,0.0332,0.0133,2253,-0.0365,-0.0489,531208,0.027,-0.0006,655,0.0031,0.2152,0.4463,0.1378,-0.2204,0
202502,35043,"sandoval, nm",458700,0.0212,-0.0082,363,0,0.1379,65,-0.2182,0,194,0,-0.0202,2,-0.9375,-0.9524,152,0.2258,0.4074,266,0.2583,0.0192,224,0.0092,-0.0098,2205,0.0269,0.0428,566649,0.0334,0.0699,630,0.1005,0.0863,0.7314,0.1501,-0.0852,0
202502,20043,"doniphan, ks",152425,-0.1431,-0.0444,10,0.1111,0.8182,99,-0.0051,0.1691,6,2,,0,,,0,,-1,8,1.5,1.5,115,0.0068,0.1657,1543,-0.0513,-0.1541,192465,-0.2292,-0.253,18,0.5,1,0.75,0.4167,0.2045,0
202502,12075,"levy, fl",349675,-0.0136,-0.0764,231,0.0871,0.3353,81,0.019,0.0387,66,0.375,0.1786,0,-1,,60,-0.0909,0.5,39,0.2623,-0.1149,229,-0.0031,0.0232,1479,-0.0153,-0.0679,466184,0.0062,-0.0022,269,0.1093,0.2454,0.1667,0.0231,-0.0848,0
202502,48481,"wharton, tx",235000,-0.06,-0.0433,116,0.0175,0.2083,80,-0.0155,-0.1804,42,0.75,0.5,8,1,,28,0.2727,0.4,31,0.2449,-0.1757,136,-0.0127,0.0086,1713,-0.0081,-0.0521,262223,-0.0431,-0.0381,146,0.0657,0.1145,0.2629,0.048,-0.1225,0
202502,17007,"boone, il",339950,-0.042,0.0424,50,-0.0991,0.1111,50,-0.208,-0.0198,38,0.1875,-0.1364,2,,,6,-0.5714,-0.25,57,0.1287,0,168,0.0082,0.2005,2031,-0.0411,-0.1412,383982,-0.0462,-0.2724,108,0.0189,0.08,1.14,0.2301,-0.1267,0
202502,13071,"colquitt, ga",275000,-0.0063,-0.0433,63,-0.0079,0.3736,90,0.0465,0.0909,18,0,0,0,,,16,3,1.6667,17,0.0968,0.2143,144,0.0049,-0.0586,1997,0.0122,0.1522,281710,-0.0234,-0.1618,78,-0.0064,0.3,0.272,0.026,-0.0357,0
202502,47069,"hardeman, tn",238875,0.0226,0.2503,56,-0.0588,0.0769,89,0.2643,-0.2563,18,2,0,0,,,10,0.25,0,20,0.0541,0.625,150,0.0309,0.3025,1688,0.023,-0.0101,345594,0.007,0.467,77,-0.0192,0.1591,0.3482,0.0373,0.1174,0
202502,01119,"sumter, al",141000,0.0444,0.41,11,0,0.1,106,0.2441,-0.2337,0,-1,,0,,,0,,,1,-0.5,0,80,-0.1056,0.31,1925,0.0023,-0.0159,430766,-0.0283,1.9533,12,-0.0769,0.0909,0.0909,-0.0909,-0.0091,0
202502,13117,"forsyth, ga",661181,0.0172,-0.0555,717,-0.0062,0.7935,51,-0.1513,0.4028,344,0.1781,0.1467,22,0.375,-0.1538,264,0.211,1.5385,311,0.2268,-0.1025,238,-0.0009,0.0043,3006,0.0155,-0.0258,800819,0.0254,-0.0832,1019,0.0715,0.3914,0.4341,0.0825,-0.4333,0
202502,21087,"green, ky",198750,0.0802,-0.0643,32,-0.1688,0.1852,98,0.1433,-0.0778,8,0.3333,0,0,,,2,-0.5,0,11,0.2353,0.75,149,-0.0048,0.0996,1276,-0.0031,-0.3523,270431,0.0506,-0.1795,43,-0.0761,0.2879,0.3281,0.1073,0.1059,0
202502,56035,"sublette, wy",601500,0.1037,0.0367,54,-0.123,0.2159,156,-0.1275,0.251,4,-0.6667,-0.6,0,,,8,1,,11,0.2222,0.2222,334,0.0275,0.2138,1977,0.0228,-0.059,1365196,0.1168,0.9215,64,-0.0857,0.2075,0.2056,0.0581,0.0011,0
202502,24037,"st. mary's, md",447000,0.0165,-0.0774,141,-0.0276,0.1059,46,-0.2531,-0.0161,100,0.8519,-0.2063,10,1.5,-0.375,42,0.4,0.05,125,0.0921,-0.217,214,0.0397,0.0131,2068,-0.0116,0.0206,707669,-0.0026,-0.0525,266,0.0019,-0.0748,0.883,0.0968,-0.3641,0
202502,48061,"cameron, tx",305000,-0.0033,0.0003,1658,0.0235,0.3035,89,-0.0535,0.1203,484,0.105,0.0342,18,0.5,0.125,334,0.2101,0.5755,286,0.1238,0.1172,174,0.0022,0.0233,1662,0.009,-0.0226,392489,0.0025,-0.0117,1938,0.0397,0.2721,0.1725,0.0154,-0.0288,0
202502,26013,"baraga, mi",358000,0.0399,0.8549,19,-0.0732,0.1515,159,0.306,0.0966,0,-1,-1,0,,,4,,,8,0.25,0.875,223,0.0141,0.2905,1465,0.0086,0.1572,354063,0.0359,0.2333,26,-0.0189,0.3333,0.3947,0.1021,0.1523,1
202502,48293,"limestone, tx",299400,-0.09,0.1976,89,0.0788,0.1195,108,-0.1409,0.1276,26,0.8571,0.625,0,,,14,0.1667,-0.3,13,0.0833,-0.2353,178,0.0129,0.2825,1833,-0.0483,0.0576,438253,-0.0318,0.1886,103,0.0957,0.0674,0.1461,0.0006,-0.0678,0
202502,19093,"ida, ia",107600,-0.1375,-0.3275,31,0.0333,1.8182,60,-0.1019,-0.405,6,-0.5714,,0,,,6,,,9,0.5,1.5714,74,-0.1587,-0.2454,1522,-0.0075,-0.1452,130905,-0.0942,-0.2393,40,0.0972,1.8214,0.2903,0.0903,-0.0279,1
202502,31113,"logan, ne",125000,0,-0.2857,1,0,0,142,0.2467,4.549,0,,,0,,,0,,,,,,140,0,0.3453,892,0,-0.469,125000,0,-0.2857,1,0,-0.5,,,,1
202502,38079,"rolette, nd",216450,0.2513,0.1959,6,2,-0.25,134,0.8671,-0.0326,2,,0,0,,,0,,,,,,170,0.8475,0.1095,1270,-0.6779,-0.0216,212150,0.1161,-0.11,6,2,-0.4545,,,,0
202502,38051,"mcintosh, nd",140000,0.037,0.2174,7,-0.2222,0.4,103,0.0677,-0.2782,0,,,0,,,0,,,1,0,0,127,0.3165,0.8154,1232,-0.0249,0.2271,222000,0.1788,0.9288,8,-0.2,0.3333,0.1429,0.0317,-0.0571,0
202502,51159,"richmond, va",349900,0.047,0.0544,30,0.0727,0.1132,49,-0.3121,1.1319,8,0,-0.6,0,,,8,,0.3333,12,-0.2258,-0.2258,193,0.0239,-0.0428,1700,-0.044,-0.0741,422474,-0.0238,-0.1584,43,0.0118,0.0361,0.4068,-0.1569,-0.1781,1
202502,48189,"hale, tx",175000,-0.0541,-0.0873,108,0.0337,0.3961,87,0.0029,0.3182,24,-0.0769,0,0,,,16,-0.3846,0.1429,18,0.75,-0.375,99,-0.0192,0.0156,1890,0.0129,0.0048,223319,-0.0129,-0.1691,124,0.0925,0.181,0.1628,0.0666,-0.2008,0
202502,02090,"fairbanks north star borough, ak",329500,-0.0014,0.0273,107,-0.1306,-0.25,63,-0.0672,-0.2284,54,-0.0357,-0.3721,0,,,30,0.6667,-0.1176,18,0.2963,-0.125,196,0.0373,0.0818,1736,0.0026,0.0845,367639,-0.0098,0.1257,123,-0.0956,-0.2407,0.1643,0.0541,0.0235,0
202502,18127,"porter, in",388500,0.0306,-0.0246,411,-0.0486,0.3862,75,0.087,0,186,0.1923,0.2917,16,-0.4286,0.6,202,0.2785,0.7414,259,2.4698,1.0275,182,0.0036,-0.0208,2218,0.0252,0.0601,452179,-0.017,-0.0564,669,0.3172,0.5955,0.629,0.4565,0.1989,0
202502,24033,"prince george's, md",460000,0.0143,0.0229,1138,0.0828,0.4571,33,-0.3053,-0.1081,832,0.2235,0.192,76,0.5833,0,350,0.3672,0.4583,893,0.0581,-0.111,256,-0.0001,0.0484,1664,0.034,-0.0304,490310,0.0053,0.0024,2033,0.0779,0.1364,0.7847,-0.0183,-0.5015,0
202502,48439,"tarrant, tx",354973,0.0003,-0.0151,4789,-0.0065,0.3311,57,-0.163,0.2697,2114,0.1269,-0.0848,60,-0.1429,-0.3182,2016,0.0723,0.2522,2131,0.2678,-0.0405,188,0.0015,-0.0114,1939,0.0043,-0.0146,516983,0.0134,-0.0047,6918,0.0638,0.1893,0.4449,0.0963,-0.1723,0
202502,08107,"routt, co",1574500,-0.0515,-0.1603,186,0.0877,0.763,81,-0.1823,-0.1718,78,0.8571,1.1667,0,,,30,0.25,0.875,86,0.5357,0.313,919,-0.0057,0.1369,1863,-0.0873,-0.3207,2667461,-0.0703,-0.0083,272,0.2013,0.5648,0.4624,0.1349,-0.1585,1
202502,18115,"ohio, in",297500,0.1301,0.3228,9,0.125,0.6364,72,0.3,-0.3092,0,-1,,0,,,0,-1,-1,2,0,1,169,0.187,0.5092,1707,0.0576,-0.2513,312567,0.1098,-0.6112,10,0,0.4286,0.2222,-0.0278,0.0404,0
202502,46115,"spink, sd",92975,-0.2532,-0.3159,11,0.8333,-0.2414,58,-0.3862,-0.5589,4,1,,0,,,0,,-1,3,0,2,62,-0.2078,-0.0827,1704,0.0071,-0.1958,135906,-0.2432,-0.2937,14,0.5556,-0.0968,0.2727,-0.2273,0.2038,1
202502,47133,"overton, tn",322175,0.0228,-0.1111,80,-0.0124,0.1955,86,0.1467,0.3927,18,-0.1,-0.3077,0,,,30,1.5,0.3636,25,-0.1935,0.3514,209,0.0353,0.0382,1591,-0.0121,-0.1023,377628,-0.0318,-0.127,103,-0.055,0.2262,0.3145,-0.0706,0.0363,1
202502,16069,"nez perce, id",448725,-0.0127,0.1093,98,-0.0152,0.2662,81,0.0189,0.0031,50,0.9231,0.3889,0,,,24,0.3333,-0.1429,40,0.3333,0,203,-0.0154,-0.0234,2167,-0.0103,0.0775,549105,-0.0371,0.089,138,0.0824,0.1745,0.4103,0.1072,-0.1092,0
202502,17011,"bureau, il",167400,0.105,0.2313,37,0.0282,-0.2316,76,0.0592,-0.0349,18,0.2857,-0.25,0,,,4,-0.5,-0.6667,21,-0.2075,-0.2222,105,0.0029,0.1248,1542,0.0161,0.213,190054,0.1082,0.1097,58,-0.0945,-0.2014,0.5753,-0.1711,0.0069,0
202502,40005,"atoka, ok",309950,-0.0692,0.527,35,0.0781,0.0615,111,0.04,0.5455,8,0.3333,0.3333,0,,,6,0,-0.25,6,-0.2,-0.4783,160,0.0009,0.4138,1752,-0.0109,0.028,925238,-0.0855,0.3588,41,0.0519,-0.0471,0.1739,-0.0605,-0.1799,1
202502,51157,"rappahannock, va",726750,-0.0166,0.0024,23,-0.1636,1.0909,129,0.2786,0.2297,4,-0.5,1,0,,,2,0,0,12,-0.04,-0.2727,271,-0.0091,-0.0607,2541,-0.0316,-0.0866,953035,0.0252,0.1524,35,-0.125,0.25,0.5217,0.0672,-0.9783,1
202502,04003,"cochise, az",325000,-0.0059,0.0383,437,0.0011,0.038,84,-0.0118,0.0467,140,0.0145,-0.0667,4,1,-0.5,112,0.12,-0.082,149,0.1124,-0.0917,188,0.0047,0.0328,1808,0.0047,0.0091,405011,-0.0006,-0.0515,585,0.0281,0.0095,0.3402,0.034,-0.0486,0
202502,53071,"walla walla, wa",547250,0.0454,0.1296,93,-0.0263,-0.1629,80,-0.0449,-0.078,46,0.5333,0.15,0,,,16,-0.4667,-0.2,65,0.1017,0.3,255,-0.0198,0.0424,2271,0.0563,0.0224,666906,-0.0016,0.1955,158,0.0161,-0.0217,0.7027,0.0817,0.2502,0
202502,02180,"nome census area, ak",535000,0,1.3388,1,0,-0.3333,129,0.2356,0.2506,0,,,0,,,0,,,,,,240,0,-0.1894,2232,0,1.8478,535000,0,1.3388,1,-0.3333,-0.3333,,,,1
202502,06055,"napa, ca",1497000,0.0611,0.0328,316,0.2495,0.6649,70,-0.3333,-0.1032,144,0.3091,0.5,2,,,64,0.2308,0.8824,56,0.1089,-0.2276,733,0.008,0.0353,2093,0.0319,0.0098,2948508,0.0394,-0.0219,371,0.2326,0.4187,0.1775,-0.0225,-0.2051,0
202502,32510,"carson, nv",526237,0.0049,-0.0901,82,-0.0787,-0.0787,46,-0.2989,0.1024,60,0.25,0.2,0,,,28,0.0769,-0.2632,81,0.2578,0.0387,303,0.0103,-0.0039,1715,-0.0029,-0.0748,814529,0.1936,-0.1226,161,0.0557,-0.033,0.9817,0.2626,0.1109,0
202502,20001,"allen, ks",168700,-0.036,0.1066,31,-0.1029,-0.1286,109,0.1853,-0.1049,6,-0.25,-0.25,0,,,4,1,0,15,0.0345,0.5,110,0.053,0.2883,1454,-0.0337,-0.1451,186479,-0.0103,-0.0665,45,-0.0526,0.0112,0.4918,0.0653,0.2061,0
202502,48479,"webb, tx",260000,-0.0057,0.093,537,-0.0074,0.265,75,0.0068,0.1779,144,0.1077,0.0746,0,-1,-1,94,-0.0208,0.3056,2,-0.3333,-0.2,156,-0.0077,0.0232,1715,0.0201,0.0277,337133,0.0127,0.2085,539,-0.0092,0.2623,0.0037,-0.0018,-0.0022,0
202502,19113,"linn, ia",292200,0.0183,-0.0854,545,-0.0302,0.2616,61,-0.0579,-0.0394,214,-0.0531,-0.0932,4,-0.3333,-0.5,120,-0.2308,0.0526,355,0.2504,0.029,158,0.0342,-0.0125,1657,-0.0066,-0.0671,320081,0.011,-0.0571,879,0.0546,0.1596,0.6505,0.146,-0.147,0
202502,23019,"penobscot, me",289800,-0.0092,0.0369,274,-0.119,0.2834,92,0.0858,-0.1303,102,-0.0727,0.2143,0,-1,,50,-0.2857,0.3158,95,0.2685,0.3125,181,-0.0025,0.0361,1669,0.0045,0.0438,354977,0.0059,0.0027,369,-0.0466,0.2907,0.3449,0.1053,0.0077,0
202502,53057,"skagit, wa",679700,0.0011,-0.0138,191,-0.0129,0.4148,69,-0.0644,-0.0417,100,0.087,0.1628,0,-1,,52,0.2381,0.3,117,0.0737,0.2873,372,0.0057,0.0422,1946,-0.0292,-0.1341,794964,-0.0247,-0.1685,307,0.02,0.3592,0.6099,0.0492,-0.0604,0
202502,20067,"grant, ks",188225,-0.0541,-0.3325,9,-0.2273,1.125,96,0.3392,0.6298,4,0,,0,,,0,-1,-1,9,0.8,2,90,0.036,-0.3525,1795,-0.176,-0.3014,176451,-0.111,-0.4655,17,0.1333,1.4286,1.0588,0.6043,0.3088,1
202502,17135,"montgomery, il",118250,-0.0177,-0.0201,37,-0.0135,-0.1098,78,0.1923,-0.1689,18,2,0,0,,,6,-0.625,-0.5714,19,-0.1556,-0.1163,89,0.0625,0.1746,1453,0.0356,0.0425,152451,-0.0009,0.1406,53,-0.1092,-0.1452,0.5205,-0.0876,-0.0038,0
202502,13287,"turner, ga",170000,0.0218,-0.1371,17,0,0.1724,134,0.0388,1.144,4,0,-0.3333,0,,,4,,0,1,-0.3333,-0.5,104,0.0183,-0.0546,1655,-0.019,-0.13,219297,-0.0147,0.0212,18,0,0.0909,0.0588,-0.0294,-0.0791,1
202502,30019,"daniels, mt",185000,0,-0.3771,10,-0.2308,4,156,0.1863,0.6596,0,,,0,,,0,,,,,,118,0.1369,0.1992,2128,-0.0327,-0.3453,182400,0.0009,-0.3859,10,-0.2308,4,,,,1
202502,48487,"wilbarger, tx",164125,0.3398,0.2772,36,0.3396,0.3654,74,-0.3723,-0.268,12,0.2,0,0,,,4,1,1,3,-0.4545,-0.6471,87,0.1189,-0.0086,1571,0.0498,-0.0266,180637,0.1791,0.0674,37,0.1563,0.0725,0.0845,-0.123,-0.2424,0
202502,38059,"morton, nd",371175,0.1001,-0.0077,71,-0.014,0.0217,62,-0.1773,-0.1773,18,-0.1818,-0.25,0,,,6,-0.625,-0.5,41,0.038,-0.0682,176,0.0154,-0.1178,1920,-0.0139,0.1098,414721,0.0113,-0.0046,111,-0.0045,-0.022,0.5816,0.0291,-0.0561,0
202502,13299,"ware, ga",203675,0.0184,0.1166,137,0.1464,0.5568,85,0.1148,0.0149,42,0.3125,0.2353,0,,,38,0.7273,0.1875,17,0.1724,-0.3061,129,0.0065,0.2291,1770,-0.0145,0.1002,269863,-0.0292,0.244,146,0.1542,0.3036,0.1241,0.0027,-0.1543,0
202502,13273,"terrell, ga",145475,0.0073,-0.0584,20,0.25,0.7391,78,-0.3142,-0.2857,8,-0.2,0.3333,0,,,4,0,1,7,0.4,6,83,0.052,-0.1689,1752,-0.1631,-0.0166,288746,-0.0861,-0.136,27,0.2927,1.2083,0.35,0.0375,0.263,0
202502,48195,"hansford, tx",77500,-0.2421,-0.5514,14,0.2727,1.5455,29,-0.6607,-0.4519,0,,-1,0,,,0,,,1,0,0,61,-0.0945,-0.3246,1359,-0.1012,-0.3578,123136,-0.1657,-0.5259,15,0.2083,1.4167,0.0714,-0.0195,-0.1104,1
202502,39117,"morrow, oh",307400,-0.099,-0.0049,44,-0.1031,0.5536,57,-0.0216,0.6214,32,0.6,1,0,,,12,-0.25,-0.3333,26,0.1556,-0.0545,192,0.0167,0.0403,1662,-0.0642,-0.0517,426886,0.0341,0.2544,72,0.0213,0.2743,0.5977,0.1338,-0.3844,1
202502,18165,"vermillion, in",153675,-0.0823,-0.0686,38,0.0714,0.3636,56,-0.2991,-0.1604,16,1,0.1429,0,,,10,0.6667,0.25,25,0.0426,0.5313,90,-0.0563,-0.1725,1591,-0.1198,-0.0829,187896,-0.137,-0.1004,62,0.0424,0.382,0.6533,-0.0181,0.0715,0
202502,37139,"pasquotank, nc",389900,0.0269,0.2517,141,0.0977,0.3775,54,-0.1769,0.049,54,-0.3415,-0.1818,2,,-0.5,26,0.8571,0,84,0.2632,0.05,185,-0.0105,0.0805,2053,0.0182,0.1531,372692,0.0054,0.1819,219,0.1587,0.2408,0.5979,0.0783,-0.1864,0
202502,48023,"baylor, tx",134500,-0.1107,0.4624,24,0.1163,0.3333,72,0.063,-0.4225,4,0,1,0,,,4,1,1,5,0.125,0.2857,91,0.0048,0.3878,1734,0.0071,0.209,204921,-0.0271,0.7592,27,0.0588,0.2558,0.1875,0.0015,-0.0069,1
202502,28001,"adams, ms",293625,-0.0153,0.028,154,0.0166,0.5584,125,0.0572,0.0225,26,0.0833,-0.1875,0,,,22,0.2222,2.6667,33,0.2941,0.3469,123,-0.035,0.0404,2369,0.01,0.0177,415607,-0.0148,0.0031,185,0.0696,0.4939,0.215,0.0461,-0.0337,0
202502,49041,"sevier, ut",379900,0,-0.1404,78,-0.0545,0.0909,96,0.1098,0.0026,16,0.1429,-0.2,0,,,12,0.2,-0.25,22,0.4333,0.3438,199,0.0908,0.2541,2120,-0.0028,-0.1986,512592,0.0785,0.0668,99,0.0102,0.1445,0.2756,0.0938,0.0519,1
202502,19067,"floyd, ia",150125,0.0042,-0.2294,38,-0.0506,0.4706,115,0.0853,0.5793,10,0.25,-0.375,0,,,0,-1,-1,12,-0.04,-0.2941,85,-0.0994,-0.02,1692,0.128,-0.1918,173892,-0.0014,-0.1854,50,-0.01,0.1647,0.32,0.0035,-0.3467,1
202502,34017,"hudson, nj",612500,0.0025,-0.0576,777,-0.0133,0.043,41,-0.2254,0.0061,376,0.1824,0.0053,8,0.3333,0.3333,102,0.3784,0.0625,530,0.0066,-0.0425,556,0.0158,-0.0466,1100,-0.0128,-0.025,769631,-0.001,-0.0537,1284,-0.0031,0.0102,0.6825,0.0136,-0.0609,0
202502,29059,"dallas, mo",277450,-0.0091,0.0592,73,0.0429,0.7805,104,0.169,0.451,18,0.5,0,2,,,14,-0.125,0.75,13,0.5294,-0.2571,170,0.0017,0.0775,1463,-0.0531,-0.0365,362065,-0.0046,0.2377,86,0.0955,0.4701,0.1781,0.0567,-0.2487,0
202502,36005,"bronx, ny",327000,-0.0076,-0.0354,852,0.0826,0.0271,91,-0.0499,-0.0718,242,0.2872,0.1101,14,0.1667,0,100,0.2195,-0.1379,441,-0.0382,1.6566,329,0.0009,0.0108,975,-0.0238,-0.025,505458,-0.0158,-0.0761,1278,0.0323,0.2996,0.5179,-0.0651,0.3177,0
202502,55013,"burnett, wi",294000,0.0244,-0.0068,54,0.0286,0.4595,103,0.2638,-0.1575,20,4,0.25,2,,,2,-0.6667,-0.6667,25,0.2195,-0.0741,209,0,0.0356,1265,0.0161,0.01,405905,0.0114,0.1803,76,0.0704,0.1969,0.463,0.0725,-0.2668,0
202502,31029,"chase, ne",232500,0.0751,0.2466,18,-0.1026,0.8421,114,0.0507,0.7674,0,-1,-1,0,,,0,-1,-1,4,0.6,1,104,-0.0349,0.0725,1997,-0.0132,-0.2593,278751,-0.0246,-0.0518,22,-0.0227,0.9545,0.2286,0.1004,0.018,1
202502,27097,"morrison, mn",277175,0.0008,-0.1426,46,-0.0108,0.5593,66,0.048,-0.3367,16,0.3333,-0.3333,0,,,10,-0.375,1.5,21,-0.0465,-0.1961,150,-0.0836,0.0682,1782,0.0142,-0.1989,309820,-0.0242,-0.1578,67,-0.0221,0.243,0.4457,-0.0167,-0.4188,1
202502,06085,"santa clara, ca",1398444,0.0294,-0.0186,970,0.3578,0.5054,20,-0.4805,-0.0361,1228,0.3204,0.3008,50,0.6667,2.5714,204,0.5,0.9245,748,0.5698,0.0108,880,0.0345,-0.0021,1526,0.0114,-0.0303,2043117,0.0035,-0.058,1717,0.4874,0.2525,0.7715,0.1042,-0.3775,0
202502,19031,"cedar, ia",257500,-0.0189,0.0842,63,0.0244,0.4,62,-0.2706,0.0248,12,-0.5,-0.4545,0,,,14,0.4,0.75,11,0.1579,-0.4634,141,0.0005,0.0592,1949,0.0222,-0.0828,279761,0.0333,0.0786,74,0.028,0.2049,0.1746,0.0201,-0.281,0
202502,39109,"miami, oh",283875,0.0172,-0.1042,135,-0.1594,0.3938,58,0.0455,0.369,58,-0.2927,-0.383,0,-1,-1,56,-0.2821,0.2727,119,0.0303,-0.0916,166,0.0286,0.0336,1748,0.0218,-0.0449,338000,0.0008,-0.1085,247,-0.0819,0.1029,0.8848,0.1629,-0.4728,1
202502,02020,"anchorage municipality, ak",443500,-0.0273,0.0197,266,-0.1029,0.2372,52,-0.2852,0.2235,222,0.2065,0.1684,14,2.5,0.4,86,-0.1887,0.7917,304,0.2044,-0.0789,251,0.0097,0.0121,1716,-0.0475,-0.0683,566019,-0.0288,0.0337,567,0.0207,0.0366,1.141,0.2911,-0.3916,0
202502,27075,"lake, mn",307725,0.0855,0.0451,40,-0.1304,-0.2,90,0.0909,-0.0955,12,0.5,-0.1429,0,,,8,3,-0.3333,17,-0.0833,-0.25,192,0.0654,-0.0407,1657,-0.0371,0.2004,394726,-0.0066,0.0754,56,-0.125,-0.2057,0.4125,0.0212,-0.0275,0
202502,13247,"rockdale, ga",337150,-0.0068,-0.0378,413,0.0713,0.2328,65,-0.2073,0.3265,166,0.766,-0.0119,10,-0.4444,0.6667,136,0.3333,0.4167,130,0.1207,0.0924,158,0.0058,-0.0328,2076,-0.0038,-0.0187,388619,-0.0202,-0.0795,533,0.0682,0.1794,0.3148,0.0139,-0.0405,0
202502,48217,"hill, tx",264225,-0.0067,-0.0453,201,0.0281,0.3581,94,-0.0157,0.3416,46,0.3529,0,0,,-1,66,0.32,0.4348,38,-0.0132,-0.2347,174,0.0115,-0.016,1698,-0.0198,0.0143,378846,-0.0253,-0.0028,238,0.0193,0.2112,0.1866,-0.0078,-0.1445,0
202502,27101,"murray, mn",290000,-0.0828,0.45,15,0,0.1111,175,0.1911,0.9497,4,0,0,0,,,4,0,0,5,0,-0.55,135,-0.1017,0.3294,2281,0.0167,0.423,318657,-0.1336,0.5126,19,-0.05,-0.2083,0.3,0,-0.4407,0
202502,25021,"norfolk, ma",849450,0.0494,-0.0561,480,0.0137,0.0738,31,-0.3474,0.0333,392,-0.105,-0.1327,0,-1,-1,90,-0.1964,0.0714,98,0.2037,-0.1096,454,0.0107,-0.0238,2069,0.0963,-0.0042,1690840,0.1427,0.0758,580,0.0376,0.0413,0.2031,0.0321,-0.0418,0
202502,46037,"day, sd",349000,0,-0.2292,13,-0.0741,0.3889,126,0.153,0.9498,2,-0.5,,0,,,0,,,1,-0.6,,144,-0.1108,-0.1294,1674,-0.1086,-0.3435,573739,-0.0637,0.3378,13,-0.1875,0.4444,0.08,-0.1052,,1
202502,29141,"morgan, mo",345725,-0.0021,-0.1076,106,0.2197,0.2057,99,-0.0223,0.1898,48,2,1,0,,,16,0.6,-0.2,22,0.375,0.1579,195,0.0596,-0.0456,1750,-0.0632,-0.1283,499823,0.0706,-0.2207,128,0.2439,0.1806,0.2085,0.0236,-0.0086,1
202502,12055,"highlands, fl",306450,0.005,-0.0496,836,0.0616,0.21,77,-0.0065,0.1769,264,0,0.0394,14,1.3333,0.4,306,0.2857,0.4712,217,0.4564,-0.0225,194,-0.0028,-0.0139,1574,0.0006,-0.0423,354142,-0.0194,-0.0374,1051,0.1247,0.1486,0.2597,0.0704,-0.0618,0
202502,36085,"richmond, ny",714500,0.0208,0.0318,574,-0.0213,-0.1336,74,-0.0133,0.1341,266,0.1083,-0.0634,6,0.5,0,142,0.0923,-0.2283,732,-0.0272,0.0917,467,0.0223,0.0263,1481,0.0007,0.0109,891555,0.0152,0.0988,1292,-0.0171,-0.013,1.2753,-0.0078,0.2632,0
202502,20207,"woodson, ks",82938,-0.2285,-0.6927,6,0.5,-0.3333,52,-0.4607,-0.3662,2,,0,0,,,2,,-0.5,3,-0.1667,1.5,47,-0.2388,-0.5747,1668,-0.0959,-0.1182,186556,0.5015,-0.2961,9,0.2143,-0.15,0.4167,-0.3333,0.3056,1
202502,56027,"niobrara, wy",89750,-0.1747,-0.5669,3,-0.1667,-0.375,112,-0.1761,-0.4244,0,,,0,,,0,,,2,-0.25,,46,-0.3155,-0.5591,1794,0,-0.0935,100917,-0.337,-0.7723,4,-0.2,0,0.6,-0.0667,,1
202502,38069,"pierce, nd",153750,0.0149,-0.4853,10,0.0526,1.2222,128,-0.1207,1.9825,4,,,0,,,0,,-1,2,0,3,99,0.4724,-0.1858,2244,-0.0713,0.0298,192530,0.139,-0.3287,12,0.0909,1.4,0.2,-0.0105,0.0889,1
202502,48051,"burleson, tx",281450,0.0026,0.0055,101,0.005,0.2036,126,0.086,0.5491,22,0.2222,0.375,2,,,16,0,-0.1111,19,0.1176,0.4074,175,-0.0388,-0.002,1723,0.0324,0.028,422760,0.0114,0.0498,118,0.0129,0.2165,0.1891,0.0191,0.0274,0
202502,26133,"osceola, mi",220000,0.0765,0.0368,76,-0.0131,0.8193,102,0.0099,0.2432,22,0.1,0.375,0,,,14,0.75,0.4,24,-0.1111,0.0909,136,0.0518,-0.0701,1655,0.0344,0.0747,324450,0.0816,0.0006,100,-0.0245,0.6048,0.3179,-0.0351,-0.2122,0
202502,29041,"chariton, mo",279500,-0.0359,0.4045,10,0.0556,-0.2963,160,0.024,3.0506,4,,1,0,,,0,,,3,-0.5,0.6667,110,0,-0.2563,1508,-0.3476,0.2947,216035,-0.1568,0.0555,12,-0.0769,-0.2,0.2632,-0.2924,0.152,1
202502,16057,"latah, id",475000,-0.0102,-0.2139,43,-0.0549,-0.0947,105,0.0995,0.4789,22,0.375,-0.3529,2,,,10,0.6667,-0.1667,28,0.5135,0.2444,270,-0.0059,-0.0009,1923,0.0013,-0.175,599940,0.0304,-0.286,71,0.1181,0.0143,0.6512,0.2446,0.1775,1
202502,39111,"monroe, oh",182000,0.0706,0.0769,21,-0.18,-0.0465,119,0.2997,-0.1405,6,,0,0,,,2,-0.5,-0.5,11,0.2353,0.5,101,0.0016,0.3544,1633,0.0455,-0.2412,216493,0.0408,0.1123,32,-0.0303,0.1228,0.5122,0.1722,0.1866,0
202502,28041,"greene, ms",160000,0,0.0667,13,-0.037,0.0833,142,0.0779,-0.0765,2,,-0.75,0,,,0,,-1,5,0,-0.0909,98,0,0.3585,1700,0,-0.0041,349110,0.3444,0.7074,18,-0.027,0,0.3846,0.0142,-0.0737,1
202502,39097,"madison, oh",358248,0.1153,-0.0075,50,-0.1379,0.7241,60,-0.0246,0.1226,24,-0.0769,0.5,2,,,20,-0.0909,0,48,0.1585,0.5574,200,0.0644,0.0104,1760,0.0465,-0.0257,431461,0.0983,-0.0868,100,-0.0148,0.7241,0.95,0.2431,-0.1017,0
202502,40113,"osage, ok",354750,0.0601,0.2275,77,-0.0667,0.1159,67,-0.1754,0.0806,24,-0.0769,-0.3684,2,0,0,18,0.125,-0.1818,36,-0.04,-0.3271,160,0.008,0.2289,2186,0.006,0.009,432075,0.018,0.2721,113,-0.0622,-0.0776,0.4675,0.013,-0.3078,0
202502,02105,"hoonah-angoon census area, ak",227500,-0.0714,0.1597,4,-0.1111,-0.6522,219,0.3242,-0.1515,0,,,0,,,0,,,1,0,-0.3333,183,0,-0.3141,1320,0.0154,0.2,212250,-0.1227,-0.1966,5,-0.0909,-0.6154,0.25,0.0278,0.1196,0
202502,41055,"sherman, or",265000,0.1778,-0.2823,3,0.5,0.5,14,-0.7188,-0.8182,2,,,0,,,2,,,2,0,-0.2,169,-0.1075,-0.2709,1700,0.2117,0.1392,309983,0.3006,-0.1604,5,1.25,0.125,0.6667,-0.3333,-0.5833,1
202502,40051,"grady, ok",319500,0.0725,0.131,293,0.0103,0.2033,58,0.0402,-0.1853,90,-0.0426,0.0465,6,0.5,0,66,0.0645,-0.1316,120,0.3483,0.2183,170,0.0311,0.0751,1900,0.0299,-0.0164,349530,0.0324,0.0595,415,0.0752,0.2032,0.4096,0.1027,0.005,0
202502,12131,"walton, fl",909725,-0.0244,-0.0894,2127,0.0524,0.1284,105,-0.0562,0.117,534,0.2775,0.0269,24,0,-0.4,416,0.0196,-0.0235,456,0.0667,-0.1198,565,0.0014,-0.0212,1991,-0.0095,0.0042,1614562,-0.0087,-0.0826,2582,0.0578,0.0754,0.2142,0.0029,-0.0604,0
202502,29085,"hickory, mo",244900,0.0719,-0.056,59,-0.064,0.8,109,0.0333,-0.0419,16,0.6,0,0,,,8,-0.2,0.3333,21,0.64,1.05,160,0.0074,0.1235,1561,-0.0198,-0.0839,281492,-0.0666,-0.0155,78,0.0265,0.8452,0.3504,0.1504,0.0427,0
202502,51820,"waynesboro, va",377500,0.0087,0.1674,60,-0.0476,0.7391,58,-0.0127,0.8492,40,0,0.25,2,0,,10,-0.1667,1.5,73,0.0355,0.6591,208,-0.0108,0.0321,1822,-0.0048,0.0153,399087,0.0149,0.0967,133,0.0231,0.6943,1.2167,0.0976,-0.0587,0
202502,31185,"york, ne",288250,0.2219,0.2279,25,0.2564,0.4,47,0.0333,-0.4114,12,0.5,0.2,0,,,2,-0.5,0,10,0.0556,-0.3448,135,-0.0015,-0.0191,2082,-0.0235,0.0581,342456,0.0473,0.2173,34,0.1754,0.0469,0.3878,-0.0738,-0.4408,0
202502,47113,"madison, tn",329050,0.0545,0.0774,267,-0.0378,0.3185,87,-0.0142,0.0774,78,0.0263,-0.1136,2,0,,74,0.1935,0.0882,99,0.2532,0.0154,157,0.0008,-0.0101,2117,0.0379,0.0475,435218,0.0297,0.1698,367,0.0323,0.2254,0.3708,0.0861,-0.1107,0
202502,08025,"crowley, co",172000,0.2354,0.1133,15,0.0345,0.3043,105,-0.1043,0.1257,6,0,0.5,0,,,4,1,1,2,1,-0.2,136,0.1846,0.1463,1371,0.063,-0.1189,199618,0.1777,-0.059,17,0,0.32,0.1333,0.0644,-0.0841,0
202502,19121,"madison, ia",253950,0.011,-0.3136,55,-0.1679,0.2976,99,0.375,0.32,8,-0.4286,-0.6364,0,,,16,-0.3333,-0.2,18,0.125,-0.0526,209,0.0035,-0.0202,1411,-0.0382,-0.1217,338298,-0.0233,-0.3974,72,-0.1166,0.1803,0.3303,0.086,-0.1221,1
202502,30003,"big horn, mt",291000,-0.03,0.302,14,-0.0345,-0.2,121,0.1772,0.6385,0,,-1,0,,,2,,0,2,0,-0.4286,151,-0.0914,0.3059,2063,0.0238,0.3735,671443,0.0362,1.3629,16,-0.0303,-0.2381,0.1429,0.0049,-0.0571,1
202502,46021,"campbell, sd",77450,0,-0.2048,4,0,0.6,129,0.2786,-0.2328,0,,,0,,,0,,,,,,56,0,0.6091,1849,0,-0.144,105725,0,-0.4043,4,0,-0.1111,,,,1
202502,40041,"delaware, ok",385725,-0.0084,0.0369,293,0.0034,0.481,78,-0.1475,-0.1333,70,0.2069,0.2069,0,-1,-1,50,0.1364,0.3158,62,-0.0159,2.1,208,0.0053,-0.0616,1896,-0.0063,0.009,529950,-0.0357,-0.1718,354,0.0129,0.6389,0.212,-0.0042,0.1107,0
202502,39067,"harrison, oh",147450,-0.1058,-0.1219,36,0.1452,1.3667,92,-0.0419,0.3969,14,0.75,1.3333,0,,,10,0,0.6667,9,-0.3929,-0.5526,113,0.2188,-0.0111,1869,-0.0383,-0.0056,194166,-0.0243,-0.2401,46,0.0111,0.3,0.2394,-0.2122,-1.0272,1
202502,36001,"albany, ny",359900,0.0587,-0.0824,195,-0.1451,-0.0604,69,0.0579,0.0301,122,-0.1029,-0.1286,0,-1,-1,60,0,0.3636,393,0,0.1293,226,0.0277,0.0505,1701,0.0202,-0.0522,416635,0.0355,-0.1114,584,-0.0512,0.0571,2.0206,0.2931,0.3394,0
202502,06053,"monterey, ca",1297000,0,0.0546,388,0.0224,0.2622,61,-0.2453,-0.0122,198,0.0206,0.1786,4,0,0,94,-0.0962,0.3824,170,0.0968,-0.0313,757,0.0283,0.067,1865,0.0173,-0.0045,2766129,0.0127,0.004,555,0.0531,0.1647,0.4387,0.0297,-0.133,0
202502,45033,"dillon, sc",165900,-0.0235,-0.1152,61,-0.0242,0.6806,103,-0.0307,0.2893,12,-0.25,0.2,0,,,12,0,0.2,8,6.5,0.875,112,-0.0284,-0.061,1548,0.0317,0.0614,221422,0.0067,-0.0479,66,0.0397,0.7237,0.124,0.1078,0.0129,1
202502,13171,"lamar, ga",322388,-0.0034,-0.0446,72,0.0362,0.4742,59,-0.3362,0.7537,24,-0.25,0.0909,0,,,32,0.3333,0.7778,29,0.1176,0.0179,182,0.0183,0.1495,1842,-0.0069,-0.081,387269,0.0016,0.0119,100,0.0582,0.3158,0.3986,0.029,-0.1787,0
202502,17117,"macoupin, il",162175,0.0641,0.2022,70,-0.1258,-0.0855,82,0.104,-0.1296,24,0.3333,0.0909,0,,,16,-0.4667,-0.2727,46,0.1818,0.2133,105,0.0236,0.1377,1591,-0.0573,0.1374,203460,0.0039,0.3102,115,-0.0213,0.0222,0.6547,0.1704,0.1613,0
202502,29061,"daviess, mo",399450,0.0457,-0.056,29,0.1875,0.2667,82,-0.2477,-0.2134,8,1,0,0,,,4,0,1,7,0.1667,0.5556,175,0.0045,-0.1662,2270,0.0645,-0.0314,539566,-0.0527,-0.0195,35,0.1667,0.2727,0.2456,-0.0044,0.0456,0
202502,21173,"montgomery, ky",278250,-0.008,0.0119,59,-0.1203,0.0636,84,0.0804,0.6,18,0.8,-0.1,0,,,14,-0.2222,-0.3636,26,-0.1356,-0.0893,159,-0.0437,-0.0582,1693,-0.0088,-0.049,313025,-0.0206,-0.0587,83,-0.127,0.0123,0.4359,-0.0077,-0.0732,0
202502,39021,"champaign, oh",274475,-0.0194,0.3725,38,-0.0625,-0.2105,43,-0.1443,-0.2893,24,-0.0769,-0.2,0,,,24,0.5,-0.0769,36,0.0909,0,156,0.0337,0.1096,1671,-0.0593,0.061,296910,-0.0215,-0.3628,74,0.0208,-0.1302,0.96,0.135,0.2021,0
202502,21045,"casey, ky",270000,0.015,0.108,49,0.0543,0.1687,111,0.016,0.1469,12,1,0,0,,,12,1,0,11,0.6154,-0.0455,154,0.0537,0.1704,1760,0.0079,-0.0283,312553,-0.0086,0.0406,59,0.1028,0.1238,0.2165,0.0752,-0.0486,0
202502,53039,"klickitat, wa",699500,0.0824,0.2024,57,-0.0887,0.0865,143,0.0981,0.1087,16,0.6,0,2,-0.6667,,14,0.1667,-0.125,13,0.087,-0.3902,337,0.0198,0.179,2192,0.0231,0.1311,944704,0.0621,0.3331,69,-0.068,-0.0486,0.2212,0.0358,-0.173,0
202502,42121,"venango, pa",163700,0.0825,0.2126,89,-0.1767,0.0599,119,0.2216,0.1791,18,0.2857,-0.25,0,,-1,10,-0.4444,-0.4444,34,0.283,-0.1707,92,0.003,0.1951,1732,0.1081,0.0337,241874,0.0787,0.1577,122,-0.0861,-0.0121,0.3842,0.1377,-0.1068,0
202502,08095,"phillips, co",359750,0.0279,0.23,22,0.1579,1.4444,85,0.1367,0.1718,6,0,2,0,,,4,-0.5,-0.5,4,0,-0.6,137,-0.0337,-0.0084,2410,0.0818,-0.0062,365829,0.0407,0.1926,26,0.1304,0.3684,0.1818,-0.0287,-0.9293,1
202502,30059,"meagher, mt",526000,-0.1009,-0.2477,10,0.0556,-0.24,169,0.1011,0.2206,2,,,0,,,0,-1,,1,0,-0.5,196,0.0299,-0.3281,2285,-0.0554,-0.127,606775,-0.0249,-0.1732,10,-0.05,-0.2692,0.1053,-0.0058,-0.0547,1
202502,41007,"clatsop, or",566000,-0.0233,-0.0402,184,0.0082,0.1993,122,0.1329,0.209,46,0.2105,-0.1154,2,0,-0.6667,36,-0.25,-0.25,44,0.3333,-0.1111,349,0.0302,-0.0279,1816,-0.0184,-0.0467,817535,0.0115,-0.013,224,0.0395,0.1147,0.2398,0.0585,-0.0837,0
202502,48207,"haskell, tx",172250,0.1353,0.405,20,-0.0698,-0.0909,114,-0.0319,0.2037,2,0,0,0,,,0,-1,-1,6,0.8333,-0.3529,107,0.2134,0.4667,1841,-0.0482,0.1342,182327,0.109,-0.4244,25,0.0204,-0.2063,0.275,0.1355,-0.1114,0
202502,12057,"hillsborough, fl",424916,0.0117,-0.0212,5533,0.0493,0.3487,68,-0.0625,0.2273,2318,0.0594,0.0498,88,-0.1373,0.0233,2618,0.1761,0.2361,2173,0.2704,-0.1298,241,0.007,-0.0012,1778,0.0023,-0.0073,640664,0.0101,-0.0197,7706,0.1039,0.1682,0.3927,0.0683,-0.2159,0
202502,22069,"natchitoches, la",298750,0.0214,-0.0074,84,0.006,-0.0176,105,0.0269,0.0396,28,0.75,0.5556,0,,,14,1.3333,2.5,26,0.1591,2,147,0.0145,0.1203,1979,-0.0081,-0.0426,340778,0.0514,0.0425,108,0.0238,0.1685,0.3054,0.0403,0.2054,0
202502,17093,"kendall, il",439000,0.063,0.0212,129,-0.0789,-0.0375,38,-0.2284,0.2562,126,0.3125,-0.137,14,0.75,,30,0,-0.1176,198,0.0025,-0.0982,189,0.0131,0.0071,2225,0.0417,-0.0702,485745,0.0687,-0.0225,331,-0.0119,-0.0543,1.537,0.1248,-0.1035,0
202502,37017,"bladen, nc",235000,-0.0349,0.0364,54,0.0094,0.5507,101,0.1676,0.0831,12,1,0.2,0,,,16,0.1429,0.6,17,-0.1282,-0.1282,149,-0.0553,0.1208,1459,-0.0149,-0.102,269363,-0.0662,0.087,71,-0.0274,0.3271,0.3178,-0.0502,-0.2475,0
202502,01087,"macon, al",153000,0.0166,0.53,27,0,-0.0182,107,-0.0658,0.3148,14,1.3333,2.5,0,,,0,-1,-1,6,-0.1429,0.2,99,0.0058,0.5075,1512,-0.0372,-0.004,354322,-0.2001,1.3006,34,0,0.0152,0.2222,-0.037,0.0404,1
202502,12129,"wakulla, fl",333450,0.0176,0.0698,207,0.0248,-0.1118,52,-0.1488,0.0404,62,0,0.2917,8,3,1,54,0.2857,-0.0357,74,0.1221,2.675,195,0.026,0.0229,1560,0.0304,0.0421,399669,0.0359,0.1498,282,0.0465,0.1193,0.3559,0.0309,0.2699,0
202502,21051,"clay, ky",192000,-0.0154,-0.0278,25,0.0208,0.225,106,0.06,0.0761,10,1.5,0.6667,0,,,2,-0.5,0,9,0.0588,0.6364,118,-0.004,0.106,1542,0.0198,-0.1699,236301,0.0127,0.1554,33,0.0154,0.32,0.3673,0.0132,0.0923,0
202502,42123,"warren, pa",151800,0.0139,-0.08,59,-0.0248,0.1683,118,0.1408,0.5986,22,1.2,0.1,0,,,6,-0.625,-0.5,29,-0.05,-0.05,98,-0.0006,0.0133,1729,-0.008,-0.0092,328057,0.0061,0.4832,88,-0.0169,0.0802,0.4831,-0.0128,-0.111,0
202502,20173,"sedgwick, ks",295000,-0.0016,-0.0923,1180,-0.0332,0.4824,61,-0.1493,-0.1155,562,0.1564,0.0524,14,-0.5333,-0.2222,334,0.2946,0.6373,618,0.3011,-0.0183,149,0.0077,0.0085,1988,-0.0157,-0.0458,343234,0.0029,-0.0857,1794,0.0556,0.2656,0.5237,0.1345,-0.2671,0
202502,21007,"ballard, ky",152975,0.0898,0.1642,11,-0.2222,0.3125,86,-0.0391,2.8222,6,,2,0,,,4,0,,3,-0.375,-0.6429,92,0.0519,0.0541,1668,0.0036,0.1347,169610,0.0745,0.1538,13,-0.2778,-0.1333,0.2381,-0.0582,-0.6369,1
202502,31069,"garden, ne",399000,-0.0185,2.1573,5,-0.0909,-0.7368,184,0.0967,-0.3426,0,,-1,0,,,0,,-1,2,1,1,380,0.312,5.9693,2910,0.1853,1.1741,759400,0.1457,1.5747,7,0,-0.6667,0.4,0.2182,0.3474,1
202502,39049,"franklin, oh",294975,-0.0001,-0.1168,1574,-0.0311,0.4581,46,-0.1481,0.4839,1146,0.1105,0.0324,30,0,0.25,774,0.0661,0.6974,1256,0.2406,0.4308,201,0.0135,0.0068,1436,-0.0017,-0.0926,376388,0.0131,-0.101,2840,0.0667,0.4493,0.7976,0.1747,-0.0152,1
202502,48443,"terrell, tx",100000,0,-0.4286,3,0,-0.4,126,0.2872,1.2411,0,,,0,,,0,,,,,,85,0,0.059,1320,0,-0.3423,122467,-0.02,-0.2351,3,0,-0.4,,,,1
202502,27087,"mahnomen, mn",152450,0.0189,0.8149,4,-0.2,-0.6667,77,-0.2701,1.2319,0,-1,,0,,,0,,,5,0.25,1.5,127,0.0504,0.572,1948,0.1031,0.7455,299850,0.1224,2.0588,9,0.0588,-0.3571,1.25,0.45,1.0833,1
202502,29043,"christian, mo",349950,-0.0001,-0.0791,325,-0.0241,0.7261,50,-0.1667,-0.0244,134,0.0806,-0.0147,4,0,1,94,-0.1455,0.5161,190,0.4615,0.2838,182,0.0027,0.0023,1955,0.0006,-0.0693,480601,-0.0309,-0.1088,510,0.1088,0.4985,0.5855,0.1945,-0.2017,0
202502,54031,"hardy, wv",313450,0.0846,-0.2007,23,0,-0.0625,94,-0.0833,-0.1744,8,3,0,0,,,6,,2,14,-0.2059,0.5,199,-0.0065,0.1536,1762,0.0316,-0.2151,411009,0.1535,0.0327,36,-0.1125,0.0597,0.6,-0.1556,0.225,1
202502,26037,"clinton, mi",381675,0.0023,0.0149,103,-0.0553,0.5891,51,0.0049,-0.3322,40,-0.2593,0,0,,,30,-0.1176,1.1429,75,0.1732,0.1119,180,0.0284,-0.043,1989,-0.0264,0.0294,389547,-0.0009,-0.0903,178,0.029,0.3396,0.7268,0.1416,-0.3119,0
202502,19193,"woodbury, ia",229000,-0.0148,0.018,142,-0.0274,-0.0173,59,-0.1397,-0.1522,68,0.1333,-0.0286,0,,,44,0.2222,-0.1852,33,0.0317,0.1404,135,-0.0265,-0.0104,1657,0.0156,-0.0394,285698,-0.0191,-0.0032,173,-0.0254,-0.0029,0.2289,0.0131,0.0316,0
202502,40081,"lincoln, ok",254000,0.0328,-0.0277,135,0.0267,1.1694,85,-0.0556,0.193,48,0.4118,0.7143,2,0,,34,0,0.5455,40,0.4107,-0.0125,146,0.0115,0.0519,1732,-0.0059,0.0026,361666,-0.004,0.1323,174,0.0878,0.6763,0.2937,0.0799,-0.3515,1
202502,24021,"frederick, md",539000,0.0256,-0.0353,330,-0.0323,0.3836,30,-0.1918,0.1132,222,-0.0976,-0.2649,28,0.5556,-0.6111,110,0.5278,0.8966,312,0.1452,-0.1431,247,0.0387,0.0433,2238,-0.0056,-0.0704,632682,0.0435,-0.0576,632,0.0369,0.0318,0.9439,0.1463,-0.5802,0
202502,17029,"coles, il",133725,-0.0511,0.0386,72,0.2203,0.9726,73,0.1154,0.3303,32,1,-0.0588,0,,,18,0.125,0.8,41,0.1389,-0.2807,94,-0.0539,0.3189,1587,-0.0003,-0.1802,194439,0.0404,0.1901,107,0.1568,0.1383,0.5694,-0.0407,-0.9922,0
202502,18011,"boone, in",418748,-0.0279,0.0703,102,0.0099,0.0515,64,0.0539,0.1545,80,0.9048,0.1429,0,,-1,40,0,-0.1304,84,0.1053,-0.2971,187,0.0706,0.0184,2466,-0.0445,-0.0059,845671,0.0093,0.0056,186,0.051,-0.151,0.8235,0.0711,-0.4084,0
202502,42069,"lackawanna, pa",265448,-0.0346,0.132,265,-0.0451,0.1303,73,0.0174,0.0815,122,0.2449,0.1091,4,1,0,86,-0.0851,0.2647,155,0.0616,-0.1689,153,-0.0006,0.1274,1823,-0.0087,0.0429,359681,-0.0081,0.2438,420,-0.0106,0.0036,0.586,0.0589,-0.211,0
202502,36053,"madison, ny",330750,0.1211,0.0576,65,-0.0077,-0.1887,86,0.055,-0.0086,26,0.625,-0.1875,0,,,6,-0.4,-0.4,90,-0.011,-0.0529,187,0.1104,0.0385,1616,-0.0494,-0.0394,447611,0.0186,0.3244,154,-0.0097,-0.1254,1.3876,-0.0047,0.1989,0
202502,08087,"morgan, co",354950,-0.0238,-0.02,113,-0.0813,0.6028,87,0.0117,0.0613,32,0.0667,0.2308,0,-1,-1,34,0.1333,0.8889,32,0.1053,-0.16,177,0.011,-0.0203,2222,-0.0254,-0.0648,446572,-0.0128,0.0452,146,-0.0267,0.3839,0.2788,0.0471,-0.2532,0
202502,55111,"sauk, wi",363425,-0.0403,-0.0734,113,0.0321,0.1029,78,0.0196,-0.1333,52,0.2381,0.04,2,,,22,0.375,0.2222,59,-0.0331,-0.025,203,-0.0128,-0.0378,1934,0.0246,0.0406,531976,-0.0052,-0.0342,173,0.0207,0.055,0.52,-0.035,-0.0682,0
202502,46043,"douglas, sd",84900,0,-0.4855,4,-0.3636,-0.125,136,0.2593,0.2535,0,-1,,0,,,0,,,1,0,0,65,-0.0436,-0.5348,1432,-0.0301,-0.096,125363,-0.0075,-0.4162,5,-0.1667,0,0.2857,0.1039,0.0357,1
202502,48493,"wilson, tx",521950,-0.0057,0.0449,232,0.0569,0.0642,84,-0.0088,-0.0968,80,0.9048,0.8182,8,0.3333,1,78,0.1818,0.0541,43,0.2319,-0.2273,227,-0.0087,0.0075,2257,-0.0076,-0.0065,501137,-0.0166,-0.0554,274,0.0787,0.0111,0.1832,0.026,-0.0691,1
202502,19055,"delaware, ia",259375,-0.0211,-0.2549,35,-0.0541,0.1864,80,-0.144,-0.1832,12,0.2,2,0,,,6,2,0,12,0.5333,1.5556,130,-0.0238,-0.2849,1625,0.041,-0.2095,293273,0.0264,-0.266,47,0.0333,0.3676,0.3286,0.1259,0.176,1
202502,49039,"sanpete, ut",549000,0.0686,0.1877,115,0.0455,0.8699,108,0.0488,0.3694,28,0.0769,0.0769,0,,,20,-0.0909,0.1111,25,0.0638,0.087,190,0.0456,0.0302,2952,-0.0135,0.1404,621866,0.0238,0.0492,140,0.0448,0.6471,0.2174,0.0038,-0.1566,0
202502,06105,"trinity, ca",377475,-0.0066,-0.0444,121,0.0756,0.0568,132,-0.0832,0.0038,24,0.7143,0.2,0,,,24,0.5,1.4,12,0.2778,-0.08,228,-0.0285,-0.0872,1649,-0.0009,0.0953,415756,-0.0354,-0.0773,132,0.082,0.0476,0.095,0.015,-0.0141,0
202502,06029,"kern, ca",391249,0.0033,0.0297,1796,0.063,0.5543,49,-0.1695,0.0889,818,-0.0049,0.1619,58,0.0741,-0.0333,536,0.1308,0.729,917,0.117,-0.0413,236,0.0032,0.0469,1648,-0.002,-0.0201,451040,0.0191,0.0273,2707,0.0869,0.2937,0.5103,0.0247,-0.317,0
202502,51107,"loudoun, va",827041,0.0148,0.0159,427,0.1558,0.3043,20,-0.5122,-0.4595,436,0.3711,0.2749,30,0.3636,-0.6875,140,0.6279,0.5909,439,0.2044,0.1185,305,0.0006,-0.0353,2722,0.0102,0.0163,1028381,-0.0271,-0.1366,864,0.1748,0.1968,1.0293,0.0415,-0.171,0
202502,49031,"piute, ut",487500,-0.0249,0.3608,9,0.5,2.6,60,-0.377,-0.3882,0,-1,,0,,,0,,-1,2,,0.5,240,0.0254,0.3927,2277,-0.0362,0.079,562615,-0.0713,0.5726,10,0.5833,2.1667,0.1667,,-0.2333,1
202502,05087,"madison, ar",475000,-0.0026,0.4179,63,0.0163,0.1261,87,0.1013,-0.2643,10,-0.4444,-0.1667,0,,,10,0,0.25,21,0.2,0.1351,210,-0.0211,0.1433,1795,0.0163,0.0629,658751,0.0405,0.0913,82,0.0314,0.1156,0.336,0.0514,0.0027,0
202502,26129,"ogemaw, mi",214675,0.1299,0.0225,53,-0.1092,0.191,101,0.1789,0.0954,12,0.2,-0.25,0,,,8,-0.2,1,21,0.1081,-0.0465,143,0.0199,-0.0425,1443,0.0229,0.04,326171,0.0614,-0.0798,74,-0.0577,0.097,0.3868,0.0759,-0.0964,0
202502,02122,"kenai peninsula borough, ak",426000,0.0296,0.0931,221,-0.0475,0.0782,142,0.0778,0.382,56,0.2174,-0.2,2,,,24,-0.0769,-0.25,74,0.4095,-0.103,254,0.0162,0.0796,1809,0.0481,0.0944,534302,0.0566,0.1454,297,0.0514,0.0459,0.3356,0.1088,-0.0678,0
202502,53009,"clallam, wa",550000,0,-0.063,158,-0.0277,0.2441,79,0.057,0.0129,60,-0.1667,0.0714,0,-1,,22,-0.3529,-0.3125,72,0.1163,-0.1479,315,-0.0013,0.0105,1879,-0.009,-0.0951,716119,0.0011,-0.0168,230,0.0246,0.1141,0.4557,0.0588,-0.2097,0
202502,37125,"moore, nc",454208,-0.0044,-0.0184,494,-0.0237,0.3824,86,0.0088,0.1093,216,0.3012,-0.027,24,1,1,98,-0.0755,0.1395,299,0.2922,-0.0995,210,-0.0009,0.0014,2314,0.0024,0.0074,592123,-0.0072,-0.0068,786,0.0738,0.1518,0.6049,0.1479,-0.3237,0
202502,38077,"richland, nd",354650,-0.039,0.0121,49,-0.0485,0.0769,107,0.0071,0.6641,10,-0.1667,0.25,0,,,6,0.5,0.5,8,-0.1176,-0.3182,163,0.009,0.0203,1996,-0.0294,-0.0712,376171,-0.0394,0.0536,57,-0.042,-0.0087,0.1531,-0.012,-0.0887,0
202502,28047,"harrison, ms",295340,0.0169,0.0184,895,0.0299,0.1322,88,-0.0591,0.2111,314,0.163,0.1805,24,0,-0.1429,262,0.0826,0.0155,352,0.095,-0.0277,161,0.0155,0.0091,1724,0.001,0.0267,374785,0.0132,0.0586,1252,0.053,0.0906,0.3927,0.0233,-0.0646,0
202502,40047,"garfield, ok",190950,0.1006,-0.2173,171,-0.0858,-0.0229,68,-0.0993,0.0462,60,-0.0323,-0.0909,2,-0.6667,,54,0.5882,-0.069,68,0.2054,-0.2059,115,0.0433,-0.0409,1732,0.0308,-0.1448,240792,0.0848,-0.0979,242,-0.0021,-0.0676,0.3959,0.0956,-0.0912,1
202502,28053,"humphreys, ms",108800,-0.2285,0.2039,9,-0.1,1.25,104,0.5,0.067,2,0,,0,,,2,0,,2,1,-0.4286,70,-0.0803,0.1535,1999,-0.0867,0.2944,166582,-0.1046,0.7562,11,0,0.5714,0.2222,0.1222,-0.6528,0
202502,01007,"bibb, al",309350,-0.0164,0.2984,29,0.2667,-0.2875,77,-0.1296,-0.2961,10,0.25,-0.2857,0,,,4,-0.3333,-0.3333,6,-0.3529,0.1,135,0.0213,0.1414,2139,-0.0771,0.1375,338529,-0.0288,0.3243,34,0.0794,-0.2273,0.193,-0.1848,0.068,0
202502,48225,"houston, tx",290000,-0.0909,0.11,103,-0.0553,0.0789,90,-0.1841,-0.3449,22,0,0.8333,0,,,6,-0.6667,-0.625,21,0.68,-0.0667,146,-0.0382,0.0259,1888,0.0203,0.0289,341336,-0.067,-0.0411,125,0.0289,0.0596,0.2049,0.0897,-0.032,1
202502,20009,"barton, ks",166000,0.0425,0.3906,64,-0.0078,0.5488,106,0.0846,0.1783,26,0.8571,0.8571,0,,,10,-0.375,1.5,22,0.3438,0.1026,99,0.0218,0.0859,1655,0.0523,0.0959,211815,0.042,0.2256,84,0.0566,0.4359,0.3386,0.0886,-0.137,1
202502,42027,"centre, pa",386698,0.0523,0.0353,140,-0.0508,0.0606,66,-0.216,0.352,76,0.3103,-0.1915,0,,-1,26,-0.2353,-0.2353,127,0.1934,0.0455,189,0.018,-0.0434,1950,-0.0294,-0.0216,424454,0.0235,-0.097,265,0.0496,0.0455,0.9036,0.1849,-0.0131,0
202502,17021,"christian, il",137450,0.0108,0.0789,48,0.0213,0.3151,98,0,-0.0882,26,1.1667,0.4444,0,,,10,0.25,0.25,35,-0.0667,0.25,94,0.0809,0.1547,1705,-0.0023,0.0147,177465,0.0356,0.1358,80,-0.0303,0.25,0.7292,-0.0687,-0.038,0
202502,26097,"mackinac, mi",335850,0.0764,0.1199,44,-0.0638,-0.0737,139,0.0837,0.0753,6,0,-0.4,0,,,4,0,0,11,0.05,-0.25,220,0.0219,-0.0006,1678,0.0061,0.0529,535280,0.0412,-0.1253,55,-0.0439,-0.121,0.2386,0.0259,-0.0561,0
202502,40085,"love, ok",217450,-0.0336,-0.3651,34,0.1333,0.4783,70,-0.0347,-0.3983,14,0.4,0.75,0,,,8,1,1,11,1.3333,0.5,150,-0.055,0.0004,1586,0.08,0.0339,381492,-0.0489,-0.0885,44,0.2429,0.4746,0.3088,0.1588,0.0045,1
202502,35057,"torrance, nm",295000,0.1611,-0.0781,30,0.0351,0.5526,99,-0.2658,-0.2147,8,0,1,0,,,4,-0.3333,1,17,0.1333,0.7895,187,0.1333,0.2391,1741,0.0663,-0.2808,336056,0.157,-0.144,46,0.0698,0.5593,0.5763,0.05,0.0763,1
202502,13105,"elbert, ga",241425,0.0672,0.3015,37,-0.0633,0.5417,74,-0.0841,-0.1378,22,0.1,1.2,0,,,10,0,4,20,0.0833,0.625,139,-0.0137,0.2567,1684,0.0501,0.0039,290683,0.1189,0.0942,58,-0.0171,0.6197,0.527,0.0713,0.027,1
202502,08115,"sedgwick, co",200500,0.0665,-0.3026,14,-0.069,0.9286,110,0.1033,1.0092,4,,0,0,,,2,-0.5,,2,0,0,121,0.0044,-0.0267,1777,0.0459,-0.2026,234832,0.1434,-0.2995,16,0,0.6316,0.1481,0.0102,-0.1376,1
202502,18171,"warren, in",240000,-0.075,-0.04,21,-0.0233,1.1,108,-0.0092,3.0093,4,0,1,0,,,4,0,1,8,1.1429,-0.2105,135,0.0202,0.1469,1860,-0.0388,-0.1032,344621,-0.0043,-0.2429,28,0.12,0.4359,0.3571,0.1944,-0.5929,1
202502,02110,"juneau and borough, ak",471000,0.0086,0.0705,44,-0.0745,0,73,-0.0548,-0.4624,30,0.5,0.6667,0,,,8,-0.3333,3,36,0.2,0.5319,312,0.0038,0.0619,1529,-0.0442,-0.0442,580948,-0.023,0.1235,81,0.0455,0.2105,0.8276,0.1893,0.2874,0
202502,49025,"kane, ut",628500,0.0492,0.1191,126,-0.0735,-0.027,132,0.1968,-0.0654,30,0.6667,0.3636,0,,,14,-0.125,0.75,29,0.0357,1.32,293,0.0065,0.0848,1976,0.0123,-0.0211,805780,0.0678,0.3022,154,-0.0466,0.0887,0.2302,0.0243,0.1336,0
202502,19099,"jasper, ia",223225,0.0181,0.0052,99,-0.1278,0.3289,69,-0.0578,-0.1424,42,0.5,0.1667,0,,-1,30,-0.25,-0.1667,54,0.5882,0.08,168,-0.0559,0.0572,1382,0.0207,-0.0088,273112,0.0007,0.0949,155,0.0333,0.245,0.5455,0.2459,-0.1257,0
202502,26061,"houghton, mi",269725,0.1363,0.5501,37,-0.0976,0.0882,139,0.1614,0.4169,10,0.25,-0.2857,0,,,0,-1,-1,21,0.3548,0,146,0.0168,0.0907,1920,0.0597,0.2636,339454,0.0545,0.4312,57,0,0.0556,0.5676,0.1895,-0.0501,1
202502,22099,"st. martin, la",216375,-0.0165,-0.0751,116,-0.0375,0.4713,82,-0.0912,-0.141,36,0.2,1,0,-1,,44,0.8333,1.4444,36,0.3091,0.1077,120,-0.0403,-0.0941,1800,0.0167,0,281656,-0.0025,-0.0945,153,0.0338,0.3722,0.3117,0.0825,-0.1023,1
202502,51085,"hanover, va",602463,0.0663,-0.0372,174,-0.0279,-0.1553,69,0.0538,-0.0144,96,0.0667,0,8,-0.2,-0.8,34,-0.0556,-0.1905,236,0.1377,0.3652,251,0.0034,0.0399,2495,0.0314,-0.0299,650495,0.0404,-0.0495,401,0.0403,0.0737,1.3534,0.197,0.5161,0
202502,26083,"keweenaw, mi",324500,0.1062,1.4104,10,-0.1667,1.2222,148,0.2343,1.0775,0,,-1,0,,,0,,,4,-0.125,0.75,175,0.044,0.6766,1433,0.021,0.1768,368256,0.0986,0.8722,13,-0.1875,0.8571,0.35,0.0167,-0.0944,1
202502,34041,"warren, nj",399950,-0.0303,0.0021,166,-0.0119,0.0248,49,-0.1595,0.413,94,0.2703,-0.0208,2,,0,26,0.0833,-0.0714,116,0.045,0.0357,229,0.0162,0.059,1998,-0.0862,0.0058,481960,-0.0766,-0.0566,279,-0.0036,0.0127,0.7009,0.0382,0.0074,0
202502,49015,"emery, ut",549500,0.5266,0.6059,14,0.5556,0.5556,50,-0.638,-0.6806,6,0.5,,0,,,0,-1,-1,7,0.0833,0.8571,180,0,0.2902,2298,-0.0325,0.0563,606813,0.0592,0.6056,21,0.4,0.68,0.4643,-0.2024,0.0754,1
202502,20065,"graham, ks",165000,0.0837,0.2332,9,0.125,0.5,127,0.014,0.7639,0,-1,-1,0,,,0,,,,,,80,0.0366,0.0844,1720,0.0456,-0.0108,312611,0,1.154,9,-0.1,0.2,,,,1
202502,46071,"jackson, sd",169900,0,,2,0,,87,0.4786,,0,,,0,,,0,,,,,,69,0,,2349,0,,169900,0,,2,0,,,,,0
202502,20017,"chase, ks",174950,-0.3002,1.7379,2,1,1,18,-0.5723,0.0441,2,,,0,,,0,,,2,0.5,,103,-0.6304,0.1456,1744,0.9464,1.4494,174950,-0.3002,1.7379,4,3,3,0.75,-0.25,0.75,1
202502,13303,"washington, ga",223000,0.0288,0.0878,26,-0.0192,-0.3014,70,-0.3458,-0.2802,14,0.4,1.3333,0,,,8,0.3333,-0.4286,11,0.05,-0.125,114,-0.0513,-0.09,1718,-0.0391,-0.0244,263829,-0.0701,0.0466,37,0.0423,-0.2292,0.4118,0.0271,0.083,1
202502,28067,"jones, ms",246950,-0.021,0.0714,101,0.0924,-0.1625,69,-0.2149,-0.1869,48,0.5,0.5,0,,,32,0.7778,0.3333,41,0.0933,-0.0682,120,-0.0461,0.0415,1957,-0.0555,0.0187,291472,-0.0581,0.0558,139,0.0734,-0.1446,0.408,0.0004,0.0413,0
202502,48435,"sutton, tx",163500,-0.0451,-0.3616,20,0.1111,1.2222,123,0.0041,0.002,0,,-1,0,,,2,-0.5,,,,,101,-0.0366,-0.061,1996,0,-0.0598,196382,-0.0174,-0.5066,20,0.0526,0.8182,,,,1
202502,42051,"fayette, pa",162425,-0.0156,0.2078,211,-0.0409,0.0576,96,0.0132,0.0464,64,0.1852,-0.1795,0,,,48,0.3333,-0.1724,101,0.0412,0,107,-0.055,0.1665,1513,0.0185,0.0211,210540,-0.0248,0.1916,312,-0.0189,0.0383,0.4787,0.0378,-0.0276,0
202502,37045,"cleveland, nc",300000,0.0052,0.0414,291,-0.0284,0.2603,84,0.0665,0.5822,90,-0.0816,-0.0217,0,-1,-1,112,0.1667,0.0182,111,0.1443,0.0725,184,0.0353,0.0348,1679,0.0019,0,362029,0.0102,0.0026,401,0.0256,0.2027,0.3821,0.0577,-0.0669,0
202502,48441,"taylor, tx",252750,-0.0108,-0.0725,557,0.0009,0.1152,64,-0.108,-0.0229,240,0.4634,0.25,16,1.6667,7,170,0.1972,0.1486,236,0.1864,0.0513,156,-0.0087,-0.0172,1799,0.0017,0.0022,341370,0.0191,0.0025,797,0.0501,0.1024,0.4232,0.0662,-0.0257,0
202502,55103,"richland, wi",314225,-0.0767,-0.1838,28,0.0566,0.098,83,-0.0177,-0.1373,12,2,2,0,,,6,-0.4,0.5,8,-0.3182,-0.375,171,-0.0579,-0.1165,1681,-0.0273,-0.011,386680,-0.0253,-0.3542,36,-0.0533,-0.0533,0.2679,-0.1472,-0.2027,1
202502,37055,"dare, nc",683000,-0.0229,-0.0235,489,0.094,0.4554,81,-0.0667,0.0952,154,0.0405,0.4,0,,-1,110,0.1458,0.2791,143,0.2381,-0.12,377,-0.0025,-0.0115,1872,-0.0364,-0.0343,895610,-0.023,-0.0471,624,0.1143,0.243,0.2924,0.034,-0.1912,0
202502,16077,"power, id",380500,0.004,0.01,23,0.2857,0.9565,112,-0.0589,0.5101,10,1.5,4,0,,,0,,-1,1,0,-0.75,163,0.0568,0.0437,2684,0.0546,0.0667,514397,0.1617,0.1386,24,0.2703,0.5667,0.0444,-0.0127,-0.3034,1
202502,30029,"flathead, mt",820250,-0.0215,-0.0347,606,-0.0583,0.0939,117,0.0197,0.104,110,-0.1791,-0.2361,2,0,0,82,-0.1633,0.1081,148,0.1793,-0.01,427,0.0019,0.0258,2103,-0.0203,0.0371,1552311,-0.0068,0.0087,746,-0.0242,0.0612,0.2444,0.0492,-0.0257,0
202502,28137,"tate, ms",315000,0.0002,0.0001,47,-0.1622,0.0449,84,0.3508,0.0601,14,0,-0.4167,0,,-1,12,0,0,31,0.3478,0.1923,151,0.0021,0.0117,2089,0.0065,-0.043,342106,0.0489,0.0385,77,-0.0128,0.0694,0.6667,0.2523,0.0824,0
202502,34007,"camden, nj",337450,-0.006,0.0798,585,-0.006,0.1808,36,-0.2174,-0.0204,422,0.0498,-0.1021,16,0.3333,0.3333,180,0.0843,0.3235,545,0.0977,-0.0939,212,0.0061,0.1004,1555,-0.0089,0.0058,378037,-0.0078,0.071,1114,0.0164,0.0239,0.9324,0.088,-0.2827,0
202502,27139,"scott, mn",530000,0.0145,0.0059,252,0.0203,0.0567,47,-0.2734,0.2237,168,0.0909,-0.1429,8,-0.5,-0.2,50,-0.0385,-0.0741,203,0.2736,0.0858,215,0.0167,0.0227,2450,0.024,-0.0249,666302,0.0232,-0.0055,454,0.1238,0.081,0.8052,0.1601,0.0216,0
202502,08057,"jackson, co",539000,-0.1695,-0.4093,9,-0.1429,0.5,130,0.141,-0.2962,0,,,0,,,0,,,3,0.25,1.5,298,-0.0087,1.1542,1413,-0.2407,-0.7611,1939015,-0.0396,0.1646,12,0.0909,0.7143,0.2778,0.0873,0.1111,1
202502,16001,"ada, id",633198,0.0194,-0.0092,1079,-0.0133,0.1891,40,-0.2946,-0.1771,776,-0.0372,0.1246,88,0.1,0.913,330,0.0784,0.3983,1166,0.2152,0.1431,308,0.0177,0.025,2216,0.0084,-0.0128,823007,0.012,-0.0096,2243,0.0838,0.1661,1.0811,0.2033,-0.0435,0
202502,13253,"seminole, ga",199500,0.0404,-0.2356,36,-0.0139,0.3148,114,-0.0087,0.0654,12,1,0.5,0,,,10,0.25,0.6667,5,0.125,-0.7353,118,-0.0139,0.0132,1524,0,-0.1484,209760,0.0372,-0.2757,39,-0.025,-0.1236,0.1268,0.0156,-0.5029,1
202502,05059,"hot spring, ar",199200,-0.0531,-0.0713,86,0.0118,0.4576,71,-0.0138,0.4394,38,0.4615,0.5833,0,,,24,0.3333,0.3333,27,0.0385,0.0385,124,-0.0158,-0.0066,1704,-0.0913,-0.0093,281517,-0.0353,0.1263,108,0,0.3171,0.314,0.0081,-0.1267,0
202502,36121,"wyoming, ny",161925,0.0625,-0.0744,29,-0.0645,-0.1343,70,0.0072,0.1667,6,-0.625,-0.7273,0,,,6,0.5,2,39,-0.0253,0.4,100,0.0227,-0.0358,1857,0.0477,0.0816,289749,0.1203,0.0751,67,-0.036,0.1074,1.3276,0.0534,0.5067,1
202502,19115,"louisa, ia",173350,0.0064,-0.0864,18,0.0909,0.6364,64,0.114,0.27,8,0.3333,1,0,,,4,-0.3333,1,2,0.3333,1,111,-0.0236,0.1016,1485,0.0786,-0.325,196586,0.0257,-0.2895,21,0.1389,0.8636,0.1111,0.0202,0.0202,1
202502,08091,"ouray, co",861050,-0.0746,-0.2346,69,-0.0743,0.3048,158,0.043,0.0919,16,1.6667,0.1429,2,,,4,-0.7778,1,24,0.2632,2.4286,547,0.0197,0.1324,1982,-0.0616,-0.1735,1144894,-0.1329,-0.2545,91,-0.0215,0.5424,0.3504,0.0936,0.217,1
202502,37171,"surry, nc",296950,0.0069,-0.0098,114,0.0966,0.227,56,-0.047,-0.1679,52,0.3,0.0833,0,-1,,48,0.0909,-0.04,49,-0.1695,-0.1091,203,0.0011,-0.0087,2222,0.0526,0.3286,405742,-0.0059,0.0352,163,0.0062,0.1017,0.4317,-0.1383,-0.1629,0
202502,30031,"gallatin, mt",981000,0.0326,-0.1082,473,-0.0549,0.1195,88,-0.133,0.1282,142,0.0441,0.029,4,,-0.3333,66,0.0313,0.1379,214,0.1994,-0.1141,434,0.019,-0.1664,2191,0.0001,0.0256,2378660,0.0548,0.0275,684,0.0126,0.0348,0.4514,0.0957,-0.119,1
202502,29137,"monroe, mo",249250,0.0473,-0.2068,19,-0.05,0.2667,87,-0.0086,-0.299,6,0.5,-0.25,0,,,4,0,,7,0.4444,0.0833,144,-0.0158,0.1516,2078,0.1645,0.0471,315726,0.0447,0.0009,25,0.0204,0.25,0.3421,0.1171,-0.0579,1
202502,26023,"branch, mi",221450,-0.0411,-0.1439,102,-0.0425,0.0464,77,-0.1331,0.0408,36,0.5,-0.0526,0,,,36,0.2,0.5,41,0.1739,0.2857,152,0.0135,-0.0071,1561,-0.0027,-0.0349,281936,0.0026,-0.1285,144,0.0214,0.1167,0.399,0.0735,0.0743,1
202502,13029,"bryan, ga",449700,0.0004,-0.1585,274,0.0224,1.368,69,0,0.8158,90,-0.1176,-0.1346,2,-0.5,-0.8571,116,0.45,1.5217,130,0.1404,-0.19,211,0,-0.0043,2397,0.0388,-0.0292,669074,-0.0082,-0.2113,401,0.0567,0.4511,0.4753,0.0492,-0.9143,1
202502,17105,"livingston, il",187675,0.0501,0.4448,44,0.0115,-0.0538,65,-0.0478,0.0039,16,-0.2727,-0.2,0,,,8,0,-0.5556,36,-0.027,0.2632,108,0.0581,0.2721,1712,0.0771,0.0411,257940,0.0473,0.524,79,-0.0248,0.0467,0.8182,-0.0324,0.2053,0
202502,13173,"lanier, ga",252400,0.0288,-0.0601,22,-0.1373,0.1,34,-0.4809,-0.1758,10,-0.1667,-0.1667,0,,-1,6,0.5,2,1,,-0.9167,140,-0.123,-0.1386,1639,0.0158,-0.0734,242531,-0.0145,-0.3153,23,-0.1176,-0.3077,0.0455,,-0.5545,0
202502,23021,"piscataquis, me",269950,0.0045,-0.1712,103,-0.0284,0.3576,118,-0.0853,0.0021,24,0.3333,0.0909,0,,-1,8,-0.3333,1,5,-0.1818,-0.625,195,-0.0038,0.0007,1359,-0.0048,-0.1199,341761,-0.0466,-0.1025,106,-0.045,0.191,0.0439,-0.0082,-0.115,1
202502,26065,"ingham, mi",169200,-0.0177,0.0918,394,-0.0901,0.1903,51,-0.2,-0.0049,188,-0.1296,-0.2656,0,-1,-1,114,-0.0952,0.2128,267,0.1438,-0.1161,132,-0.012,0.0645,1430,-0.0069,0.1,249637,0.0226,0.0686,661,-0.0045,0.0426,0.6764,0.1383,-0.2345,0
202502,36079,"putnam, ny",598250,0.0382,0.0315,131,-0.0542,0,67,-0.2443,0.1319,72,0.0286,0.2,4,,1,16,0,0,121,-0.0512,39.1667,306,0.0245,0.0363,2022,-0.0004,-0.0183,855398,-0.0034,0.04,253,-0.0543,0.8914,0.9198,0.0029,0.8969,0
202502,08099,"prowers, co",230000,0.0222,0.0222,27,-0.0357,0.6364,90,-0.0576,0.1881,6,0.5,0.5,0,,,2,0,0,3,1.5,0.25,127,-0.0294,-0.0587,1848,0.0204,0.1738,250861,0.0454,0.0387,29,0.0175,0.4872,0.0926,0.0569,-0.0286,0
202502,24011,"caroline, md",327400,0.0281,0.1905,72,-0.1588,0.2655,83,0.2519,0.2614,22,-0.0833,-0.0833,0,,,16,-0.2727,-0.3333,38,0.4423,0.0417,185,-0.005,0.08,1698,0.0269,0.0885,348538,0.0112,0.111,111,-0.0045,0.1882,0.5245,0.2186,-0.1127,0
202502,37083,"halifax, nc",245000,-0.0097,0.546,85,0.1039,0.5455,74,-0.1732,0.1298,34,0.5455,0.4167,2,,,14,0,0.4,40,0.3559,0.0127,138,0.0341,0.4178,1645,0.0089,0.0202,369185,0.1764,0.8902,123,0.1667,0.3243,0.4706,0.0875,-0.2476,1
202502,16003,"adams, id",749000,-0.0089,-0.097,29,-0.0169,0.0741,157,0.1966,0.8441,6,0.5,-0.5,0,,,0,-1,-1,5,0.125,0.2857,443,0.0056,0.175,2022,-0.0245,-0.1888,1413145,0.0305,0.2063,33,0,0.0476,0.1552,0.0196,0.0255,0
202502,22009,"avoyelles, la",169000,0.0258,0.11,109,-0.0136,-0.0565,120,0.1011,0.0346,18,0.125,-0.4375,0,,,26,0.0833,0.0833,24,0.2973,1.4,98,0.0007,0.0757,1642,0.0178,-0.0213,215265,0.0313,0.2693,132,0.0194,0.052,0.2212,0.053,0.1342,0
202502,06049,"modoc, ca",262250,0.0125,0.1427,43,0.0119,0.4167,105,-0.0047,0.0294,12,0.5,0.5,0,,,4,,0,10,1.2222,0.0526,178,-0.0203,0.0873,1427,0.0106,-0.0192,440597,-0.0321,0.6316,53,0.0938,0.3125,0.2353,0.1282,-0.0814,0
202502,28059,"jackson, ms",262875,-0.0136,0.0557,502,0.0404,0.3193,67,-0.1419,0.0153,176,-0.1698,0.0353,2,-0.6667,-0.8,188,0.4921,0.4242,234,0.1908,0.17,146,-0.0057,0.0694,1798,-0.0011,-0.0011,344337,-0.0188,0.0621,735,0.0841,0.2705,0.4661,0.0589,-0.0595,0
202502,31047,"dawson, ne",281250,0.0183,-0.0209,66,-0.0571,0.1786,119,0.2174,0.3918,12,-0.1429,-0.3333,0,,,12,0.2,0.5,26,0.275,0.3421,144,0.0505,-0.0199,1870,0,0.0809,327956,0.0914,0.0634,92,0.011,0.2105,0.3864,0.1006,0.0471,0
202502,17127,"massac, il",151200,0.12,0.2283,32,0,0.2857,81,-0.0031,2.5109,6,-0.5,-0.6667,0,,,8,-0.2,-0.2,12,0.3333,0.4118,95,0.0569,-0.0087,1544,-0.0103,0.1144,166490,0.0475,0.0794,43,0.0617,0.2836,0.381,0.0952,0.034,1
202502,05023,"cleburne, ar",364450,0.0413,0.002,183,-0.0054,0.3969,90,0.0314,-0.027,46,0.15,0.4375,0,,,32,0.2308,-0.1111,35,0.5909,-0.2857,190,0.0293,-0.0013,1936,0.0155,-0.0292,456031,0.0347,-0.0934,218,0.0558,0.2464,0.1913,0.0717,-0.1828,0
202502,19163,"scott, ia",300868,-0.0161,-0.1438,377,-0.0816,0.2889,66,0.0565,-0.0296,170,0.3492,0.1972,20,,,96,-0.0769,0.7778,200,0.2422,0.108,155,0.0225,-0.0707,1634,-0.0151,-0.0559,346973,-0.0031,-0.0234,577,0.007,0.2238,0.5305,0.1383,-0.0866,1
202502,08077,"mesa, co",469000,-0.0193,-0.0722,522,0.043,0.2329,72,-0.0621,0.1909,254,0.27,0.2095,14,0.4,0.1667,196,0.2564,0.3611,303,0.2866,0.1222,281,-0.0035,0.0067,1735,0.0009,-0.0606,636342,0.0223,-0.0124,829,0.1264,0.2025,0.581,0.11,-0.0573,0
202502,30007,"broadwater, mt",652250,0,-0.0265,45,-0.0625,0.1538,138,0.0677,0.5082,8,0.3333,-0.2,0,,,6,0.5,2,8,1.6667,-0.1579,323,-0.0405,0.0672,2315,0.0393,0.1649,770865,0.0231,0.0426,52,0,0.0833,0.1778,0.1153,-0.0658,0
202502,48275,"knox, tx",94375,0.0414,0.1439,28,0,0.4737,117,0.0424,0.5261,2,-0.6667,-0.5,0,,,2,0,0,3,0.25,-0.5455,70,0.1092,0.1658,1328,0.0114,-0.0276,125744,0.0264,0.1107,31,0,0.2708,0.0893,0.0179,-0.2002,0
202502,12023,"columbia, fl",352000,0.0294,0.0059,217,0.0535,0.3489,86,0.0823,0.0209,64,0.0667,0.28,2,-0.5,,52,-0.037,0.2381,48,0.0326,-0.2748,188,-0.026,0.0134,1847,-0.0058,0.0141,450662,-0.0087,0.1173,264,0.0456,0.1737,0.2194,-0.0044,-0.1887,0
202502,36067,"onondaga, ny",349900,-0.0001,0.366,387,-0.0215,0.1535,99,0.1867,0.3447,224,0.009,-0.0894,8,,0.3333,62,-0.0882,0,689,0.011,0.1352,178,0.0072,0.1704,1663,-0.0138,0.0275,978934,0.0356,1.3594,1073,-0.0019,0.1409,1.7791,0.0572,-0.0287,0
202502,55051,"iron, wi",287975,0.1078,-0.2109,28,-0.0179,0.3095,116,0.0154,-0.0494,4,-0.5,-0.3333,0,,,4,1,1,7,-0.1875,-0.2778,191,0.0486,-0.1784,1609,0.0026,-0.107,535763,0.0111,0.3014,34,-0.0556,0.1525,0.2364,-0.0494,-0.1922,1
202502,28077,"lawrence, ms",126000,-0.1011,-0.1597,21,0.1053,0.1053,100,-0.0196,0.0256,2,-0.6667,-0.5,0,,,4,0,0,5,-0.4375,-0.1818,63,-0.0909,-0.2921,1778,-0.0096,0.1307,162768,-0.0438,-0.2948,26,-0.0377,0.0408,0.2143,-0.2068,-0.0752,1
202502,05055,"greene, ar",238500,-0.004,0.1931,141,-0.0408,0.2589,71,-0.1153,0.1545,56,0.1667,0.12,0,,-1,38,0.0556,-0.0952,51,0.3836,0.2785,125,-0.0121,0.0323,1717,-0.0026,0.0346,258269,-0.0324,0.1672,189,0.0301,0.228,0.3582,0.1099,0.0055,0
202502,28151,"washington, ms",123250,-0.0427,0.0434,95,0.1801,0.2925,80,0.0224,-0.2989,28,0,1.8,0,,,18,0.125,0.8,12,0.6429,0.0455,73,0.0048,0.116,1874,-0.0043,0.1196,155694,-0.017,0.1017,105,0.1943,0.2222,0.1211,0.0341,-0.0286,1
202502,13269,"taylor, ga",206725,0.0025,1.6503,5,0.25,1.5,73,0.5183,-0.2658,0,,-1,0,,,2,,,3,-0.5,0,86,-0.1056,0.862,1798,0.1143,0.0702,196380,0.0318,1.7087,8,-0.2,0.6,0.6,-0.9,-0.9,1
202502,47177,"warren, tn",330225,-0.0302,0.0363,206,0.0485,0.664,90,0.0199,0.3162,48,-0.1429,0.1429,0,,-1,76,0.4074,1.5333,51,0,0.2593,205,-0.0007,0.0207,1711,-0.0363,0.0279,394895,-0.02,-0.0816,254,0.0389,0.5535,0.2482,-0.012,-0.0798,0
202502,38001,"adams, nd",299950,-0.0769,0.7854,10,0.25,0.4286,176,-0.0797,0.1034,4,,1,0,,,0,,,2,0,0.3333,79,-0.0197,-0.0734,3648,0.0353,0.7743,1178720,-0.128,4.3526,12,0.2,0.4118,0.2,-0.05,-0.0143,1
202502,37141,"pender, nc",559880,-0.0263,0.0596,301,0.0544,0.1469,78,-0.0342,-0.0576,166,0.8864,0.0921,22,10,0.375,94,0.2051,0.4688,176,0.1779,-0.3036,239,-0.0169,0.0542,2242,-0.0288,-0.0309,731872,-0.0367,0.0915,476,0.0782,-0.0686,0.584,0.0612,-0.3778,0
202502,31045,"dawes, ne",341000,-0.0116,0.0302,26,0.0625,0.2439,143,0.0651,0.1962,4,,1,0,,,0,,,2,-0.7647,-0.4286,219,-0.0383,0.1234,1726,0.0044,-0.0668,440978,-0.0232,-0.1735,28,-0.125,0.1667,0.0784,-0.2757,-0.0923,1
202502,36029,"erie, ny",259900,-0.0362,-0.0548,669,-0.0118,0.2334,78,0.1151,0.1524,348,0.0741,-0.2267,8,-0.2,-0.6,114,-0.05,0.14,968,-0.0588,0.0573,185,-0.0031,-0.0073,1534,-0.0016,-0.0425,388229,0.0213,-0.0294,1633,-0.0442,0.1235,1.448,-0.0723,-0.2411,0
202502,13281,"towns, ga",474975,-0.0306,-0.0687,147,-0.0297,0.4924,123,0.0742,0.3297,28,-0.0667,-0.3,0,,,24,0.0909,0.0909,25,0.0889,-0.2687,259,-0.0137,0.0351,2247,-0.0171,-0.0121,561212,-0.0222,-0.2405,171,-0.0144,0.3256,0.1667,0.0182,-0.1734,0
202502,48219,"hockley, tx",235000,0.0165,0.0702,50,-0.0571,-0.3571,96,0.0079,0.6438,18,0,0.2857,0,,,12,-0.1429,-0.25,17,0.1333,-0.3061,111,0.0279,0.1077,2112,0.0177,0.0111,294750,0.0524,0.1786,67,0.0075,-0.3399,0.3434,0.0577,0.0253,0
202502,30025,"fallon, mt",179000,0,-0.1655,6,0.0909,-0.3684,87,-0.2869,-0.5527,0,,-1,0,,,0,,-1,1,-0.5,-0.75,78,-0.0401,-0.0303,2322,0.0436,0.0229,209230,-0.0468,-0.1914,6,-0.0769,-0.4783,0.0833,-0.0985,-0.1272,1
202502,51700,"newport news, va",296950,-0.0015,-0.0528,322,-0.0599,0.2627,47,-0.0693,0.5932,128,-0.1579,-0.2889,6,2,0.5,106,-0.1311,0.4324,52,0.5072,0.2093,186,0.0135,0.0448,1549,-0.0199,-0.0689,337901,0,-0.0348,361,-0.027,0.2496,0.1615,0.0608,-0.0071,0
202502,41057,"tillamook, or",611200,-0.0213,0.0204,183,0.0282,0.3878,122,-0.024,0.156,54,0.125,0.0385,4,,0,48,0.5,0.0909,44,0.3182,0.1757,335,-0.0213,-0.0078,1801,-0.0058,0.0201,698345,0.0006,-0.0412,226,0.0813,0.3493,0.2384,0.0524,-0.043,0
202502,35003,"catron, nm",344750,0.0616,-0.1816,33,0.1786,0,114,0.0678,-0.321,10,0.6667,4,0,,,4,,1,7,0.2727,2.5,281,0.0968,0.3003,1620,0.0125,-0.2098,723508,-0.0069,0.1926,41,0.2273,0.1571,0.2121,0.0157,0.1515,1
202502,12015,"charlotte, fl",397350,0.006,-0.0651,4585,0.1056,0.3091,79,0,0.0537,1268,0.1007,0.1719,50,-0.5763,-0.0741,2158,0.283,0.3538,712,0.2852,-0.1802,234,-0.001,-0.0747,1722,0.007,0.0057,503740,0.0151,-0.0973,5288,0.1258,0.2123,0.1553,0.0217,-0.0927,0
202502,19047,"crawford, ia",214950,-0.0703,0.1441,57,0,0.4304,128,0.0781,-0.0607,4,-0.5,0,0,,,4,0,-0.6,10,0.3571,0.1176,148,-0.0705,0.1587,1280,-0.024,-0.1383,217885,-0.0495,0.0267,65,0.0238,0.3723,0.1681,0.0442,-0.047,0
202502,21129,"lee, ky",261125,-0.032,0.1606,21,-0.125,0.4,126,0.2638,0.0479,4,1,1,0,,,4,-0.6,-0.3333,6,0.2222,-0.1538,262,-0.0818,0.9105,949,-0.0507,-0.272,296990,0.0024,0.2493,27,-0.0536,0.2326,0.2619,0.0744,-0.1714,1
202502,37105,"lee, nc",356070,0.0009,-0.0152,207,-0.0843,0.1409,75,-0.0261,0.0276,86,0.0238,-0.0851,10,0.25,4,68,0.0625,0.5455,168,0.2491,0.2491,181,-0.0073,-0.0223,1986,0.0075,-0.0199,386933,-0.0015,-0.067,372,0.0494,0.181,0.8136,0.2171,0.0705,0
202502,22117,"washington, la",209750,-0.0012,0.0489,116,-0.0211,0.45,98,0.0261,0.0679,18,0.125,-0.25,0,,-1,34,0.1333,1.125,21,0.1053,0.05,105,0.0048,-0.0753,1799,0.0047,0.0255,240116,-0.003,-0.053,138,-0.0072,0.348,0.181,0.0207,-0.069,0
202502,45037,"edgefield, sc",303000,0.0033,0.0093,172,0.0818,0.313,76,0.0066,-0.3944,54,0.4211,0.9286,4,,,20,0.6667,-0.3333,59,0.2447,0.0636,168,0.0049,0.0279,1961,-0.0088,-0.0345,394565,-0.0017,0.0257,230,0.139,0.2372,0.3401,0.0445,-0.0797,1
202502,30011,"carter, mt",188000,0,,5,0,,100,0.3916,,0,,,0,,,0,,,,,,142,0,,1536,0,,236080,0,,5,0,,,,,0
202502,28093,"marshall, ms",329995,-0.0015,0.0451,109,0.0792,0.1978,90,-0.0725,0.1815,24,0,-0.5556,0,,-1,20,0.1111,-0.3333,38,0.2712,-0.4792,166,0.0011,0.03,2016,0.0107,-0.0718,372430,-0.0148,0.0906,147,0.1221,-0.0667,0.344,0.052,-0.4472,0
202502,27157,"wabasha, mn",374350,-0.0388,0.0623,44,-0.0114,0.2609,100,0.087,0.0309,18,0.5,0.8,0,,,6,0,0.5,26,0.5758,0.7931,213,0.1079,0.2169,1738,-0.0943,-0.207,444325,0.0654,0.0414,69,0.1597,0.4227,0.5977,0.2227,0.1774,1
202502,31159,"seward, ne",348767,0.0184,0.2747,24,0.0667,0.3333,44,-0.4695,0.3083,16,1.6667,1,0,,,2,-0.75,-0.6667,15,0.5263,0.381,176,0.0518,0.2681,2189,0.0152,0.0944,438686,-0.0107,0.52,40,0.197,0.3621,0.6042,0.1819,0.0208,1
202502,39053,"gallia, oh",215000,0.0288,-0.1121,48,-0.1121,0.9388,70,-0.186,0.0294,16,-0.1111,-0.2,0,,,18,0,3.5,9,-0.4333,0.7,126,0.0451,-0.0061,1731,0.0273,0.0742,343251,-0.1002,0.1617,56,-0.1838,0.8814,0.1789,-0.1014,-0.0251,1
202502,48263,"kent, tx",85000,0,-0.8297,1,0,0,145,0.2403,27.9,0,,-1,0,,,0,,,,,,84,0,-0.5558,1010,0,-0.6166,85000,0,-0.8297,1,0,0,,,,1
202502,54017,"doddridge, wv",180000,0.0315,0.1429,4,-0.125,-0.65,55,-0.538,-0.6546,0,,-1,0,,,0,,,2,-0.25,-0.8125,127,0.5227,0.4455,1968,0.2174,0.3686,160297,-0.0439,-0.0893,5,-0.0909,-0.7059,0.4286,-0.0714,-0.3714,1
202502,13159,"jasper, ga",399900,0.0131,0.0113,90,-0.0165,-0.2251,93,-0.1366,0.1693,32,0.2308,1.6667,0,,-1,20,0,-0.2857,32,0.5,-0.2222,185,-0.0235,0.0234,2207,0.0044,0.0113,460808,-0.003,-0.0139,122,0.0611,-0.2059,0.352,0.1212,0.0013,1
202502,27045,"fillmore, mn",336250,0.1174,-0.0018,30,-0.0625,-0.0323,95,-0.0282,0.1698,6,0,-0.4,0,,,12,0.5,2,11,-0.2222,0.2353,153,0.0306,-0.0151,1761,0.0145,-0.179,333591,0.0658,-0.1203,41,-0.1,0.0253,0.35,-0.0719,0.0758,0
202502,06111,"ventura, ca",999450,0.0055,-0.0868,1005,0.133,0.6029,39,-0.3128,-0.0488,652,0.1203,0.3416,22,0.1,0.2222,288,0.3846,1.1818,540,0.2769,0.0112,564,0.0293,0.0007,1863,0.0024,-0.0376,1846235,0.0162,-0.0912,1538,0.1767,0.3287,0.5368,0.0605,-0.3141,0
202502,53073,"whatcom, wa",648000,-0.0031,-0.0709,442,0.0715,0.4958,59,-0.2733,-0.1959,240,0.3187,0.4286,8,3,1,110,0.3095,0.6667,220,0.1344,0.0329,384,-0.0184,0.0353,1783,0.0072,-0.0903,794158,-0.0003,-0.1773,662,0.097,0.2971,0.4966,0.0275,-0.2225,0
202502,42101,"philadelphia, pa",268825,-0.0021,0.045,3918,0.0193,0.0529,67,-0.1014,-0.1014,1654,0.1865,0.0261,68,0.3077,0.1333,1110,0.1012,0.0432,1638,0.1094,-0.0683,212,-0.0029,0.0434,1258,0.007,0.0094,427805,0.0066,-0.0265,5556,0.0458,0.0171,0.4179,0.034,-0.0544,0
202502,12091,"okaloosa, fl",424900,-0.0002,-0.0232,1819,0.0139,0.1469,101,-0.0288,0.3289,454,0.2011,-0.1624,44,0.5714,-0.6393,552,0.2661,0.0534,421,0.1582,-0.1572,273,0.0127,0.0081,1652,-0.0026,-0.0207,721081,0.0125,0.0305,2239,0.0375,0.0744,0.2314,0.0288,-0.0835,0
202502,48091,"comal, tx",495000,0,0.0645,1451,0.009,0.1005,89,-0.0028,0.1125,444,0.1809,0.0936,82,0.3667,7.2,454,0.1582,0.0758,425,0.2748,0.0071,241,0.0066,0.0409,2205,-0.0211,0.0181,657356,0.0147,0.0618,1867,0.0596,0.0867,0.2927,0.061,-0.0271,0
202502,46031,"corson, sd",350000,,1.1889,1,,,6,,,2,,,0,,,0,,,,,,100,,,3516,,,350000,,1.1889,1,,-0.5,,,,1
202502,26131,"ontonagon, mi",234500,0.2119,0.7471,23,-0.1176,0.4516,181,0.0759,0.4606,2,0,0,0,,,2,,0,8,1,-0.1111,165,0.0748,0.1945,1714,0.0528,0.1121,283390,0.0358,0.0257,30,0,0.2245,0.3556,0.1987,-0.2251,1
202502,46065,"hughes, sd",357450,0.0034,0.1024,34,-0.0556,1.0606,94,0.3193,-0.0829,8,0,1,0,,,12,0.5,2,20,0.2903,0.1111,259,0.0305,-0.0311,1218,-0.0565,-0.1542,890063,0.0056,1.1879,56,0.0777,0.6087,0.5882,0.1577,-0.5027,1
202502,17165,"saline, il",80675,-0.2032,-0.1314,36,0.0141,-0.2174,68,-0.129,-0.46,14,0.1667,0.4,0,,,8,0,0.3333,16,0.1481,-0.2955,74,0.0415,0.0924,1254,-0.0298,-0.1214,135614,-0.0844,0.0324,51,0.0412,-0.2574,0.4306,0.0503,-0.0477,1
202502,51730,"petersburg, va",238700,-0.0031,0.0609,109,0.0433,0.5839,55,0.0329,0.6923,26,-0.381,-0.5938,2,,,54,0.5882,2,52,0.0957,-0.1953,173,0.006,0.0733,1336,-0.0175,-0.0438,246068,0.0221,0.0523,161,0.0594,0.2113,0.4747,0.0227,-0.4597,0
202502,19131,"mitchell, ia",234500,0.0659,-0.0618,20,-0.0698,-0.2308,137,-0.0899,0.036,0,-1,-1,0,,,0,,,11,0.2941,-0.2903,124,0.1226,-0.1434,1836,0.162,0.0929,280105,0.2874,0.0539,30,0.0714,-0.25,0.55,0.1547,-0.0462,1
202502,21167,"mercer, ky",291950,0.0815,-0.0219,56,-0.0177,0.2198,77,-0.0374,0.088,26,0.625,0.0833,0,,,14,0.1667,0,33,0.1607,-0.1216,161,-0.0855,-0.1126,1709,0.0339,0.061,365991,0.0689,-0.0391,86,0.0059,0.0364,0.5856,0.09,-0.2276,0
202502,48319,"mason, tx",452500,0.1242,0.1715,32,-0.0154,0.8286,167,0.0951,-0.1257,2,-0.8,-0.5,0,,,10,1.5,,5,0.1111,0,246,0.0171,0.0976,2017,0.0027,-0.0007,883871,0.0163,0.7828,36,0.0141,0.6364,0.1563,0.0178,-0.1295,0
202502,46091,"marshall, sd",256250,0.1141,-0.033,10,0.1875,0.5833,96,0.1606,-0.4941,2,,,0,,,0,,,1,,0,129,0.4131,-0.4559,1300,0,0.0518,308537,0.0055,-0.2067,10,0.25,0.4286,0.1053,,-0.0614,0
202502,31131,"otoe, ne",299188,0.0336,0.4775,36,0.0597,1.4483,36,-0.4912,-0.64,18,0.5,0.5,0,,,6,-0.4,,18,0.0938,0.3462,137,0.0546,-0.0553,2408,0.0543,0.4681,411147,0.2541,0.3609,53,0.0707,0.9273,0.493,0.0153,-0.4036,1
202502,45053,"jasper, sc",445625,0.0076,-0.0658,215,0.2085,0.8734,83,-0.0543,0.4206,120,1.3077,0.3636,2,0,-0.8571,76,0.1176,1.9231,93,0.3191,0.1923,262,0.0476,0.0549,1803,-0.0185,-0.0611,523396,-0.0069,-0.083,301,0.2117,0.5858,0.4336,0.0364,-0.2477,0
202502,36111,"ulster, ny",541250,-0.0096,-0.042,446,-0.0679,0.1363,91,0,-0.0372,134,-0.0429,0,6,2,0,80,-0.0698,0.4815,304,0.0017,0.3489,294,0.0152,0.0493,1913,0.006,-0.0596,850719,0.0317,0.0397,726,-0.041,0.2336,0.6805,0.0473,0.1072,0
202502,27095,"mille lacs, mn",349975,0.0573,-0.0242,58,-0.1077,0.9333,80,0.2326,-0.0275,30,0.25,0.25,0,,,20,0.4286,9,39,0.3509,0.8333,204,0.0131,-0.013,1679,-0.0074,-0.0556,379371,0.0098,-0.0001,96,0.0214,0.9293,0.6638,0.2253,-0.0362,0
202502,22113,"vermilion, la",199250,-0.0037,0.1008,152,0.0271,0.1434,108,-0.0205,0.1878,38,0.3571,-0.0952,0,-1,,46,0.7692,0.2105,43,-0.086,-0.2857,104,-0.0285,0.1299,1840,0.0242,0.0662,274062,0.0117,0.2575,193,-0.0026,-0.0103,0.2805,-0.0347,-0.1685,0
202502,31177,"washington, ne",404000,0.0426,0.01,37,-0.1084,-0.075,81,-0.0092,0.313,12,-0.1429,0.2,0,,,4,-0.3333,-0.3333,22,0.1,0.6923,212,0.0602,-0.0282,2174,0.028,0.0623,597409,0.0253,0.2755,59,-0.0248,0.1028,0.5946,0.1127,0.2696,0
202502,29039,"cedar, mo",264950,0.0496,0.0718,46,-0.125,0.0706,92,0.025,0.0054,6,-0.5714,-0.7692,0,,,8,0,0.3333,23,0.3143,0.7037,154,0.0352,0.1056,1800,0.084,0.125,370122,0.0107,0.1036,68,-0.0286,0.2364,0.5055,0.169,0.1878,1
202502,28105,"oktibbeha, ms",367019,0.0091,-0.0661,154,0.0405,0.3051,103,-0.1234,0.1016,40,-0.2857,-0.0476,0,,,20,-0.2308,0.6667,24,-0.0204,0.0435,212,0.0408,0.0025,1650,-0.0331,-0.0307,393140,0.0052,-0.1381,180,0.0588,0.2721,0.1558,-0.0097,-0.0391,0
202502,13031,"bulloch, ga",342000,0.0027,0.0689,179,0.0562,0.3077,58,-0.1179,0.1837,66,-0.1081,-0.1951,0,,-1,40,0.0526,1.8571,85,0.1184,-0.3089,184,0.023,0.0773,1915,-0.0119,0.0078,420265,0.0295,0.1009,263,0.078,0.0155,0.4762,0.0265,-0.4249,0
202502,08009,"baca, co",150000,-0.1429,-0.1429,5,-0.1667,0,108,-0.0442,0.3252,0,,-1,0,,,0,,,2,-0.25,-0.25,86,-0.1103,-0.322,1813,0.0978,0.3926,211583,0.0372,0.1837,7,-0.1875,0.1818,0.3,-0.0333,-0.1,1
202502,37149,"polk, nc",667200,0.0148,-0.2375,102,-0.0239,0.2364,94,0.1498,-0.1132,24,0,0,0,,,20,0.4286,1,32,0.3125,0.0161,309,-0.0034,-0.0494,2443,-0.0039,-0.1133,1036346,0.0344,-0.0489,134,0.0349,0.1867,0.3088,0.0792,-0.0669,1
202502,08001,"adams, co",515000,0.0098,-0.0454,995,0.0786,0.6644,40,-0.3828,0.3277,636,0.2137,0.1522,30,-0.2105,-0.1667,486,0.35,1.0593,628,0.3046,-0.0309,258,0.014,-0.0243,1954,-0.0128,-0.039,565859,-0.0121,-0.0921,1621,0.1562,0.285,0.631,0.1093,-0.4527,0
202502,22053,"jefferson davis, la",212250,-0.0407,0.0122,69,-0.0867,-0.0352,103,0.0276,-0.0024,16,0.1429,0.3333,0,,,16,0.3333,-0.3333,22,0.3438,-0.0227,100,-0.0452,-0.0197,1831,0.0062,-0.0518,229283,-0.0607,-0.0626,91,-0.0055,-0.0474,0.3139,0.1005,0.004,0
202502,19059,"dickinson, ia",388100,0.0145,0.0294,129,-0.0227,0.4743,140,0,0.6519,26,-0.1333,-0.2353,0,,,6,2,0,34,0.193,-0.236,310,0.0116,0.3826,1536,0.0378,-0.0327,715365,0.0812,0.2142,160,0.0095,0.2317,0.2636,0.0477,-0.245,0
202502,55077,"marquette, wi",310725,0.1119,0.1684,30,-0.0476,-0.1892,47,-0.38,-0.1622,14,0.75,-0.3636,0,,,4,-0.3333,-0.3333,14,0.2273,-0.325,219,0.1096,0.1341,1776,0.0679,0.1988,397197,0.1404,0.022,44,0.0482,-0.25,0.45,0.1008,-0.0905,0
202502,15001,"hawaii, hi",704250,-0.0286,0.1121,1166,0.0523,0.325,85,-0.0398,0.138,354,0.0172,0.1063,10,0.25,0,342,0.1104,0.487,313,0.1101,-0.1543,562,-0.0023,0.1453,1420,-0.0182,-0.0241,1476067,0.0047,0.1376,1481,0.0662,0.1853,0.268,0.0139,-0.1519,0
202502,48095,"concho, tx",234475,-0.1002,-0.0478,18,0.25,0.4,112,0.1095,-0.4238,2,-0.5,0,0,,,2,0,,2,-0.25,0.5,135,-0.0754,-0.1219,1809,0.0374,0.0898,329006,-0.0385,0.2206,18,0.125,0.2857,0.0857,-0.0571,0.0057,0
202502,37007,"anson, nc",218475,-0.048,0.0281,57,0.2527,0.7538,71,0.0107,-0.2351,18,0.8,0.2857,0,,,20,0.4286,0.1111,12,-0.2813,-0.1154,152,-0.0176,-0.0101,1546,-0.0692,-0.0479,285667,-0.1641,0.1114,68,0.1148,0.4624,0.2018,-0.1499,-0.1982,0
202502,55069,"lincoln, wi",306175,-0.0578,0.0217,49,0.0543,0.1412,83,-0.1237,-0.1072,18,0.5,0.125,2,,,6,-0.25,0,31,0.0167,0.0517,177,-0.0224,-0.0206,1745,-0.0187,0.0175,385000,-0.0403,0.0196,77,0.0267,0.0769,0.6289,-0.0233,-0.0535,0
202502,29017,"bollinger, mo",174200,-0.0009,-0.0309,20,-0.093,0.2581,134,0.222,0.8225,4,0,1,0,,,6,2,0.5,9,0.3846,1,124,-0.01,0.0714,1325,-0.0214,0.0066,203357,-0.1626,-0.0263,29,0.0179,0.425,0.4615,0.1592,0.1712,1
202502,47071,"hardin, tn",295500,-0.0101,-0.0045,218,0.1013,0.3942,99,-0.0199,0.0561,62,0.2917,0.2917,0,,,54,0.9286,0.35,30,0.0169,0.2,167,0.0916,0.0382,1862,-0.0017,0.1653,410941,0.0326,-0.0629,248,0.1022,0.3552,0.1379,-0.0114,-0.0223,0
202502,20059,"franklin, ks",232375,-0.0466,-0.2241,45,-0.0816,0.0976,59,0.0636,-0.3314,22,0.2222,-0.0833,0,,,20,0.1111,0.25,35,0.5217,0.25,164,-0.03,0.0325,1591,-0.0353,-0.1501,269414,0.0212,-0.2826,82,0.1389,0.1884,0.7778,0.3084,0.0949,1
202502,22029,"concordia, la",228675,-0.0134,-0.0521,53,-0.0619,0.3766,141,0.0886,0.1531,8,0,1,0,,,4,0,0,11,0.5,0.9091,139,0.0077,0.1014,1897,-0.0014,-0.1155,297998,0.0034,-0.0634,63,0.0246,0.4045,0.1981,0.0742,0.0553,1
202502,48357,"ochiltree, tx",172500,-0.0282,0.2731,31,-0.0882,0.1923,110,0.0631,0.6044,8,0.3333,0.3333,0,,,4,-0.6667,0,10,0.9,1.7143,92,-0.0038,0.069,1862,-0.0236,0.0542,246190,-0.0071,0.1219,40,0.0127,0.3559,0.3065,0.1594,0.1718,0
202502,48009,"archer, tx",275000,0.0476,-0.2464,25,-0.0196,0,36,-0.3364,-0.6667,8,-0.3333,0,0,,,8,0.3333,3,8,0.4545,1.6667,133,0.0189,-0.1438,1833,-0.0843,0.0173,305587,-0.0554,-0.2494,33,0.0645,0.1786,0.32,0.1043,0.2,1
202502,46085,"lyman, sd",268500,0.0655,-0.3982,4,-0.125,0,118,0.0655,0.1429,0,-1,,0,,,0,-1,,1,0,,143,0.0138,-0.5327,1548,-0.0013,0.0265,240525,-0.0008,-0.3973,4,-0.2222,0,0.2857,0.0357,,1
202502,38073,"ransom, nd",385000,0.9603,1.4444,5,-0.3333,-0.5238,92,0.0543,0.3616,0,,-1,0,,,0,,-1,2,0.5,-0.7,93,0.0299,0.131,3000,0.0917,0.378,357000,0.2878,0.5467,6,-0.2,-0.625,0.3,0.1667,-0.1762,1
202502,48463,"uvalde, tx",398450,-0.0329,0.145,114,0.0459,0.434,119,-0.0305,0.133,20,0,0.4286,0,,,12,0,2,20,0.6,0.8182,200,-0.054,0.0996,1938,-0.0005,0.0375,566830,-0.0545,0.1057,135,0.1157,0.4835,0.1754,0.0608,0.0371,0
202502,39085,"lake, oh",277119,0.0124,-0.0493,281,-0.0773,0.1761,46,-0.2407,-0.1286,226,0.4125,0.066,0,,-1,110,0.0577,0.7742,239,0.198,-0.1099,163,0.0065,0.0341,1701,0.0152,-0.0217,375096,-0.0098,0.0975,516,0.0248,0.0218,0.852,0.1958,-0.2737,0
202502,38081,"sargent, nd",273450,0,-0.3015,10,0,0.1765,150,0.2305,-0.1371,0,,,0,,,2,,0,1,-0.5,-0.7143,121,0,-0.0085,2428,0,-0.1322,302780,-0.0053,-0.0305,11,-0.0833,-0.0833,0.1,-0.1,-0.3118,1
202502,17179,"tazewell, il",159925,-0.0302,-0.0639,132,-0.0704,0.3005,58,0.0791,0.3333,88,0.0476,-0.1852,0,,-1,44,-0.3714,0.1,115,0.1005,-0.0254,106,-0.0156,0.041,1583,0.018,-0.0735,223174,0.0421,-0.0805,247,-0.004,0.1179,0.8712,0.1353,-0.2913,0
202502,22055,"lafayette, la",300000,0.0033,0.0217,992,-0.0005,0.2833,93,-0.0106,0.0751,330,0.2222,0.1074,18,0.2857,1.25,332,0.0247,0.3175,376,0.2035,0.0054,165,-0.0124,-0.0052,1845,0.0089,-0.0146,406505,0.0074,0.0511,1368,0.0372,0.1866,0.3785,0.0642,-0.1047,0
202502,13113,"fayette, ga",619925,0.0606,0.0877,361,-0.0123,0.5881,69,-0.068,0.2925,194,0.5645,0.6441,2,-0.5,-0.6667,114,0.5,0.6765,134,0.235,-0.053,206,0.0269,0.0343,3011,0.0325,0.0247,742148,0.0336,-0.0347,494,0.0303,0.3651,0.3717,0.0744,-0.2516,0
202502,48317,"martin, tx",265000,-0.1055,-0.2878,9,0.0625,-0.0556,109,0.0355,2.5242,2,0,-0.5,0,,,0,,,1,-0.6667,-0.3333,128,-0.0058,-0.3516,2010,-0.1098,-0.1471,308814,-0.0766,-0.388,10,-0.1364,-0.0952,0.1176,-0.2574,-0.049,1
202502,05063,"independence, ar",250000,-0.0907,0.0695,90,0.0112,0.1392,72,-0.1196,-0.2603,36,0.8,0.3846,0,,,22,0.5714,0.8333,23,0.0976,0.2857,136,0.0477,0.1762,1821,-0.0451,0.0156,280566,-0.0433,-0.0253,111,0.0184,0.1571,0.25,0.0197,0.0285,0
202502,13047,"catoosa, ga",339675,-0.0187,-0.0056,221,0.0208,0.3987,68,-0.1415,0.3062,104,0.5758,0.1064,0,-1,-1,80,0.25,-0.1489,109,0.3822,-0.0046,195,0.0039,-0.0256,1839,-0.032,0.0281,408151,0.0152,0.0311,326,0.1166,0.21,0.491,0.1284,-0.1989,0
202502,51187,"warren, va",449675,-0.0438,-0.0412,107,0.0142,0.6212,64,-0.1505,1.065,50,0.3158,-0.1667,8,,3,18,0.125,0.8,47,-0.0105,-0.1296,253,-0.0411,-0.1181,1766,-0.0505,0.0823,545539,-0.0472,-0.08,156,0.0436,0.2851,0.4393,-0.011,-0.3789,1
202502,47157,"shelby, tn",277125,-0.0359,0.0079,2551,0.0255,0.2727,68,-0.0816,0.0547,986,0.1281,-0.0257,26,-0.2778,-0.3158,878,0.0403,0.076,921,0.2016,-0.114,123,-0.0887,-0.0552,1608,-0.022,0.0275,364451,-0.0354,0.0197,3478,0.071,0.1381,0.3611,0.0529,-0.1576,0
202502,47171,"unicoi, tn",377475,0.0204,0.0649,42,0.0779,0.2206,85,0.169,-0.1032,18,1.25,1.25,2,,,12,-0.25,-0.4,17,-0.0833,-0.2667,207,0.0433,0.0887,1857,0.018,-0.0627,400451,0.0392,-0.1107,58,0.0177,0.036,0.3976,-0.0699,-0.2642,1
202502,47101,"lewis, tn",386950,0.0481,0.2657,41,-0.0682,0.2615,74,-0.1198,0.47,12,1,0,2,,,16,0.1429,1,14,0.6471,0.2727,205,-0.0019,-0.0075,1842,-0.0273,0.1236,515751,-0.022,0.2025,56,0.0769,0.2444,0.3415,0.1483,0.003,0
202502,54005,"boone, wv",125725,0,0.6876,17,-0.15,-0.1053,69,0.0073,0.5625,4,-0.5,-0.5,0,,,4,1,1,7,0.4,-0.2632,90,0.0264,0.6717,1627,-0.0009,0.1718,156811,0.018,0.4914,25,0,-0.1228,0.4118,0.1618,-0.0882,1
202502,27135,"roseau, mn",274750,-0.0087,-0.0516,70,-0.0345,0.1667,148,0.0102,-0.2107,6,0.5,0,0,,,2,-0.5,-0.5,12,-0.1429,-0.2258,141,0.006,0.0526,1824,0.0402,0.017,281579,-0.0074,-0.0632,82,-0.0575,0.1007,0.1714,-0.0217,-0.0869,0
202502,40107,"okfuskee, ok",219750,-0.0011,1.4629,28,-0.0968,0.2174,109,0.1667,-0.1107,8,3,1,0,,,2,-0.6667,-0.5,15,0.0345,2,125,0.0589,0.5845,1742,0.0905,0.2932,384968,0.3457,1.4635,43,-0.0549,0.5357,0.5357,0.068,0.3183,1
202502,41049,"morrow, or",342488,0.003,-0.2345,26,0.1304,-0.2778,94,0.0899,-0.5216,10,0.6667,,0,,,8,1,1,5,0,0.5,206,-0.0109,-0.1242,1821,0.0394,-0.0545,377975,-0.0099,-0.0877,32,0.125,-0.1923,0.1731,-0.0226,0.0897,1
202502,12007,"bradford, fl",325328,0.0108,0.0522,85,0.0241,0.1486,77,-0.0405,-0.3362,28,0.0769,0.0769,0,,,36,0.3846,0.2857,28,0.1667,0.8065,186,0.0038,0.0238,1809,0.0173,0.1184,354884,0.0183,-0.0184,113,0.0465,0.2363,0.3294,0.0403,0.12,0
202502,36081,"queens, ny",629575,-0.0117,0.0958,3677,0.0368,-0.0261,84,-0.0289,0,1000,0.0571,-0.1213,44,0.1579,-0.1538,362,0.0585,-0.0718,2422,-0.0232,1.0396,596,-0.0289,0.0345,948,0.0164,0.0091,749577,-0.0013,0.0952,6039,0.0074,0.2217,0.6587,-0.0405,0.3442,0
202502,37033,"caswell, nc",244750,-0.0198,-0.1738,25,-0.0196,-0.0741,87,0.2393,1.2102,12,2,0,0,,,6,0,-0.4,15,0.0714,-0.1429,161,-0.0434,-0.1761,1671,-0.0814,-0.1108,279699,-0.4374,-0.1783,39,-0.0128,-0.1444,0.6,0.051,-0.0481,1
202502,21017,"bourbon, ky",359225,-0.0046,-0.0771,34,0.1167,0.4255,88,0.1612,0.0202,14,0,-0.3636,0,,,6,2,0.5,17,-0.2609,-0.2917,178,0.0049,0.0324,1871,-0.0458,-0.2253,810969,-0.0052,0.6031,51,-0.0561,0.0745,0.5075,-0.2592,-0.5138,0
202502,21065,"estill, ky",205000,0.1284,0.2835,25,-0.0385,0.1111,90,0.2054,0.0816,10,1.5,0,0,,,10,0,0,11,0.2941,0,123,0.019,0.1044,1542,-0.0228,0.0853,225734,0.0985,-0.2499,37,0.0282,0.1061,0.44,0.1131,-0.0489,0
202502,29153,"ozark, mo",361500,0.0066,0.3209,70,-0.0604,0.6471,121,0.0807,0.5548,4,-0.5,-0.7143,0,,,4,-0.5,0,17,0.4783,0.7,183,0.0134,0.0931,1650,-0.0211,0.054,518234,0.1186,0.2025,86,0.0118,0.6538,0.2429,0.0885,0.0076,1
202502,51105,"lee, va",217225,0.001,0.3068,46,-0.0316,0.3333,105,0.0319,0.1317,8,0,-0.4286,0,,,16,0.1429,1,12,0,-0.25,122,-0.011,0.1386,1668,0.0299,0.0966,287410,0.016,0.1845,59,-0.0167,0.1456,0.2609,0.0082,-0.2029,0
202502,31051,"dixon, ne",140000,0.037,-0.3043,7,0,-0.2222,147,0.1673,0.9026,2,,-0.5,0,,,4,,1,,,,84,0,-0.1682,2150,0.0016,-0.0012,185714,0.0533,-0.1542,7,-0.125,-0.3,,,,1
202502,51113,"madison, va",469850,0.0758,0.0171,22,0,-0.102,58,-0.3446,0.9333,12,0.5,-0.4545,0,,,6,2,-0.4,14,-0.0345,-0.0345,272,-0.0229,0.2015,2181,0.1015,0.1531,1179241,0.1029,1.0348,37,0.0282,-0.0641,0.6364,-0.0227,0.0445,0
202502,21037,"campbell, ky",339450,-0.0176,0.0302,170,-0.0116,-0.126,60,-0.1119,-0.0083,86,0.1026,-0.2037,0,,,92,1,0.1795,146,0.2025,-0.1756,195,-0.0307,-0.0015,1660,0.0162,0.037,438816,-0.0316,-0.0378,317,0.0657,-0.1446,0.8559,0.1524,-0.0516,0
202502,38089,"stark, nd",299900,0.0084,0.1008,76,-0.0617,0.2358,99,0.2453,0.4721,18,-0.1818,-0.3571,0,,,12,0,2,67,0.4409,0.1754,140,0.0094,0.0636,2361,-0.0044,0.0808,438513,0.048,0.4285,143,0.126,0.2275,0.8816,0.3075,-0.0453,0
202502,48465,"val verde, tx",287625,-0.0008,0.1406,221,0,0.3077,82,0,0.1971,38,-0.3871,-0.2692,0,,-1,42,0.6154,0.9091,46,0.5965,0.1375,157,0.0103,0.1026,1894,0,-0.0675,313905,0.0041,0.0055,266,0.062,0.2703,0.2059,0.0769,-0.0308,0
202502,13027,"brooks, ga",262450,0.0098,0.1447,22,0,0.1892,79,0.0859,-0.244,4,-0.3333,-0.5,0,,,2,0,-0.6667,1,-0.6,-0.8889,153,0.0021,0.0387,1567,-0.004,-0.141,330531,-0.0779,-0.2554,23,-0.0816,-0.1964,0.0455,-0.0682,-0.441,0
202502,05099,"nevada, ar",98200,-0.0801,-0.1246,17,-0.0556,0.4783,79,0.0397,-0.2266,2,0,,0,,,2,0,0,8,0.25,0.5,66,-0.1003,-0.2473,1363,-0.0444,-0.2956,109137,-0.0793,-0.5627,25,0,0.5313,0.4412,0.1078,0.0064,1
202502,08035,"douglas, co",747450,-0.0001,-0.1027,939,0.0837,0.5702,37,-0.5101,0.2167,724,0.4897,0.3817,20,-0.1667,0.25,390,0.2829,0.7727,584,0.3112,-0.0259,260,0.0145,-0.0107,3406,-0.009,-0.1221,1039445,0.0262,-0.1319,1522,0.1609,0.2715,0.6214,0.1078,-0.3803,1
202502,51003,"albemarle, va",701950,-0.0084,0.0596,234,0.109,0.0759,50,-0.1184,0.0579,160,0.5094,-0.1304,8,-0.4286,-0.6,36,0.5,0.6364,248,0.0738,-0.2278,279,-0.0063,0.0235,2311,0.0182,-0.0014,1177884,-0.0265,0.0697,482,0.0796,-0.1017,1.0577,-0.0347,-0.4159,0
202502,36051,"livingston, ny",197175,-0.0136,-0.0825,38,-0.026,0.1719,75,0.192,1.1286,22,0.375,-0.4211,0,,,6,0,0,43,-0.0227,13.3333,127,0.1597,0.0038,1718,0.0196,0.013,342698,0.0179,0.3052,80,-0.0305,1.3043,1.1467,0.0038,1.0529,1
202502,20051,"ellis, ks",229750,0.0033,-0.0526,61,-0.1528,0.2979,81,-0.0852,-0.1744,18,-0.1818,-0.3077,0,,,8,0,-0.3333,37,0.5208,-0.1205,122,-0.0129,-0.0075,2168,0.0656,-0.0814,369307,0.1021,0.0488,99,0.0366,0.125,0.5984,0.265,-0.2846,0
202502,46073,"jerauld, sd",159999,0.0273,0.28,5,0.25,,71,0.1557,-0.5284,0,,,0,,,0,-1,,,,,110,-0.1413,0.7346,1344,0.2537,-0.3109,413560,-0.1219,2.3085,5,0.25,,,,,0
202502,31153,"sarpy, ne",419500,0.011,0.0096,591,-0.0552,0.0564,61,-0.1906,0.1,244,0.1845,-0.0317,42,0.1667,-0.4324,130,0.2264,0.2264,478,0.1718,0.067,189,0.01,0.0025,2344,0.0152,0.058,468583,0.0137,0.0093,1066,0.0305,0.0581,0.8086,0.1566,0.0081,0
202502,48135,"ector, tx",299999,-0.0081,-0.0478,271,0.015,0.0403,39,-0.3032,-0.2183,184,0.122,0.0952,0,,-1,80,0.1429,0.1111,60,0.75,-0.4223,156,0.0126,0.0226,1920,-0.0182,-0.0785,347701,-0.0144,-0.0647,329,0.095,-0.1122,0.2196,0.0922,-0.1758,0
202502,37073,"gates, nc",377500,0.0525,0.1745,12,-0.0417,0.15,81,0.0769,1.5968,8,3,1,0,,,4,,1,4,-0.1111,1,174,0.0384,0.0479,2234,0.2278,0.2378,376249,0.0752,0.3007,16,0.0333,0.4091,0.3478,-0.0272,0.1478,1
202502,13097,"douglas, ga",355725,0.0136,-0.0778,600,0.0248,0.4252,57,-0.1429,0,220,0.4286,0.1957,16,3,0.3333,206,0.3038,0.4714,195,0.1854,-0.0076,166,0.0148,-0.0413,2244,-0.0011,-0.0317,404783,-0.0046,-0.1126,788,0.0642,0.2868,0.325,0.044,-0.1417,0
202502,37051,"cumberland, nc",299913,-0.0322,0.0098,1000,-0.0334,0.4753,64,0.0492,0.4463,402,0.0749,-0.0987,22,0.375,-0.2667,284,0.0143,0.5604,625,0.1468,-0.0994,156,-0.0006,0.0149,1864,-0.0215,-0.0222,306431,-0.0111,-0.0119,1628,0.0217,0.1853,0.6253,0.0982,-0.399,0
202502,48111,"dallam, tx",198750,0,0.0245,17,0.0303,-0.1905,54,-0.149,-0.5745,4,0,,0,,,0,-1,,1,0,,123,-0.0093,0.1925,1620,0.0348,-0.2993,212242,-0.0042,-0.0351,18,0.0909,-0.1429,0.0588,-0.0018,,0
202502,27159,"wadena, mn",225000,0.0169,-0.0318,28,-0.0833,-0.2949,104,-0.0796,0.04,10,4,0.25,0,,,4,0,-0.5,13,0.1905,-0.1935,135,-0.0037,0.0955,1568,-0.1028,-0.1166,303387,0.0201,0.0883,40,-0.0247,-0.2752,0.4545,0.1045,0.0571,0
202502,51097,"king and queen, va",361700,-0.0603,-0.5926,9,-0.4138,0.1333,113,0.2021,0.061,2,0,-0.6667,0,-1,,0,-1,,14,0.0385,0.9286,208,0.0699,-0.143,1924,-0.1523,-0.1942,541348,0.0244,-0.213,21,-0.1923,0.4483,1.5882,0.6917,0.6549,1
202502,48337,"montague, tx",279500,-0.0191,0.0018,136,0.0112,0.2152,109,0.0259,0.2145,24,-0.1429,-0.2,0,,-1,36,0.2,0.0588,20,0.1111,-0.0698,183,0.0023,0.0761,1668,-0.0291,-0.0018,442155,-0.0161,0.1284,156,0.023,0.1561,0.1476,0.0133,-0.0452,0
202502,27021,"cass, mn",444000,-0.0021,-0.0076,105,-0.0095,0.2294,123,0.169,0.2853,30,0.875,-0.25,0,,-1,14,0,-0.2222,37,-0.039,0.0423,243,0.0535,0.0148,1978,0.0386,0.0695,606098,-0.0121,0.1292,142,-0.0208,0.1694,0.3541,-0.0109,-0.0636,0
202502,55097,"portage, wi",388675,0.0206,0.0683,48,-0.1795,-0.0588,81,0.15,0.3939,20,-0.2308,-0.3333,0,,,12,-0.3333,0,45,0.0595,-0.1275,182,0.0794,0.0769,1916,-0.0508,-0.0212,387786,-0.1126,0.0092,96,-0.0498,-0.0637,0.9271,0.2091,-0.0729,0
202502,42117,"tioga, pa",266500,0.0263,0.1854,83,-0.0778,0.3607,115,0.1144,0.2582,22,1.75,0.2222,0,,,18,0.125,0.8,30,0.0345,-0.0769,141,-0.0111,0.2161,1796,0.0114,-0.0124,330602,0.01,0.1813,113,-0.0342,0.1958,0.3614,0.0392,-0.1713,0
202502,05045,"faulkner, ar",316000,-0.02,-0.0996,315,0.008,0.4103,49,-0.1339,-0.1709,168,0.2727,0.2923,0,,,102,0.4571,0.275,185,0.4701,0.23,162,-0.0019,-0.0157,1934,-0.0153,-0.1185,361754,-0.0071,-0.0485,500,0.1429,0.3423,0.5866,0.1844,-0.086,0
202502,48331,"milam, tx",339638,-0.014,-0.0821,105,0.045,0.2901,119,0.0216,0.1791,24,0.3333,-0.0769,2,,,18,-0.25,0.5,25,0,0.8519,170,-0.0009,-0.1162,1742,-0.023,-0.068,433249,-0.0058,-0.177,128,0.0408,0.3564,0.2392,-0.0108,0.0726,0
202502,37137,"pamlico, nc",450250,-0.0264,-0.039,68,-0.0216,0.3737,119,0.0484,0.4367,12,-0.1429,-0.3333,0,,,16,0.3333,1,17,0.4783,-0.2444,261,0.0026,-0.0012,1835,-0.0068,0.0251,576064,-0.0139,0.1796,86,0.0617,0.2028,0.25,0.0845,-0.2045,0
202502,21131,"leslie, ky",109500,-0.0474,0.0855,6,-0.2,0,156,0.1796,0.6508,0,,,0,,,0,,,2,0.3333,1,77,-0.0578,0.1541,1384,-0.2332,-0.0014,113808,-0.1788,-0.0394,8,-0.1111,0.1429,0.3333,0.1333,0.1667,0
202502,41005,"clackamas, or",714700,0.021,0.0218,854,-0.0087,0.2045,79,-0.0456,0.2077,356,-0.0872,-0.0681,74,-0.0263,-0.2292,396,-0.0149,0.1445,443,0.2621,-0.0723,320,0.0062,0.0248,2331,0.0038,0.0017,1052061,0.0126,0.0253,1297,0.0675,0.1029,0.5187,0.1113,-0.1547,0
202502,29025,"caldwell, mo",252000,-0.0968,0.1201,24,0,0.2,132,0.2524,1.0791,4,0,-0.6667,0,,,2,-0.5,0,6,0.1,0,144,0.0353,0.0782,1931,-0.0686,0.1494,332501,-0.031,-0.0179,30,0.0172,0.2041,0.2292,0.0208,-0.0458,1
202502,18035,"delaware, in",161000,0.0289,-0.0012,173,-0.1039,-0.065,71,0.0763,0.1463,106,0.2326,0.0392,2,,0,68,-0.15,-0.1053,122,0.3261,-0.0279,111,0.0218,0.1506,1640,0.0667,-0.0629,219447,0.0317,0.1199,295,0.0443,-0.0531,0.7072,0.2293,0.027,0
202502,18101,"martin, in",222475,0.0435,-0.0145,26,-0.0377,0.3421,78,0.322,0.0871,10,0.6667,0.25,0,,,6,0,-0.25,10,1.5,1.5,130,-0.0174,-0.0809,1680,0.0179,0.017,288642,0.0206,-0.0782,36,0.1803,0.5319,0.3922,0.2412,0.1816,0
202502,40133,"seminole, ok",195250,-0.0188,-0.0907,76,-0.0563,0.1705,69,-0.0984,-0.3389,18,-0.3571,-0.1818,0,,,20,0,0.4286,27,0.6061,0.2045,105,-0.015,-0.0434,1772,0.0184,0.1082,249699,-0.0102,-0.0551,104,0.0725,0.1829,0.351,0.1447,0.0099,0
202502,40111,"okmulgee, ok",124500,-0.1916,-0.2382,113,0.0922,0.1968,44,-0.4928,-0.2636,34,-0.32,-0.1053,0,,,40,0.4286,1.2222,45,0.5614,0.459,97,-0.0732,-0.0272,1425,-0.0759,-0.0653,171126,-0.0773,-0.1932,157,0.2227,0.2672,0.3956,0.1189,0.0711,1
202502,48447,"throckmorton, tx",106000,0,0.0872,4,-0.1111,0.1429,129,0.1682,-0.1045,2,,,0,,,0,,,1,-0.5,,61,-0.0026,-0.2591,1757,0.1014,0.4742,772499,6.9252,6.214,5,-0.1667,0.4286,0.25,-0.1944,,0
202502,56011,"crook, wy",613500,0.0363,0.0128,41,0.0123,0.3226,121,0.0298,0.2872,8,0,-0.3333,0,,,4,0,0,6,0,1,275,0.1778,-0.01,2382,-0.0322,0.0446,1293399,0.013,-0.0196,48,0.0326,0.3971,0.1463,-0.0018,0.0496,0
202502,48469,"victoria, tx",269900,-0.0094,-0.0265,261,-0.0387,0.0968,68,-0.1205,0.0112,80,0.2121,-0.0698,2,0,,132,0.0645,0.2692,71,0.5106,0.9452,152,-0.0111,0.0145,1851,0.0321,-0.0261,331974,0.0135,-0.0178,334,0.0487,0.219,0.2726,0.0991,0.1189,0
202502,06003,"alpine, ca",490000,-0.1289,6.7318,34,0.0968,-0.1282,107,0.0756,-0.2548,6,-0.25,0,0,,,8,1,3,5,-0.375,-0.1667,312,-0.082,5.1566,1592,-0.0525,0.9573,874278,-0.0781,0.5746,39,0.013,-0.1236,0.1471,-0.111,-0.0068,1
202502,13003,"atkinson, ga",179225,-0.1833,-0.1802,4,0,-0.5,138,-0.2544,0.0455,0,,-1,0,,,0,,,,,,99,-0.0157,-0.2676,1843,-0.1474,0.0504,201208,-0.0683,-0.1905,4,0,-0.5,,,,1
202502,17037,"dekalb, il",313725,-0.0119,-0.0627,110,-0.176,0.1765,51,0.0518,-0.3095,68,0.0303,0.1333,2,,,18,-0.4375,-0.1,117,0.17,0.4268,178,-0.0176,-0.0592,1807,0.0039,-0.0017,334568,-0.0042,-0.0929,227,-0.0087,0.2717,1.0636,0.3146,0.1866,0
202502,26069,"iosco, mi",206950,-0.0472,0.0456,100,-0.0744,0.2134,97,0.1246,0.1246,26,-0.0714,0.0833,0,,,14,0.1667,0.4,27,0.2619,0.359,153,0.0094,0.0206,1335,-0.0502,-0.1171,270318,-0.0195,-0.0858,125,-0.0234,0.25,0.2663,0.071,0.0285,0
202502,20081,"haskell, ks",235000,0.0503,-0.1869,13,-0.1935,0.25,159,0.3354,1.6653,4,,1,0,,,0,-1,,6,0,-0.0769,108,-0.0322,-0.1984,2173,0.0367,0.0221,259242,-0.1237,-0.1176,19,-0.1395,0.1563,0.48,0.0929,-0.17,1
202502,34035,"somerset, nj",647000,-0.0425,0.0793,319,0.0016,0.1774,35,-0.3122,0.4388,244,0.0893,0.0083,6,2,,20,-0.4118,-0.0909,277,0.1642,0.0241,332,-0.0067,0.0404,1817,-0.0489,-0.1209,946437,-0.0058,-0.0737,580,0.0526,0.0831,0.8681,0.1213,-0.13,0
202502,31063,"frontier, ne",175000,0.2844,-0.2784,7,0.5556,0.1667,93,0.1246,-0.3199,2,0,0,0,,,0,,,2,1,-0.3333,102,0.1256,-0.0141,2352,0.0017,0.073,270833,0.6546,0.0049,10,1.1111,0.0556,0.2857,0.0635,-0.2143,1
202502,27013,"blue earth, mn",339900,0.03,-0.1188,96,-0.09,0.1497,94,0.1636,0.0162,36,0.2857,-0.1429,0,,,14,0,-0.4167,52,0,-0.0877,159,0.0095,-0.0223,2328,0.0233,-0.028,400580,0.0249,-0.098,146,-0.073,0.0542,0.5417,0.0488,-0.141,1
202502,12019,"clay, fl",371878,-0.008,0.0189,920,-0.0005,0.5086,68,-0.1254,0.3077,366,0.1656,-0.0108,34,-0.5143,0.0625,444,0.0936,0.5524,399,0.2337,0.0153,196,0,-0.0066,1879,-0.0071,0.0109,434196,0.0156,-0.0067,1324,0.0571,0.324,0.4334,0.0823,-0.2106,0
202502,48307,"mcculloch, tx",253500,0.1419,0.2553,27,0.0189,-0.0182,86,-0.146,0.0392,16,1,1.6667,0,,,4,1,-0.3333,10,0.0526,0.5385,123,0.0473,0.0844,1909,0.0014,0.0348,408286,0.1264,0.1566,37,0.0137,0.1045,0.3704,0.0119,0.134,1
202502,40119,"payne, ok",251433,0.0465,0.0631,202,-0.0736,-0.0336,59,-0.0669,-0.0444,76,0.0556,-0.1556,0,-1,-1,32,0.6,0.2308,138,0.2377,0.2661,155,-0.0221,0.0021,1806,0.0627,0.0776,400932,0.0427,0.1215,338,0.0321,0.0714,0.6849,0.1722,0.1621,0
202502,17063,"grundy, il",356200,-0.0738,-0.0449,55,-0.1926,0.0093,61,-0.0833,0.3672,38,0.4615,-0.05,0,-1,,18,0.5,0.5,43,0.371,-0.3254,175,-0.0679,-0.0212,1871,-0.0162,-0.0586,408279,-0.0675,-0.07,94,-0.026,-0.2009,0.7798,0.3206,-0.3869,0
202502,31125,"nance, ne",210000,0.0244,-0.056,3,-0.1667,-0.75,134,-0.0447,0.9348,4,1,,0,,,0,,,,,,127,0.0135,-0.156,1620,-0.0089,-0.0403,211928,0.0356,-0.0509,3,-0.1667,-0.8077,,,,0
202502,20041,"dickinson, ks",197975,0.1029,0.1858,44,0.0357,0.5,86,0.0364,-0.1407,22,0.8333,0.2222,0,,,10,0.25,4,20,-0.1333,-0.4,83,0.0213,-0.0027,2011,-0.0677,0.0974,265458,0.0069,0.2892,62,-0.0238,0,0.4483,-0.0874,-0.6724,0
202502,34029,"ocean, nj",584906,0.0693,0.0587,1568,-0.0594,0.0595,47,-0.1966,0.175,776,-0.0276,-0.106,22,1.75,0.8333,308,-0.163,0.0132,1099,0.0087,-0.1699,319,0.0341,0.062,1743,0.0154,-0.0019,875962,0.0561,-0.0361,2639,-0.0296,-0.0445,0.7009,0.0473,-0.1937,0
202502,48445,"terry, tx",230000,0,-0.098,36,0.0758,0.4792,65,-0.1564,-0.0407,10,0.25,0.25,0,,,6,2,2,6,0,-0.1429,111,-0.0119,0.1193,1942,-0.0083,-0.1887,253466,-0.0184,-0.0137,41,0.0513,0.3226,0.169,-0.0128,-0.1227,0
202502,53025,"grant, wa",409000,0.0093,0.0239,288,0.0088,0.6061,97,-0.0373,0.2857,110,0.3415,0.7188,2,0,,46,-0.0417,0.2778,125,0.25,0.3089,259,0.0071,0.1143,1649,0.0047,-0.0416,476013,-0.0056,0.0255,409,0.0651,0.4712,0.4348,0.0839,-0.0987,1
202502,55105,"rock, wi",342225,0.0164,0.0864,185,-0.0844,0.0696,56,-0.1423,0.104,134,0.1167,-0.0429,0,,-1,44,-0.0435,0.5714,191,0.2013,-0.0104,193,0.0213,0.1206,1677,0.0068,0.0529,357553,0.0055,0.0824,376,0.043,0.033,1.0352,0.2461,-0.0836,0
202502,32027,"pershing, nv",272500,0.09,0.107,10,0.0556,0.9,118,-0.0801,0.3011,2,,,0,,,0,,,2,0,-0.4286,174,0.0218,-0.19,1248,0.0081,0.0829,328293,-0.0064,0.3132,12,0.0909,0.3333,0.2105,-0.0117,-0.4895,0
202502,46009,"bon homme, sd",145000,0.1048,-0.4642,6,0,-0.25,106,0.3333,0.0761,2,0,,0,,,2,0,-0.5,2,0.3333,-0.5556,111,0.0519,-0.2895,1814,0,-0.0792,209867,0.1624,-0.3518,8,0,-0.36,0.3333,0.0833,-0.2292,1
202502,22049,"jackson, la",264000,0.0456,0.1879,18,-0.1429,0.2857,114,0.1844,0.1633,0,-1,-1,0,,,4,1,0,4,1,-0.4667,128,0,0.3674,2000,0.0198,-0.2311,271617,0.0313,-0.0922,22,-0.0435,0.0476,0.2222,0.127,-0.3135,1
202502,13167,"johnson, ga",252450,0,0.4859,12,0.0909,0,127,0.2177,0.0784,6,2,0.5,0,,,2,-0.5,0,7,-0.125,0.1667,133,0.0874,0.2544,2026,0,0.1642,244700,-0.007,0.2891,19,0,0.0857,0.5833,-0.1439,0.0833,0
202502,13043,"candler, ga",272450,0.0091,0.0334,15,-0.1471,0.9333,120,0.0573,0.3296,6,0,0.5,0,,,4,1,,6,-0.0769,0.0909,167,0.0852,0.0256,1764,0.0092,0.0491,413168,0.0393,-0.3216,21,-0.0889,0.5185,0.4138,0.0314,-0.3195,0
202502,42093,"montour, pa",310950,-0.0468,-0.2006,35,0.0769,0.75,114,-0.0194,2.1818,20,1.5,0,0,,,4,-0.6667,1,22,0.8333,0.6923,185,0.0313,0.0367,2028,-0.0508,-0.1646,463220,-0.0255,0.0549,57,0.2989,0.7121,0.6286,0.2593,-0.0214,1
202502,46057,"hamlin, sd",349900,-0.0669,0.3096,13,-0.0714,0.8571,63,-0.3169,-0.6594,6,0,0.5,0,,,2,-0.5,,5,0,0.5,192,-0.1362,-0.0253,1353,-0.0883,-0.2502,425435,-0.0829,-0.4908,19,0.0571,0.85,0.3462,0.0247,-0.0824,1
202502,13263,"talbot, ga",414950,-0.1701,0.4042,10,-0.1364,-0.1364,45,-0.104,-0.4723,4,,1,0,,,4,,1,6,0.3333,0,148,-0.1666,-0.1106,2593,0.0422,0.1576,420103,-0.1939,0.2694,16,-0.0313,-0.0882,0.6316,0.2225,0.0861,1
202502,55065,"lafayette, wi",399000,0.0303,0.7424,13,0.04,-0.2121,80,-0.2195,-0.1398,2,0,-0.5,0,,,0,,-1,7,0,-0.4615,234,0.3784,0.5974,2026,-0.069,0.0892,486346,0.0493,0.2793,20,0,-0.322,0.5385,-0.0215,-0.2494,1
202502,25027,"worcester, ma",539500,0.0229,0.0133,626,-0.0465,0.2386,39,-0.22,0.3448,484,0,-0.0833,14,-0.2222,0.1667,146,-0.27,0.3774,120,0.048,-0.1892,290,-0.0027,0.0085,1888,0.0134,0.0375,627427,0.0069,0.0147,751,-0.0266,0.1457,0.1918,0.0173,-0.1012,0
202502,39143,"sandusky, oh",207450,0.0921,0.277,61,-0.1095,0.2323,64,-0.0412,0.2133,42,0.4,0,0,,,10,-0.1667,0,52,0.1818,0.1685,125,0,0.1081,1548,-0.0132,0.0085,215706,-0.0166,0.065,110,-0.0045,0.1711,0.8525,0.2101,-0.0465,0
202502,48197,"hardeman, tx",85000,-0.182,-0.5584,17,0.0313,1.5385,107,0.1036,-0.242,0,-1,-1,0,,,0,,,1,0,0,74,-0.0019,-0.1622,1512,-0.1207,-0.0768,116572,-0.1174,-0.2714,18,0.0588,1.4,0.0606,-0.0019,-0.0932,1
202502,12099,"palm beach, fl",504250,-0.0161,-0.1036,14165,0.0562,0.3104,73,-0.0267,0.2167,4084,0.0608,0.0691,112,-0.1765,-0.2821,5404,0.2089,0.2193,3092,0.3254,-0.0596,314,-0.0075,-0.0661,1503,0.0017,-0.0202,1442576,0.0041,-0.0746,17245,0.0962,0.2242,0.2183,0.0443,-0.0859,1
202502,18121,"parke, in",268750,0.075,-0.1823,41,0.038,0.2615,108,0.1108,0.4463,8,1,0.3333,0,,,14,0.75,0.75,10,-0.1667,-0.0476,144,-0.0136,0.2235,2041,0.0134,-0.1451,346484,0.0067,-0.1105,50,-0.0294,0.1512,0.2439,-0.0599,-0.0792,1
202502,39145,"scioto, oh",195900,0.0451,0.1054,111,-0.0263,0.1563,86,0.0857,-0.0256,52,0.8571,0.04,0,,,28,0.4,0.0769,52,0.0505,0.5294,129,0.0072,0.1794,1559,-0.0133,0.0233,280718,0.0503,0.1288,162,-0.0031,0.2471,0.4685,0.0343,0.1143,0
202502,13197,"marion, ga",245000,-0.273,0.1239,10,0.1176,-0.24,136,0.1266,0.1627,2,0,0,0,,,2,-0.5,,1,-0.5,-0.6667,108,-0.3469,0.047,1992,0,0.0161,400683,-0.3163,0.6601,11,0.0476,-0.2903,0.1053,-0.13,-0.1347,0
202502,48497,"wise, tx",429900,0,-0.0941,441,-0.0178,0.176,79,-0.0814,0.0464,120,0,-0.1045,8,-0.2,-0.3333,140,0.0294,-0.1358,143,0.3194,-0.007,206,0.0066,-0.013,2041,-0.0164,-0.0829,540410,0.0422,-0.0391,580,0.0423,0.1209,0.3231,0.0826,-0.0595,0
202502,48299,"llano, tx",749075,0.0063,0.0856,484,0.0768,0.2687,117,-0.0189,0.1848,90,0.3636,-0.0816,4,,-0.5,64,0.28,-0.2889,29,0.1373,-0.1077,375,0.0105,0.1507,2131,0.0053,0.0997,1276780,0.0144,0.0861,507,0.0765,0.246,0.0599,0.0032,-0.0253,0
202502,31089,"holt, ne",142250,0.0125,-0.2967,28,0.3095,0.4103,171,-0.0566,2.1521,6,-0.25,0,0,,,2,,-0.5,12,-0.2581,-0.08,108,0.052,-0.0538,1644,-0.0661,0.0299,173270,-0.0473,-0.2744,38,0.0411,0.1692,0.4182,-0.3199,-0.2228,1
202502,51019,"bedford, va",421400,-0.006,-0.0008,204,0.0226,0.109,58,-0.2628,-0.0726,98,0.3611,0.0889,8,0.3333,1,56,0,-0.1765,128,0.1087,0.0451,222,0.0183,0.1134,2038,-0.046,-0.0641,562812,-0.0334,-0.0364,329,0.0462,0.077,0.6265,0.0486,-0.0383,0
202502,50017,"orange, vt",505000,0.0161,0.3695,41,-0.0889,0.2424,100,-0.034,0.4686,10,0,-0.2857,0,,,2,-0.5,-0.6667,20,0.2903,0.4286,234,-0.0094,0.1531,2098,0.0336,0.1263,662597,0.0089,0.0494,61,0,0.2979,0.4878,0.1434,0.0636,0
202502,47029,"cocke, tn",352175,-0.0278,-0.0627,128,0.0366,0.6346,95,-0.0475,0.0079,48,2,0.7143,0,-1,,44,-0.0435,1.2,30,0.1569,-0.2027,232,-0.0018,0.0613,1524,-0.0454,-0.0406,435398,-0.0507,-0.1935,158,0.0465,0.3938,0.2314,0.0241,-0.243,1
202502,41009,"columbia, or",517500,0.0301,0.0388,138,0.0222,0.3081,91,-0.0241,0.2373,40,-0.1304,-0.0476,10,0.6667,0.25,54,0.125,0.4211,64,0.1743,0.219,284,-0.0149,-0.0615,1849,0.0026,0.0759,588056,0.0044,-0.005,202,0.0577,0.2673,0.4638,0.0601,-0.0339,0
202502,31151,"saline, ne",225000,0,-0.2325,18,-0.1818,0.7143,52,-0.1475,0.0505,6,-0.25,-0.25,0,,,0,,-1,13,0.3684,1,144,0.0456,0.2097,1703,-0.0551,-0.1144,273105,-0.0218,-0.0822,31,-0.0161,0.6944,0.7222,0.2904,0.1032,1
202502,36119,"westchester, ny",639000,-0.0078,-0.0154,1130,0.0626,-0.0321,59,-0.2237,0.2041,730,0.1027,0.1027,22,0.8333,10,158,0.0822,0.1286,1271,-0.0272,33.8082,374,0.0177,0.0106,1498,-0.0179,-0.063,1156521,-0.0018,-0.0472,2396,0.0135,0.9834,1.1248,-0.1038,1.0936,0
202502,41069,"wheeler, or",324500,-0.0069,0.3098,12,0,0.5,179,0.3333,0.2832,0,,,0,,,0,,,1,-0.6667,0,187,-0.0403,-0.0451,1644,0.0003,0.148,3429892,-0.0007,11.9101,13,-0.1333,0.4444,0.0833,-0.1667,-0.0417,0
202502,31081,"hamilton, ne",242650,-0.0149,-0.0275,26,-0.1613,0.4857,56,-0.125,-0.5642,10,0.25,0.25,0,,,6,-0.25,2,8,0.6667,2.75,126,0.0125,-0.1875,2274,-0.0766,0.3157,283891,-0.0353,-0.1348,34,0,0.7436,0.2885,0.1433,0.1742,0
202502,32017,"lincoln, nv",480000,0.1073,0.608,20,0.1429,0.25,128,-0.1021,-0.1267,6,,0.5,0,,,0,,-1,2,0,1,189,0.0331,0.247,2446,-0.1181,-0.0049,785830,0.0508,0.3467,22,0.1282,0.3333,0.1,-0.0143,0.0375,1
202502,28121,"rankin, ms",349850,-0.0163,-0.026,462,0.0109,0.2537,81,-0.0212,0.0222,172,0.1026,0.0361,2,-0.75,0,150,0.2295,0.2931,218,0.2786,-0.0439,173,-0.0027,0.0204,2050,0.0027,-0.0282,378806,-0.0035,-0.0597,675,0.0706,0.1308,0.4719,0.0988,-0.1469,0
202502,28017,"chickasaw, ms",151750,-0.1132,-0.1068,19,-0.0732,0.1875,98,-0.0297,-0.0667,8,0.3333,1,0,,,4,,1,7,0.1667,-0.4815,72,-0.123,-0.2202,2140,-0.0129,0.189,203977,-0.0614,0.0858,26,0,-0.1034,0.3684,0.0757,-0.4753,1
202502,31003,"antelope, ne",287500,0.0268,-0.2581,8,-0.1176,-0.25,130,0.5854,-0.0747,2,-0.5,,0,,,4,,,8,0.1429,4.3333,161,0.1018,0.0733,1686,-0.0415,-0.0186,384911,-0.2002,-0.2321,16,0.0667,0.4545,1.0667,0.2431,0.9167,1
202502,51173,"smyth, va",215000,0.0754,-0.0249,54,-0.2,0.6119,92,0.1366,-0.183,10,-0.4444,-0.1667,0,,,14,0,1.3333,24,0.4242,-0.06,143,0.1178,0.1116,1491,-0.016,-0.2117,263650,0.1109,0.0561,78,-0.0606,0.3248,0.4352,0.1907,-0.3111,0
202502,13185,"lowndes, ga",292400,0,-0.025,281,-0.0053,-0.0175,48,-0.2351,0.0213,166,0.169,0.2206,4,1,-0.3333,68,-0.0286,-0.0556,28,-0.0175,-0.8739,158,0.0299,0.0025,1870,-0.0016,-0.0356,346424,0.041,-0.0075,307,-0.0129,-0.3915,0.0996,-0.0012,-0.6766,0
202502,13061,"clay, ga",424950,0.0304,0.2142,10,0,-0.4118,135,-0.0092,0.214,4,,,0,,,2,0,-0.6667,3,0.5,0,188,0.146,0.4297,2565,-0.0217,0.0376,554665,0.0419,0.2187,13,0.0833,-0.35,0.3,0.1,0.1235,0
202502,39099,"mahoning, oh",177425,-0.0512,0.0027,407,-0.0557,0.1783,70,-0.0278,0.1475,206,0.3377,-0.0096,0,-1,-1,144,-0.0137,-0.027,247,0.1151,-0.0408,127,-0.0471,0.0929,1716,0.0563,0.0844,246366,-0.0097,-0.0012,654,0.0031,0.091,0.6076,0.0931,-0.1388,0
202502,39069,"henry, oh",224900,-0.1383,0.1689,31,0.0517,0.6944,51,-0.1477,0.0306,16,0.3333,0.1429,0,,,6,0.5,0.5,20,-0.0698,0.0526,141,-0.0777,0.2436,1616,-0.0398,-0.0702,240614,-0.0878,0.0207,52,0.0098,0.411,0.6557,-0.0856,-0.3998,0
202502,48039,"brazoria, tx",372498,-0.0062,-0.0118,1512,0.0124,0.1887,60,-0.0916,0.1019,504,0.1053,0.05,98,0.0426,2.5,456,0.0704,0.1457,572,0.3607,0.0712,174,0.0086,0.0156,1987,-0.0117,-0.0222,418758,-0.0174,-0.0067,2083,0.094,0.1502,0.378,0.0968,-0.0414,0
202502,08027,"custer, co",597450,0.0636,-0.0808,120,0,0.25,160,0.115,0.0306,18,-0.3571,0,0,,,16,0.1429,1,14,0.1667,0.4737,286,0.0086,-0.1028,2123,0.0474,0.006,689474,0.0101,-0.1652,134,0.023,0.2775,0.1167,0.0167,0.0177,0
202502,48285,"lavaca, tx",275225,-0.0024,-0.055,56,0.037,0.0275,115,0.011,0.1393,10,0.25,-0.2857,0,,,10,0.25,-0.375,10,0,0,146,-0.0018,-0.1377,1716,-0.0246,-0.0069,315772,-0.0558,-0.0793,66,0.0476,0,0.1786,-0.0066,-0.0049,0
202502,28129,"smith, ms",173725,-0.0455,-0.2287,15,-0.0938,-0.383,81,-0.3913,-0.2088,4,1,-0.6,0,,,0,,-1,3,-0.4,-0.6471,101,-0.0104,-0.227,1807,-0.019,-0.149,245199,-0.1378,-0.0886,18,-0.1463,-0.4531,0.2069,-0.1056,-0.1548,1
202502,48213,"henderson, tx",336000,0.0086,0.0419,685,0.0347,0.0482,89,-0.1078,0.0854,198,0.5231,-0.0388,8,1,0.3333,174,0.1154,0.1447,119,0.2461,-0.0556,198,0.0075,0.0347,1839,0.0049,0.0205,645003,0.0664,-0.0384,799,0.0583,0.031,0.1737,0.0295,-0.0191,0
202502,16035,"clearwater, id",349250,0.1212,-0.0542,27,0,0.2273,94,-0.1053,-0.1221,10,1.5,0.25,0,,,6,0.5,,8,0.25,0.0714,193,0.1937,-0.2485,2184,0.0102,0.0804,604833,0.1695,0.0324,34,0.0462,0.1333,0.2778,0.0556,-0.0404,0
202502,32003,"clark, nv",469974,0.0053,0.0109,7447,0.0377,0.6079,47,-0.2419,0.1899,3252,0.0363,0.1973,258,-0.0153,0.6538,2588,0.1742,0.8754,2751,0.2605,-0.0334,271,0.0045,0.0303,1754,0.0026,-0.0368,776946,0.0097,-0.0435,10191,0.0895,0.3559,0.3694,0.0653,-0.2451,0
202502,19029,"cass, ia",219100,-0.0735,0.0768,45,0.0595,0.8542,109,-0.0583,0.3754,12,0.2,0,0,,,2,-0.6667,-0.6667,13,0.3889,0.25,115,0.0053,0.0494,1713,-0.0613,0.139,246940,-0.0567,-0.0654,57,0.1176,0.7273,0.2809,0.0666,-0.1358,0
202502,47175,"van buren, tn",294175,-0.0856,-0.1595,39,0,0.4717,122,0.1731,0.4311,6,-0.25,-0.4,0,,,4,-0.5,-0.3333,5,-0.3571,-0.6786,199,-0.0159,0.0409,1600,-0.0627,-0.2905,414803,-0.0428,-0.1262,43,-0.0337,0.075,0.1154,-0.0641,-0.4129,1
202502,47075,"haywood, tn",219250,0.0493,-0.1031,55,-0.018,0.3293,91,0.074,0.0491,10,0,-0.4444,0,,,18,0,-0.1818,10,0.5385,-0.1667,137,0.0155,0.0111,1812,0.005,-0.0602,245255,0.0359,-0.1227,64,0.0323,0.1963,0.1835,0.0664,-0.1092,1
202502,02060,"bristol bay borough, ak",219500,-0.0244,-0.4261,3,-0.1429,0.5,70,0.3084,-0.6796,0,-1,,0,,,0,,,1,-0.5,0,326,-0.0556,-0.0381,1044,0,-0.3059,260800,-0.0219,-0.3181,4,-0.3,0.1667,0.3333,-0.2381,-0.1667,1
202502,13307,"webster, ga",341500,-0.3544,,6,0.1,,134,0.1828,,0,,,0,,,0,,,1,,,148,-0.3594,,1624,0.0057,,380023,-0.1528,,6,0.2,,0.1818,,,0
202502,29105,"laclede, mo",260975,0.0316,0.1005,98,-0.025,0.0372,72,-0.285,0.0792,38,0.3571,0.0556,0,,,16,-0.1111,-0.2,40,0.0128,-0.1684,146,0.008,0.0217,1728,0.031,0.121,352894,-0.0145,0.3592,139,-0.0107,-0.0177,0.4051,0.0151,-0.1002,0
202502,48011,"armstrong, tx",272500,-0.0333,0.2386,10,0.1111,9,48,-0.1324,-0.5128,0,-1,,0,,,2,0,,2,,0,160,-0.0243,0.1658,1800,-0.0152,0.125,326848,-0.0704,0.4857,11,0.2222,2.6667,0.2,,-1.8,1
202502,24003,"anne arundel, md",545900,0.0398,0.0228,642,0.0372,0.366,31,-0.3034,-0.1268,564,0.2589,0.093,40,-0.4595,-0.2,176,0.2394,0.375,652,0.0619,0.0593,276,0.0037,0.0185,1947,0.0155,0.0266,775280,0.0555,-0.0079,1299,0.0557,0.1962,1.0156,0.0237,-0.294,0
202502,47165,"sumner, tn",449950,-0.0333,-0.0771,795,0.0338,0.3593,43,-0.1053,0.3281,390,0.3929,0.2188,26,-0.2778,0.8571,286,0.402,0.5376,445,0.2027,1.6888,230,-0.0033,0.0004,2042,-0.0327,-0.0822,585177,-0.0511,-0.0305,1231,0.0779,0.6413,0.5601,0.0786,0.277,0
202502,17079,"jasper, il",159975,0.0002,0.2259,10,0.1111,-0.1667,85,0.2014,-0.2511,4,,-0.3333,0,,,2,,-0.5,8,-0.0588,-0.3043,80,0.3118,0.2911,2027,-0.1712,0.2666,195683,0.0367,0.1307,18,0.0588,-0.234,0.8,-0.1444,-0.1583,0
202502,20037,"crawford, ks",156725,0.028,-0.1843,107,0.0439,0.6589,90,0.1511,0.1776,22,0,-0.2143,0,,,20,-0.2857,0.6667,30,0.0727,-0.2716,112,0.0045,-0.0579,1429,-0.0138,-0.0669,196043,-0.0325,-0.1916,134,0.0349,0.2714,0.2757,0.0074,-0.3522,1
202502,06063,"plumas, ca",416250,-0.0018,-0.0483,114,-0.042,0.2193,138,0.0415,0.0415,24,-0.1429,0.0909,0,,,12,-0.4,0.2,29,0.0364,0.2128,267,0.0034,0.0094,1667,-0.021,-0.0346,604078,0.0008,-0.0329,143,-0.024,0.2391,0.25,0.0189,-0.0013,0
202502,31023,"butler, ne",255000,-0.0267,-0.1013,25,-0.0392,3.0833,119,0.193,0.4922,0,-1,-1,0,,,8,0.3333,3,2,0.3333,-0.2,179,-0.037,0.0059,1609,0.0268,-0.0889,265272,-0.0389,-0.0128,27,0.0385,2.1765,0.0816,0.0228,-0.335,1
202502,30067,"park, mt",647200,-0.0843,-0.1364,64,0.0323,0.3196,112,0.009,0.0045,22,1.75,0.2222,0,,,4,-0.7143,-0.3333,15,-0.0333,-0.3409,350,-0.0529,-0.0375,2056,-0.0251,-0.1262,1183979,-0.0512,-0.1646,80,0.0256,0.1679,0.2266,-0.0154,-0.227,1
202502,19133,"monona, ia",168700,-0.1456,0.1547,26,0.186,0.5455,81,-0.3105,-0.0417,12,5,2,0,,,6,0,0.5,4,0.1667,2.5,125,0.0499,-0.0084,1663,-0.0575,0.1043,290722,-0.1061,0.7578,30,0.2041,0.6857,0.1373,-0.0023,0.0766,1
202502,42107,"schuylkill, pa",147000,-0.0195,0.0576,264,-0.04,0.4194,72,-0.0592,0.1673,126,0.0678,0.1667,2,,,68,0,0.0303,142,0.1142,0.0107,94,0,-0.0492,1654,0.0367,0.1495,227800,0.0179,0.2145,407,0.0201,0.2562,0.536,0.0742,-0.2167,0
202502,55053,"jackson, wi",230375,0.0616,0.0806,33,-0.0152,0.8056,77,0.0164,0.2664,8,-0.4286,1,0,,,8,1,0,13,0.2381,0.2381,152,0.004,0.1052,1600,0.0141,-0.0241,295237,0.0694,-0.0163,45,0.0465,0.6071,0.4,0.0818,-0.1833,1
202502,51840,"winchester, va",408225,0.0283,-0.0096,33,-0.0972,0.3,36,-0.4644,-0.0592,18,0,0.5,0,,,6,-0.5,0.5,39,0.2833,0.4528,222,0.0864,0.0498,1882,-0.0831,-0.0777,534785,0.0324,0.1291,71,0.0923,0.3786,1.1846,0.3513,0.1246,0
202502,18061,"harrison, in",277445,-0.0538,-0.0177,56,0.098,-0.0508,31,-0.396,-0.3068,48,1.4,1,0,,,10,0,-0.5,3,0.5,0.5,163,0.0068,-0.051,1745,-0.0273,-0.0458,301624,0.0024,-0.0664,59,0.1569,-0.0328,0.0536,0.0144,0.0197,1
202502,22057,"lafourche, la",226000,0.0044,-0.0583,317,-0.0155,0.2886,119,0.0259,0.0892,86,0.5357,0,0,-1,,70,0.1667,0.0294,71,0.2051,-0.0473,132,0.01,0.0107,1800,-0.0248,-0.0355,287028,-0.0072,0.0044,390,0.025,0.2172,0.2224,0.0407,-0.0784,0
202502,28161,"yalobusha, ms",235375,0.0711,-0.0788,27,-0.1587,0.3947,99,0.3881,0.3233,10,1.5,1.5,0,,,8,-0.4286,,10,0.3571,-0.24,124,0.0374,-0.0914,1650,0,-0.1442,241712,0.0436,-0.1511,38,-0.026,0.2097,0.3585,0.1363,-0.2994,1
202502,19159,"ringgold, ia",700500,0.0438,2.4296,20,-0.025,0.0263,70,-0.1913,-0.42,2,-0.5,-0.75,0,,,0,-1,-1,3,-0.25,-0.1429,330,0,1.1617,1567,0,0.1276,685289,-0.0215,0.8834,23,-0.0426,-0.0217,0.1538,-0.0462,-0.0304,1
202502,42007,"beaver, pa",194950,0.0023,0.0687,272,-0.1097,0.0187,81,-0.0092,0.3306,126,0.1053,-0.137,6,,2,100,0.1905,-0.1071,215,0.2392,-0.0466,133,0.0144,0.038,1477,-0.0054,-0.0059,242196,-0.0327,-0.0516,487,0.0167,-0.0092,0.7904,0.2225,-0.0541,0
202502,40105,"nowata, ok",187000,0.0122,0.0795,15,0.25,0.875,57,-0.1024,0.1937,8,,1,0,,,4,1,0,5,-0.375,-0.375,91,0.0115,-0.0307,1868,-0.133,0.299,188163,0.0296,-0.3915,21,0.025,0.2813,0.3333,-0.3333,-0.6667,1
202502,05007,"benton, ar",447313,0.0046,0.0016,1103,0.0166,0.0275,63,-0.0809,-0.2038,584,0.1822,0.0391,56,-0.0667,0.1667,356,0.1484,0.2027,987,0.1647,0.1313,217,-0.0027,0.0407,2023,-0.0006,-0.0293,615496,-0.0133,-0.0012,2092,0.0806,0.075,0.8948,0.1138,0.0821,0
202502,19039,"clarke, ia",187450,0.0371,-0.2953,33,-0.1081,-0.0149,113,0.2411,0.2906,4,0,-0.6,0,,,8,0,-0.2,16,0.0667,0.4545,158,-0.0066,-0.0579,1320,-0.003,-0.0086,226107,-0.0352,-0.1574,50,-0.0388,0.1,0.4848,0.0794,0.1565,1
202502,49051,"wasatch, ut",1337500,-0.0035,-0.0497,517,0.0279,0.0208,87,-0.0492,0.0265,172,0.4828,0.303,10,-0.375,-0.2857,78,-0.3036,0.2188,371,0.0816,0.0137,525,0.0063,-0.0299,3236,0.0007,0.0338,2362598,0.0059,0.0604,887,0.0597,0.029,0.7183,0.0357,-0.005,0
202502,20045,"douglas, ks",425500,0.0652,0.1068,124,-0.1111,0.0333,67,-0.029,0.0894,64,-0.0588,-0.1795,0,,,12,-0.4545,-0.4,98,0.1951,0.0595,217,0.0211,0.0287,1896,-0.0494,0.0488,540720,-0.0017,0.1817,220,-0.0113,0.0378,0.7903,0.2025,0.0195,0
202502,08113,"san miguel, co",3700000,0.0571,-0.0976,174,0.0743,0.1966,152,-0.024,0.1174,30,0.3636,0.25,0,,,18,0.125,0.8,46,0.1646,0.5082,1744,-0.0059,0.1167,2284,0.0505,-0.1988,5319561,0.0574,-0.0789,220,0.1083,0.25,0.2651,0.0205,0.0548,0
202502,35028,"los alamos, nm",798000,0.0644,-0.0437,36,-0.0649,1.88,81,0.1413,0.4292,16,0.3333,0.3333,0,,,12,0.2,5,24,0.0217,0.093,324,-0.0062,0.1098,2260,-0.0266,-0.1863,771132,0.0628,-0.1028,60,-0.048,0.75,0.6528,0.0554,-1.0672,1
202502,19057,"des moines, ia",139900,-0.0004,0.0272,139,-0.028,1.3167,67,0.0307,0,36,-0.2174,-0.1818,0,,,28,-0.125,1.8,47,0.2051,-0.0408,103,0.0176,0.0974,1411,0.0144,-0.0851,198651,-0.0403,0.0633,185,0.0306,0.6972,0.3381,0.0654,-0.4785,0
202502,51540,"charlottesville, va",532000,-0.0171,-0.2345,40,0.3167,0.1791,34,-0.5705,0.34,32,2.2,-0.1111,4,,1,8,,0,28,0.2174,-0.1111,333,0.0308,-0.05,1710,-0.0177,-0.1441,828613,-0.0206,-0.0221,69,0.2925,0.0538,0.7089,-0.0578,-0.2314,1
202502,20183,"smith, ks",147500,0.0727,-0.0391,15,0.0345,0.1538,73,0.187,-0.4691,0,-1,-1,0,,,4,,,1,-0.5,-0.6,102,0.023,-0.0205,1382,0.0058,-0.0521,383595,0.0729,0.9958,16,0,0,0.0667,-0.0713,-0.1256,1
202502,13293,"upson, ga",247450,-0.0313,-0.0049,111,0.0376,0.6014,85,0.1267,0.0242,38,0.3571,0.5833,0,,,20,-0.2857,0.1111,22,-0.0638,-0.2414,154,-0.0127,0.0969,1666,-0.02,-0.0647,332620,-0.0319,-0.0558,133,0.0271,0.3802,0.1991,-0.0216,-0.2212,0
202502,31175,"valley, ne",212500,-0.1099,-0.3929,15,-0.0938,3.8333,127,0.1187,-0.0943,2,,,0,,,0,,,5,-0.1667,,168,-0.0114,-0.1509,1449,-0.0163,-0.1374,251911,-0.0167,-0.164,19,-0.1163,5.3333,0.3448,-0.0302,,1
202502,51163,"rockbridge, va",346750,-0.1302,-0.0458,49,-0.1478,0.0103,83,0.0312,-0.138,18,0.5,-0.1818,0,,,6,-0.625,-0.25,20,-0.0698,1.1053,173,-0.0833,-0.1664,2071,-0.0085,0.004,518138,-0.115,-0.1522,68,-0.1392,0.1724,0.4082,0.0343,0.2123,0
202502,48401,"rusk, tx",283225,0.0119,-0.0317,156,0.0298,0.2341,97,0.0158,0.3986,30,-0.1176,-0.3478,0,,,42,0.2353,0,37,0.3455,-0.0263,145,0.0046,-0.0273,1929,0.0378,-0.0087,368351,0.0142,-0.0279,193,0.0966,0.1768,0.2379,0.0558,-0.0636,0
202502,48153,"floyd, tx",119675,0.5502,0.3297,15,0.5,0.3636,28,-0.7494,-0.7971,2,-0.5,0,0,,,0,,,1,0,-0.8,76,0.2109,0.2295,1706,-0.1251,0.0016,118511,0.0761,0.0844,16,0.4545,0,0.0667,-0.0333,-0.3879,1
202502,38099,"walsh, nd",167350,0.0479,-0.0423,13,-0.1034,-0.037,88,-0.1501,-0.1203,2,-0.6667,-0.5,0,,,4,,,8,2.75,-0.2105,73,-0.0114,-0.0531,2185,-0.0206,-0.0402,192585,0.0577,-0.0177,20,0.1429,-0.0909,0.5769,0.439,-0.1268,0
202502,31019,"buffalo, ne",327975,-0.035,-0.0351,47,-0.0971,-0.3261,78,0.1429,-0.2334,30,0.25,0.25,0,,,8,-0.2,-0.6,52,0.1573,0.051,132,-0.016,-0.0032,2670,-0.0403,0.0522,384515,-0.0374,0.0624,98,0.0262,-0.173,1.1075,0.2434,0.3974,0
202502,51149,"prince george, va",384000,0.0608,0.0099,33,0.0156,0.1207,59,-0.0888,-0.0126,20,0.1111,-0.1667,0,,,14,1.3333,0.75,29,-0.1857,-0.2297,201,-0.0171,0.0264,1877,0.037,-0.021,467343,0.0646,0.1398,59,-0.1324,-0.0853,0.8769,-0.2168,-0.3989,0
202502,13037,"calhoun, ga",239900,0.0667,0.2195,5,-0.0909,1,132,0.414,1.0076,2,,-0.5,0,,,0,,,2,0.5,0.5,97,0.0335,-0.0189,2470,0.0321,0.1071,537170,0.0459,1.5433,7,0.0833,1.1667,0.3,0.1182,-0.1,1
202502,18131,"pulaski, in",224950,-0.0606,0.0463,35,-0.1139,0.7949,124,0.2462,0.8717,8,0,0,0,-1,,8,-0.2,0,9,0.4167,0.0625,99,0.0134,-0.1548,1879,-0.0577,0.071,215040,-0.0383,0.0306,44,-0.033,0.6,0.2429,0.091,-0.1674,0
202502,08093,"park, co",620000,-0.006,-0.0534,225,0.0113,0.5754,130,-0.0527,0.223,64,0.3913,0.6,2,0,-0.5,40,0.1111,0.8182,47,0.0941,-0.1468,360,0.0074,0.0517,1793,0.0114,-0.0825,823982,0.077,0.1029,271,0.0246,0.3731,0.2071,0.0157,-0.1753,0
202502,12063,"jackson, fl",249500,-0.0016,-0.1006,139,0.0775,0.5275,93,-0.0387,-0.2388,36,-0.0526,0.0588,0,,,36,0.0588,0.6364,30,0.0714,-0.2308,149,-0.0097,0.0134,1723,0.0699,-0.0446,281823,0.0181,-0.1037,170,0.0865,0.3191,0.2158,-0.0012,-0.2127,1
202502,13137,"habersham, ga",379573,-0.014,-0.0498,162,0.0031,0.6649,66,0.0077,0.335,60,0.0345,-0.0625,2,0,0,42,0,0.75,48,0.1429,-0.3642,207,0.0227,0.0967,1927,-0.0077,-0.1193,512122,0.0045,-0.1378,209,0.0296,0.2294,0.2972,0.0363,-0.4811,0
202502,28113,"pike, ms",189250,-0.0024,0.052,89,0.0289,-0.022,87,-0.0519,-0.3327,34,0.4167,0.5455,0,,,22,0.2222,0.2222,35,0.1667,-0.0667,95,0.0462,0.0788,1945,-0.0326,0.0317,224467,-0.0273,-0.0827,123,0.0603,-0.0315,0.3933,0.0464,-0.0188,0
202502,21119,"knott, ky",199250,-0.0444,-0.0912,13,0,-0.1613,74,-0.0484,-0.0134,6,0.5,0.5,0,,,0,-1,-1,6,-0.3684,2,133,0.015,0.2074,1778,0.0049,-0.0252,276332,-0.0148,0.3703,20,-0.1333,0.1471,0.4615,-0.2692,0.3325,0
202502,48003,"andrews, tx",342125,0.0887,0.1707,35,-0.1954,-0.2308,72,-0.1173,0.5213,16,0.1429,-0.2727,0,,,10,0.25,-0.1667,13,0.8571,-0.2778,176,0.0453,0.1683,2148,-0.0122,0.0519,399789,0.021,0.0985,47,-0.0693,-0.2713,0.3714,0.2105,-0.0242,0
202502,54019,"fayette, wv",189450,0.0525,0.2846,50,0.0526,-0.1071,84,-0.0845,0.2174,22,0.5714,-0.1538,0,,,8,-0.4286,-0.4286,9,-0.55,-0.6087,119,-0.0116,0.4753,1555,-0.0003,0.0039,276587,-0.0305,0.4236,61,-0.1103,-0.2342,0.18,-0.2411,-0.2307,0
202502,48205,"hartley, tx",342425,0.0785,-0.0474,29,-0.1077,0.8125,111,0.1978,-0.2508,4,,,0,,,4,0,,2,-0.25,,145,0.0005,0.0183,2219,0.0408,-0.2698,356148,0.0346,-0.1191,31,-0.1029,0.9063,0.0517,-0.0098,,0
202502,17129,"menard, il",157400,-0.0941,-0.1052,19,-0.05,0.8095,72,0.0515,0.0142,4,-0.6667,-0.5,0,,,6,-0.25,2,21,0,0.3226,99,-0.0261,0.2162,1888,0.1191,-0.024,255485,-0.023,0.261,40,-0.0595,0.58,1.0789,0.0539,-0.3972,1
202502,19191,"winneshiek, ia",294675,-0.0484,0.0602,17,-0.0571,0.2692,46,-0.2161,-0.3463,10,-0.2857,0.25,0,,,4,-0.3333,,18,0.2,-0.1818,190,0.0777,-0.0012,1672,-0.2132,0.013,475324,-0.0549,0.0386,33,0.0476,-0.0435,1.0909,0.2338,-0.6014,0
202502,05073,"lafayette, ar",189250,-0.0987,-0.3795,14,0.0769,0.2727,110,0.095,-0.2626,2,,0,0,,,0,,,1,-0.5,-0.3333,134,-0.0709,0.0572,1804,-0.0189,0.0132,304702,-0.1432,-0.1945,15,0.0345,0.2,0.0714,-0.0824,-0.0649,1
202502,26035,"clare, mi",175750,0.0043,0.1375,108,-0.0487,0.2573,101,0.005,-0.0516,28,0,-0.0667,0,,,18,-0.3077,0.125,30,0.2826,0.1132,144,0.0061,0.094,1270,-0.0238,-0.0368,364479,-0.0342,-0.0955,137,0,0.2287,0.2744,0.0709,-0.0355,0
202502,13067,"cobb, ga",435990,-0.0071,-0.029,1945,0.0242,0.5039,50,-0.1818,0.3562,910,0.1125,0.0066,48,-0.0769,-0.1429,754,0.2361,0.8038,808,0.1763,-0.1189,212,0.0054,-0.0175,2108,-0.0045,-0.0349,560143,0.0103,-0.0432,2722,0.0618,0.2443,0.4153,0.0537,-0.2935,0
202502,29099,"jefferson, mo",315728,0.0045,-0.0191,331,-0.1185,-0.1126,83,0.1573,0.9702,204,0.6721,-0.0556,18,-0.1,-0.8043,76,-0.3214,0.2258,285,0.166,-0.0469,161,-0.0063,-0.1378,1769,0.0054,0.0811,321271,-0.0128,-0.0332,617,-0.0048,-0.0846,0.8595,0.2097,0.0592,0
202502,13317,"wilkes, ga",284000,0.0758,-0.3073,34,-0.0429,0.8108,95,-0.018,0.3368,8,0.3333,,0,,,12,5,,5,-0.0909,-0.1667,129,-0.0066,-0.0163,2312,0.0862,-0.2866,379732,-0.0114,-0.1894,40,0,0.6667,0.1493,-0.0079,-0.1751,1
202502,12123,"taylor, fl",293694,-0.0177,-0.0185,69,0.1417,-0.2595,67,0.0267,-0.1994,26,0.4444,0.3,0,,,14,0.4,-0.2222,11,-0.0833,-0.0435,179,-0.0284,-0.0068,1546,-0.0101,0.066,339234,-0.0019,-0.1308,79,0.0828,-0.2452,0.1606,-0.0394,0.0363,0
202502,20033,"comanche, ks",250000,0,1.4876,1,-0.6667,-0.6667,133,2.6301,1.732,0,,,0,,,0,,,2,3,,111,0,1.4195,2255,0.1868,-0.0305,250000,-0.067,0.3091,3,0,0,2,1.8333,,1
202502,21069,"fleming, ky",270000,-0.0083,0.2,30,0.0172,0.6389,92,-0.0367,0.0223,10,0.6667,4,0,,,4,0,,5,-0.3571,-0.4375,141,0.0446,0.0187,2000,-0.0991,0.3889,328980,0.0186,0.1577,33,-0.0833,0.2941,0.1525,-0.0888,-0.2919,1
202502,35041,"roosevelt, nm",210000,0.0517,0.117,82,0.0449,0.3932,65,-0.1279,-0.2806,24,0.7143,1.4,0,,,22,0.5714,1.2,16,0.069,4.1667,113,0.0014,0.08,1723,0.0047,0.0075,233936,0.0071,0.0444,97,0.0432,0.5691,0.1902,0.0043,0.1389,1
202502,51061,"fauquier, va",767245,-0.0001,0.0664,113,0.066,0.1024,40,-0.3162,-0.3985,100,1.2727,0.6667,6,0,0,18,-0.4,-0.3571,94,0.0447,0.0686,265,-0.0007,-0.1099,2847,0.0073,0.1433,1274613,-0.0358,-0.2624,205,0.0486,0.0847,0.8274,-0.0169,-0.0262,0
202502,05091,"miller, ar",202375,-0.0031,-0.1928,119,0.1019,0.3837,89,-0.0139,0.032,32,0.1429,0.6,0,,,30,0,0.25,30,0.1569,0.0727,117,-0.0428,-0.0901,1843,-0.0199,0.0272,257993,-0.0456,-0.1127,148,0.0926,0.3111,0.2479,0.0118,-0.0719,1
202502,55121,"trempealeau, wi",299450,0.1043,0.0509,41,0.2813,0,39,-0.4185,-0.4228,18,-0.1,-0.1,0,,,12,0.5,0.5,16,-0.0606,-0.2791,167,0.1853,0.0575,1895,-0.0265,0.0024,366485,-0.058,0.0683,56,0.1563,-0.1048,0.378,-0.1376,-0.1463,0
202502,46083,"lincoln, sd",383900,0.006,-0.0023,286,-0.0593,0.0897,63,-0.1319,0.1111,110,-0.127,0.25,0,,-1,36,-0.1,0.6364,111,0.7402,0.0425,218,0.0286,-0.0703,1646,-0.006,-0.0053,463766,0.0284,-0.0055,397,0.0893,0.0731,0.387,0.1778,-0.0175,0
202502,17137,"morgan, il",144950,0.0454,0.0944,30,0.0526,0.25,70,0.188,0.3301,14,-0.3636,-0.4167,0,,,8,0,1,25,0.0652,0.1951,84,0.0172,0.1047,1792,0.0014,0.0401,168332,0.0683,0.1318,55,0.0283,0.2111,0.8167,0.0096,-0.0375,0
202502,13235,"pulaski, ga",187175,-0.0145,-0.169,39,0.2,1,61,0.4104,-0.1867,10,-0.1667,0.6667,0,,,8,0.3333,,9,-0.1429,0,135,0.0317,0.0096,1382,-0.0257,-0.1109,189556,-0.0298,-0.3375,48,0.0556,0.6667,0.2308,-0.0923,-0.2308,1
202502,13065,"clinch, ga",120000,0.0435,-0.5788,5,0.4286,-0.4444,102,0.2609,-0.1362,4,,,0,,,0,,,1,0,,114,0.1756,-0.0472,1130,0.0726,-0.5489,195000,0.6364,-0.1975,6,0.375,-0.3889,0.2,-0.0857,,1
202502,20063,"gove, ks",127450,-0.0189,-0.1503,8,-0.0625,1.5,106,0.2635,0.2485,2,,,0,,,2,0,,4,0.1667,0.75,85,0.0062,0.0032,1760,0,0,136910,-0.0067,-0.1441,11,0,1.2,0.4667,0.0917,-0.2,1
202502,48125,"dickens, tx",58000,-0.0169,-0.4141,2,-0.25,-0.5714,103,-0.3622,-0.1004,0,-1,-1,0,,,0,,,,,,63,0.3304,0.1435,983,-0.2123,-0.4551,57333,-0.3281,-0.3796,2,-0.4,-0.6667,,,,1
202502,40087,"mcclain, ok",347490,0.0221,-0.0381,289,0.0141,0.3419,68,0.0263,0.1568,82,0.4643,-0.1277,0,-1,-1,68,-0.2917,0.2593,86,0.2028,0.0361,181,0.0148,-0.0028,1936,0.0053,-0.0491,507006,0.0025,0.2193,373,0.0508,0.25,0.2981,0.0468,-0.088,0
202502,45015,"berkeley, sc",417309,0.0023,-0.0111,849,0.0404,0.2606,54,-0.126,0.3782,438,0.2303,-0.1609,26,-0.35,-0.1875,424,0.2326,0.2848,362,0.3164,-0.0694,208,-0.0024,0.0161,2113,-0.0112,-0.0172,548716,0.0108,0.0406,1211,0.1095,0.143,0.4264,0.0894,-0.1512,0
202502,12111,"st. lucie, fl",430000,-0.0032,-0.0442,3331,0.0817,0.3607,68,-0.0355,0.1333,974,0.0167,0.1119,60,0.4286,0.25,1308,0.1956,0.2293,773,0.1739,-0.1675,245,-0.0002,-0.025,1762,-0.0014,-0.0208,564861,-0.0087,-0.0418,4098,0.099,0.2169,0.2321,0.0182,-0.1472,0
202502,17075,"iroquois, il",171175,0.0705,0.1609,83,0.0184,0.5962,110,0.1373,0.2688,20,0.4286,-0.1667,0,,,22,0.1,0.8333,22,0.0732,-0.3333,104,0.0634,0.053,1586,0.0092,0.0458,198150,0.0194,-0.0769,105,0.0345,0.2426,0.2651,0.0135,-0.3696,0
202502,47001,"anderson, tn",337475,0.0244,-0.1113,158,0.129,0.4063,46,-0.3534,-0.3321,96,0.7143,0.3714,0,,,70,0.2069,0.4583,81,0.019,-0.139,217,-0.0025,0.044,1604,-0.0455,-0.1481,432967,0.0075,-0.211,246,0.1259,0.1971,0.5111,-0.0552,-0.3237,1
202502,37031,"carteret, nc",577300,-0.0042,-0.0361,487,0.1236,0.3384,96,0.0269,0.4806,162,0.3065,0.1571,8,0.3333,0,108,0.2273,0.3846,193,-0.0351,0.049,326,-0.0536,-0.1001,1899,0.0166,0.0759,789929,0.0563,0.0481,675,0.0672,0.225,0.3957,-0.0651,-0.1091,0
202502,19045,"clinton, ia",144950,0.028,-0.3565,123,0.1233,0.2813,65,-0.0227,-0.1731,50,0.7857,0.3158,0,,,20,-0.3333,-0.2857,41,0.038,-0.0989,95,0.0252,-0.2198,1549,-0.0329,-0.0601,197514,0.0129,-0.214,167,0.125,0.1767,0.3333,-0.0274,-0.1406,1
202502,17191,"wayne, il",138450,-0.065,0.1421,53,0.06,0.8929,92,-0.0054,-0.279,22,0.8333,1.75,0,,,8,-0.2,3,14,0.5,1.4545,89,0.0082,0.2314,1525,-0.0607,0.0136,168377,-0.0313,0.1133,67,0.1368,0.9559,0.2547,0.0747,0.0583,1
202502,02240,"southeast fairbanks census area, ak",300000,0.0638,-0.0358,35,0.0606,0.0769,110,-0.0023,-0.1751,10,0.25,4,0,,,6,0.5,2,1,-0.5,-0.8333,193,0.068,0.0771,1553,-0.0303,-0.1341,396993,0.2894,0.3401,36,0,-0.0649,0.0286,-0.032,-0.156,1
202502,40045,"ellis, ok",113250,-0.094,-0.0563,17,0,-0.0571,111,0.1741,-0.2891,4,0,0,0,,,0,,-1,6,1,1,74,0.0293,0.0362,1488,-0.0525,-0.0106,191591,-0.0315,0.1411,22,0.1892,0.0476,0.3636,0.1818,0.1922,0
202502,16019,"bonneville, id",427200,-0.0063,-0.0179,340,-0.0476,0.488,64,-0.023,0.1916,144,0.125,0.125,2,,-0.6667,114,0.0755,0.7813,159,0.3045,-0.0306,172,-0.0054,0.0138,2734,-0.0058,-0.0069,614750,-0.0141,0.1582,501,0.0416,0.2784,0.4662,0.1258,-0.2494,0
202502,42095,"northampton, pa",393725,-0.0082,-0.001,240,-0.0625,0.0278,32,-0.4386,0.1034,202,0.2024,-0.1441,2,,-0.8571,62,-0.0313,0.0333,82,0.1389,0.1971,196,-0.0064,0.0384,1952,0.0094,-0.0712,511064,-0.0345,-0.0039,322,-0.0168,0.0698,0.3417,0.0604,0.0483,0
202502,31161,"sheridan, ne",162000,-0.0767,-0.0686,13,-0.1071,0.3889,131,-0.0297,-0.2006,2,0,0,0,,,2,,,4,-0.1111,-0.2,90,-0.0968,-0.0258,1887,0.1525,0.0566,248479,0.0335,0.007,17,-0.1081,0.1786,0.32,-0.0014,-0.2356,0
202502,22097,"st. landry, la",174750,-0.0057,-0.1124,194,0.0026,-0.0894,96,-0.045,0.0761,54,0.2857,0.125,0,,,46,0.6429,-0.2069,57,-0.0504,-0.0259,99,-0.0144,-0.062,1676,0.0441,-0.0159,262800,0.0083,-0.0427,251,-0.0118,-0.0773,0.292,-0.0163,0.019,1
202502,46105,"perkins, sd",132250,-0.0554,-0.4804,12,0,0.2,158,-0.1401,0.9152,4,1,-0.3333,0,,,0,,-1,3,0.5,-0.1429,67,0,-0.1952,1688,-0.073,-0.0231,407873,-0.0965,-0.2665,15,0.1111,0.1538,0.25,0.0833,-0.1,1
202502,26087,"lapeer, mi",349925,0.0001,-0.1157,148,-0.1445,0.1746,69,0.0185,0.25,50,0,-0.3056,0,-1,,42,-0.25,0.2353,79,0.0897,0.1049,229,0.0107,0.0892,1650,-0.053,-0.0919,528961,0.0092,0.0882,227,-0.0735,0.1494,0.5338,0.1147,-0.0337,1
202502,37079,"greene, nc",270000,-0.0092,0.0094,20,-0.1111,1.1053,57,0.2216,-0.1691,4,-0.6,0,0,,,2,,0,11,0.1667,-0.2222,163,-0.0188,0.2915,1895,0.0141,-0.1826,378739,0.0037,0.1777,32,0.0492,0.3617,0.525,0.125,-0.8961,0
202502,35035,"otero, nm",298250,-0.0221,0.0088,241,-0.0398,0.3426,96,0.0437,0.3546,84,0.2353,0.0769,0,-1,-1,42,0.05,0.05,92,0.2887,0.0517,168,0.0095,0.0728,1830,-0.0302,-0.0401,365507,-0.0247,-0.039,332,0.0216,0.2605,0.3797,0.0968,-0.105,0
202502,01101,"montgomery, al",219900,0.0008,-0.1343,739,0.0034,0.3388,80,-0.0588,0.1348,322,0.4248,0.1926,22,0.8333,1.2,202,0,0.5075,364,0.2277,0.0753,113,-0.0062,-0.0423,1868,-0.0093,-0.0661,273113,0.0082,-0.0747,1101,0.0663,0.2413,0.4926,0.09,-0.1207,1
202502,01069,"houston, al",278900,-0.0038,0.0537,319,-0.0591,0.3611,76,0.0486,0.495,108,0.0385,-0.0357,4,-0.3333,0,104,0.1818,0.1064,138,0.2545,-0.1585,139,-0.0033,0.0506,1967,-0.0109,0.0027,322604,-0.0125,0.009,454,0.0145,0.1554,0.4333,0.1083,-0.2676,0
202502,37153,"richmond, nc",189000,0.0027,-0.138,68,-0.0423,0.1724,74,0.0686,0.0172,14,-0.3,-0.4167,0,,,28,0.2727,0.4,29,0.14,-0.2083,142,-0.0193,0.0347,1478,-0.0507,-0.1355,264968,-0.0183,-0.0166,97,-0.0153,0.0105,0.4191,0.067,-0.2016,1
202502,39017,"butler, oh",338219,0.0573,0.0212,370,-0.0289,0.451,36,-0.2368,0.0662,344,0.2836,0.1862,2,-0.5,0,132,-0.0294,0.2941,417,0.247,-0.0107,179,0.0343,0.0541,1663,0.0579,-0.0903,382039,0.0435,0.0034,778,0.0904,0.1552,1.1257,0.249,-0.5253,0
202502,36031,"essex, ny",397975,0.0721,-0.1695,206,-0.0573,0.2844,148,0.1448,0.1274,22,-0.2143,-0.3529,0,,,22,-0.2143,0.375,66,0.0155,-0.3105,215,0.0063,-0.2117,1708,0.0023,-0.0383,661848,0.0315,-0.1808,270,-0.0409,0.0652,0.3187,0.0229,-0.275,1
202502,46087,"mccook, sd",251000,0.0502,-0.1344,13,-0.3243,0.25,98,0.4101,1.0851,4,,0,0,,,0,-1,-1,9,1.125,3.25,144,-0.0375,-0.1073,1466,0.0124,-0.2223,287350,0.1308,-0.3794,22,-0.0444,0.7917,0.68,0.4638,0.48,1
202502,13191,"mcintosh, ga",297413,-0.0324,-0.1201,117,0.1095,0.4747,88,0.1101,0.765,24,0.0909,-0.0769,0,-1,,18,-0.1,0.5,14,0.6471,-0.2432,203,-0.0093,-0.0161,1681,-0.0024,0.0777,477964,-0.0158,-0.0984,120,0.1268,0.2435,0.1202,0.0392,-0.114,1
202502,28125,"sharkey, ms",162500,0.3408,-0.1216,2,0,1,132,0.1759,-0.6234,0,,,0,,,0,,,1,0,1,93,0.1118,,1618,-0.092,,162500,0.1664,-0.1216,3,0,2,0.5,0,0,1
202502,48467,"van zandt, tx",348750,0.0073,-0.1265,303,0.0202,0.2983,89,-0.0508,-0.0405,86,0.4333,0.1622,2,-0.5,-0.5,64,-0.1795,-0.2558,65,0.1026,-0.0301,182,0.0069,-0.1006,1932,-0.01,-0.0185,416608,0.0214,-0.2044,364,0.0168,0.2137,0.2132,0.0159,-0.0722,1
202502,19103,"johnson, ia",377313,0.0062,0.0213,560,0.0927,0.1752,41,-0.325,-0.0899,166,-0.0879,-0.0235,4,,-0.5,52,0.1304,0.3684,139,0.3831,0.173,187,-0.0003,0.0185,2090,0.0241,0.0034,457075,0.0138,-0.0062,646,0.1139,0.1768,0.2482,0.0521,-0.0005,0
202502,40055,"greer, ok",108700,0.1044,0.049,43,0.0494,0.7347,107,0.133,-0.0858,6,-0.5,,0,,,10,0.6667,0.6667,6,0.3333,-0.4,82,0.0273,0.1343,1454,-0.0146,-0.0187,161490,-0.057,-0.5069,50,0.0879,0.4348,0.1412,0.0301,-0.267,0
202502,29007,"audrain, mo",136125,-0.1378,0.2675,47,-0.0309,-0.3691,67,-0.0074,0.9706,16,-0.2,-0.68,0,,,6,-0.25,0,13,0.1304,0.8571,134,-0.0252,0.1952,1343,-0.0268,0.1031,166226,-0.0796,-0.2016,60,0.0435,-0.2638,0.2766,0.0395,0.1826,0
202502,26045,"eaton, mi",271050,0.0846,-0.0124,118,-0.1132,0.3352,45,-0.3092,0.2067,68,0.0303,-0.2609,2,,,32,-0.2381,0.3333,109,0.2191,0.1244,143,0.0195,0.0176,1688,-0.0063,-0.1027,289918,0.0025,-0.0274,225,0.0298,0.207,0.9234,0.2517,-0.1732,0
202502,47163,"sullivan, tn",315225,0.0291,0.0378,355,-0.0125,0.444,66,-0.015,0,168,0.2,0,2,0,0,158,0.0822,0.7955,256,0.0894,0.2047,171,0.0253,0.0258,1830,-0.0153,-0.0323,382572,0.0221,-0.1175,610,0.0365,0.3261,0.7221,0.0675,-0.1434,0
202502,40023,"choctaw, ok",207500,0.0779,0.1153,48,-0.0104,0.2667,152,-0.013,1.1189,16,7,1.6667,0,,,10,0.6667,1.5,10,-0.0952,0.2667,122,-0.0064,-0.0589,1779,0.0137,0.2137,554511,0.2942,-0.1482,58,-0.0171,0.2637,0.2,-0.0188,0,1
202502,22015,"bossier, la",314900,0.0046,-0.0605,388,0.0347,0.3525,69,-0.035,0.1897,156,0.0833,0.1143,4,0,-0.6,106,0.0392,0.359,172,0.1986,-0.0827,163,0.0068,0.0048,1957,-0.0084,-0.0759,387921,-0.0035,0.0142,565,0.0929,0.1872,0.4439,0.0607,-0.2106,0
202502,29173,"ralls, mo",380000,0,0.9048,25,0.0208,0.8846,89,0.092,-0.1033,4,0,-0.5,0,,,4,1,-0.5,5,-0.1818,-0.6087,177,-0.0258,0.1424,2126,0.1837,0.7271,400951,-0.0067,0.5952,30,0.0169,0.2,0.1837,-0.0455,-0.7009,1
202502,27103,"nicollet, mn",358675,0.0475,-0.028,53,-0.0367,0.7213,76,0.045,0.0067,18,0.2857,2,0,,,18,0.5,0.2857,24,0.0213,0.0909,138,-0.0177,-0.0863,2551,0.0535,0.0055,411901,0.0524,0.0003,76,-0.0194,0.4615,0.4571,0.026,-0.2642,1
202502,30069,"petroleum, mt",249900,0,-0.1939,1,0,-0.8462,,,,0,,,0,,,0,,,1,,0,105,0,-0.2912,2372,0,0.1404,249900,0,-0.3546,1,0,-0.8667,1,,0.8462,1
202502,48193,"hamilton, tx",290800,0.0162,0.0872,71,0.084,0.2241,69,-0.3134,-0.2905,14,-0.125,0,4,,,12,0.2,0.5,8,0.875,-0.25,186,0.05,0.0954,1737,-0.0778,0.0939,496626,0.0693,-0.0275,78,0.1071,0.1481,0.1056,0.0446,-0.0668,0
202502,29127,"marion, mo",183500,0.0251,0.04,49,-0.1416,0.7321,71,0.2208,-0.0844,16,-0.2727,-0.2,2,,,12,1,0.5,34,0.3673,0.4565,110,-0.1425,-0.0035,1529,0.0321,0.0034,242994,0.0154,-0.0346,83,0.0377,0.6337,0.6907,0.2571,-0.1307,0
202502,55131,"washington, wi",449900,0.0227,0.0405,257,-0.0134,0.1102,53,-0.1633,0.2805,90,0.125,-0.1176,2,,0,26,-0.1333,-0.3158,57,0.2151,-0.0813,238,0.0099,0.0223,1838,0.0041,-0.0334,498476,0.0243,-0.0651,314,0.0162,0.079,0.2198,0.0413,-0.0458,0
202502,01103,"morgan, al",279660,-0.0009,-0.0737,387,0.0105,0.4952,85,0,0.1039,110,0,-0.1667,0,,-1,146,-0.0135,0.46,144,0.0954,1.5625,156,-0.0089,-0.0342,1947,0.0088,-0.0022,349867,-0.0092,-0.0724,529,0.0302,0.6912,0.3713,0.0288,0.1546,0
202502,27147,"steele, mn",348400,0.1812,-0.0043,52,-0.028,0.6774,68,-0.1089,0.0976,30,0.5,0.5,0,,,10,0.25,0.25,34,0.283,0.0303,174,-0.0276,0.0691,1672,-0.013,-0.14,387243,0.019,0.1024,87,0.0613,0.373,0.6538,0.1585,-0.4107,0
202502,39137,"putnam, oh",206725,0.0225,0.0499,22,0.075,0.4333,58,-0.1697,-0.1575,8,0,1,0,,,2,-0.6667,-0.6667,11,-0.0455,-0.3438,125,0.0121,0.0658,1472,-0.003,-0.1038,212665,-0.0274,-0.0032,32,0.0323,0.0492,0.4884,-0.0616,-0.5783,1
202502,47119,"maury, tn",450492,0.0006,-0.026,487,0.0125,0.4962,52,-0.2091,0.4648,248,0.3626,0.1273,26,3.3333,2.25,184,0.4375,0.5593,295,0.1176,1.7523,228,0.0037,-0.0023,2053,-0.0096,0.0012,637934,-0.0309,-0.0049,773,0.0286,0.7861,0.6047,0.0569,0.276,0
202502,48367,"parker, tx",549900,0.0227,0.0113,1002,-0.0229,0.103,74,-0.0926,0.0208,328,0.1884,0.0513,12,1,-0.7,360,0.1765,0.118,314,0.3111,0.0922,226,0.0158,0.0325,2402,0.007,-0.0242,644849,0.0174,-0.044,1308,0.0307,0.0837,0.3135,0.0799,-0.0031,0
202502,42097,"northumberland, pa",128250,-0.0477,-0.1518,99,-0.088,-0.088,88,0.17,0.6175,42,0.3125,-0.4167,0,,,22,-0.45,-0.3529,70,-0.0915,-0.1524,86,-0.073,-0.2147,1456,-0.0172,-0.0726,196660,-0.0196,-0.0176,167,-0.0997,-0.1234,0.7056,-0.0027,-0.0537,1
202502,22059,"lasalle, la",197500,-0.015,-0.0982,34,0.0469,-0.0694,100,0,0.1667,8,1,1,0,,,4,-0.3333,-0.6,6,-0.2,5,104,-0.028,0.0177,1898,-0.0048,0.0034,216952,-0.0527,-0.1023,40,0,0.0959,0.1791,-0.0553,0.1513,1
202502,21217,"taylor, ky",273625,-0.0382,-0.051,94,0.0444,0.757,114,0.1662,0.2809,20,0.25,1.5,0,,,22,0.5714,0.375,20,0.2188,0.2188,158,0.0261,0.0898,1640,-0.02,-0.0892,318778,0.0178,-0.0061,115,0.0701,0.6357,0.2074,0.0297,-0.0916,1
202502,21151,"madison, ky",320550,0.0196,-0.0271,274,0,0.3245,72,-0.1063,0.1818,98,0.0889,0.1136,2,,,78,0.3929,-0.093,113,0.0971,0.1078,183,0.0016,0.0526,1705,0.0029,-0.0749,381375,0.003,0.0084,390,0.0345,0.2544,0.4132,0.0366,-0.0808,0
202502,02282,"yakutat and borough, ak",266250,-0.6296,,2,0.5,,88,-0.5661,,0,,,0,,,0,,,1,0,,194,-0.3476,,1288,-0.4046,,266250,-0.6296,,2,0.3333,,0.6667,-0.3333,,0
202502,31043,"dakota, ne",365000,0.021,-0.0182,24,0.1429,0.3714,37,-0.4073,-0.5727,14,0.75,1.3333,0,,,4,-0.3333,-0.3333,3,,-0.1667,163,0.0984,-0.0123,1842,-0.011,0.0626,370154,0.0062,0.0498,27,0.2857,0.3171,0.1042,,-0.0673,1
202502,17087,"johnson, il",224450,0.2349,0.0513,25,-0.1091,-0.1552,103,0.1168,0.0759,12,2,0.2,0,,,6,0.5,0,15,1.1429,-0.1176,147,0.1361,0.4019,1664,-0.0189,-0.0331,390395,0.3055,0.5863,38,0.1014,-0.1828,0.6122,0.3577,0.026,0
202502,55115,"shawano, wi",244900,-0.02,-0.1019,38,-0.1176,-0.1176,77,0.1324,0.2419,16,0.3333,-0.3333,0,,,2,-0.5,-0.8571,37,-0.0267,0.1967,153,-0.0036,0.0609,1524,-0.042,-0.1138,303352,-0.0388,-0.1066,74,-0.075,0.0068,0.9733,0.091,0.2557,1
202502,55061,"kewaunee, wi",309900,-0.0949,-0.0606,19,-0.1395,-0.3621,56,-0.0972,-0.4069,8,-0.3333,0.3333,0,,,2,0,-0.5,17,0.1379,0.2692,183,-0.0323,-0.1285,1512,0,-0.1168,361185,0.0016,-0.1196,36,0.029,-0.1446,0.8919,0.2175,0.4436,0
202502,27069,"kittson, mn",110175,-0.1849,-0.2055,8,-0.1111,0.7778,106,0.1657,0.2711,0,,-1,0,,,0,,,4,-0.125,0.75,78,-0.0176,-0.3604,1781,-0.0032,0.4109,191688,-0.0061,0.2265,12,-0.1154,0.6429,0.4375,-0.0069,-0.0069,1
202502,54099,"wayne, wv",181725,0.0139,0.0696,44,-0.0833,0.1429,78,-0.0127,0.0365,12,0.2,-0.5385,0,,-1,8,-0.3333,0.3333,20,0.0263,-0.2909,107,-0.0577,0.0545,1749,-0.0185,0.0557,232527,-0.0163,-0.0234,64,-0.0379,-0.0522,0.4432,0.0473,-0.2711,0
202502,36021,"columbia, ny",635500,-0.002,0.0826,229,-0.102,0.0385,108,0.1134,-0.0204,38,0.1176,-0.24,4,,,38,0,-0.1364,94,-0.1053,0.1835,311,-0.0145,0.0652,2162,-0.0105,0.0208,1337735,0.0446,0.1651,316,-0.0997,0.073,0.4083,-0.0015,0.05,0
202502,13183,"long, ga",284925,-0.0494,-0.0314,100,0.0101,-0.2218,56,-0.192,-0.1861,48,0.3333,-0.2941,0,-1,,14,-0.4615,0,70,0.0072,-0.1919,153,0.0823,0.0858,1894,-0.0883,-0.0849,311440,-0.0441,-0.0117,169,0.0274,-0.2288,0.695,-0.002,0.0257,0
202502,31065,"furnas, ne",179000,0.1187,0.0545,11,-0.12,-0.4359,153,0.2603,0.0133,4,1,,0,,,0,-1,,5,-0.2308,-0.0909,83,0.0642,-0.0006,2088,0.0314,0.1451,192000,0.0855,0.1097,16,-0.1842,-0.3922,0.4545,-0.0655,0.1725,0
202502,29115,"linn, mo",163750,0.1198,0.2363,41,0.1233,0.907,118,-0.0542,0.9625,8,-0.2,0,0,,,0,-1,-1,14,0.125,2.8571,92,-0.0937,0.2468,1514,0.0936,-0.0666,189306,0.1205,-0.0116,54,0.1031,1.098,0.3293,0.0005,0.1665,0
202502,41001,"baker, or",449250,-0.1165,0.2836,85,-0.0452,0.2612,137,0.0745,0.2715,18,0.5,-0.1,0,,-1,16,-0.2,0,21,0.4483,0.2353,225,-0.0042,0.0208,2138,-0.031,0.1381,643780,-0.0142,-0.0404,105,0.0194,0.2209,0.2485,0.0847,-0.0052,0
202502,48505,"zapata, tx",158000,0,-0.0495,31,0.1481,-0.0159,76,0.0342,-0.3406,4,-0.5,-0.3333,0,,,2,-0.5,-0.6667,,,,108,-0.0244,-0.004,1569,-0.001,-0.0395,188930,-0.0273,0.0318,31,0.1481,-0.0159,,,,0
202502,48027,"bell, tx",298500,-0.003,-0.0371,1745,-0.0043,0.2546,91,0.0139,0.3619,584,0.3519,-0.0102,24,-0.1429,0.3333,508,0.0717,0.233,583,0.2688,1.9974,166,0.002,-0.0316,1867,0.0009,-0.0431,379709,-0.0022,-0.0243,2316,0.0506,0.4655,0.3342,0.0719,0.1943,0
202502,19049,"dallas, ia",432245,0.0018,-0.0629,699,-0.0014,0.2849,92,-0.0134,0.2594,190,-0.0777,-0.181,10,0,-0.5833,186,0.0941,-0.07,318,0.2354,0.1803,260,-0.0094,-0.0278,1657,0.0038,-0.0436,518956,-0.0062,-0.0539,1022,0.0674,0.2735,0.4542,0.0871,-0.0403,0
202502,55085,"oneida, wi",445950,-0.0089,0.1158,90,-0.1225,0.2431,103,0.1051,0.4336,32,1.2857,-0.1111,0,,,12,0.2,1,44,0.0732,-0.0112,263,-0.0199,0.1222,1766,0.0459,0.0152,648749,-0.0736,0.0498,133,-0.0634,0.1319,0.4916,0.0897,-0.1264,0
202502,29229,"wright, mo",249950,-0.0179,0.0246,90,-0.0217,1.0225,100,0.0418,0.425,30,0.875,0.25,0,,,12,0,2,26,0.1556,0.3333,148,0.0151,-0.0074,1813,0.036,0.0955,360871,-0.0023,0.1924,116,0.0175,0.8413,0.2889,0.0443,-0.1493,0
202502,22019,"calcasieu, la",231950,-0.0029,-0.0295,936,0.0135,0.1157,95,-0.0452,0.0215,220,0.0577,-0.0517,6,-0.25,0.5,258,0.2056,0.1026,203,0.1947,-0.0146,128,-0.0044,-0.0101,1829,0.0043,-0.0244,286494,-0.0107,-0.0016,1149,0.0536,0.1043,0.2165,0.0328,-0.0286,0
202502,18081,"johnson, in",347200,0.0442,-0.1097,278,-0.0608,0.327,56,-0.1986,-0.2745,168,0.0769,0.0633,4,-0.5,1,148,0.2759,0.5102,274,0.2993,0.2662,163,-0.0028,-0.0341,2244,0.0403,-0.0199,436671,0.0206,-0.119,550,0.0785,0.3006,0.9838,0.2727,-0.0472,1
202502,27167,"wilkin, mn",430350,0.5243,0.2331,18,0.5652,-0.234,28,-0.6676,-0.7533,6,,0.5,0,,,4,0,1,6,-0.0833,0.375,162,0.3882,0.3549,1949,-0.1075,-0.0075,368899,0.1395,0.2003,24,0.2703,-0.0962,0.3056,-0.2162,0.1353,1
202502,42085,"mercer, pa",139225,-0.1348,0.0218,208,0.0639,0.4345,75,-0.2173,-0.3296,42,-0.2759,0,0,,-1,48,0.0435,0.8462,95,0.26,-0.0913,145,-0.0429,0.4928,1763,0.1095,0.2852,222951,-0.0722,0.089,301,0.1169,0.2088,0.4543,0.0707,-0.2629,0
202502,27081,"lincoln, mn",203000,0.0175,0.2891,13,-0.1034,2.7143,124,0.2628,0.3342,4,,1,0,,,2,,0,7,-0.125,0.4,110,-0.0173,-0.0411,1968,0.0123,0.3801,239358,0.0042,0.2223,21,-0.0889,1.2778,0.5385,-0.0133,-0.8901,1
202502,01071,"jackson, al",288225,-0.0143,-0.0617,130,0.0442,0.4365,91,0.1456,0.2483,32,0,-0.3043,4,1,,30,-0.1176,0,32,0.7297,0.1852,153,-0.0234,0.0481,1898,-0.0511,-0.0742,413919,-0.0277,0.0504,162,0.1294,0.3745,0.2462,0.0976,-0.0522,0
202502,21041,"carroll, ky",229000,-0.0193,-0.3008,18,-0.0526,0.2414,58,-0.2927,-0.2905,6,-0.4,-0.5,0,,,4,0,1,12,0.4118,0.8462,156,-0.0291,0.1165,1533,0.0151,-0.3772,261385,-0.0346,-0.2088,30,0.0909,0.4634,0.6667,0.2193,0.2184,1
202502,46027,"clay, sd",306200,-0.0057,-0.0596,31,0.2653,0.9375,34,-0.5055,-0.3284,14,-0.3,0.1667,0,,,6,0.5,2,3,-0.25,-0.4,148,-0.0151,-0.0674,2174,0.0105,0.0248,323043,-0.0165,-0.0653,34,0.2593,0.5455,0.0968,-0.0665,-0.2157,0
202502,49027,"millard, ut",380000,0,-0.013,38,-0.038,0.52,66,-0.134,-0.4456,10,0.25,0.6667,0,,,8,0,0.3333,12,0.5333,0.7692,208,0.0033,0.0142,1744,0.0107,0.0856,452246,0.0353,0.0698,49,-0.0101,0.5313,0.3026,0.1128,0.0426,0
202502,13243,"randolph, ga",102300,-0.3891,-0.5806,6,0,0,87,0.2034,-0.3757,4,,,0,,,4,,,1,-0.5,,57,-0.086,-0.359,2699,0,0.1798,168895,-0.2991,-0.2899,7,-0.1875,0.0833,0.1667,-0.1667,,1
202502,29223,"wayne, mo",162175,0.0812,0.275,44,-0.0938,0.2083,116,0.1341,0.1151,10,0.25,0.6667,0,,,4,0,-0.3333,12,0.0909,0.0909,118,0.0525,0.3728,1410,0.0151,0.0464,201054,0.0009,0.3038,55,-0.0684,0.1596,0.2759,0.0467,-0.0297,0
202502,37151,"randolph, nc",312350,-0.017,0.0981,201,0.0152,0.2145,59,-0.0923,0.2826,100,-0.0566,0.1364,2,,-0.75,84,0.2353,0.0244,138,0.1853,0.0223,178,-0.0383,-0.0133,2115,0.1014,0.4482,418186,0.0001,0.2031,343,0.0837,0.151,0.6841,0.0982,-0.1286,0
202502,21063,"elliott, ky",259000,0,0.0062,3,-0.25,-0.7273,112,0.2965,0.7023,0,,,0,,,0,,-1,1,-0.6667,-0.8182,138,-0.0245,0.0567,1820,-0.1142,-0.0226,256267,-0.2507,0.0382,4,-0.4286,-0.75,0.3333,-0.4167,-0.1667,0
202502,37113,"macon, nc",661500,-0.0322,-0.0951,213,-0.0207,0.1273,96,0.0105,-0.0128,58,0.1154,0.0357,0,,-1,36,0.2,0.2857,65,0.0403,-0.0979,287,0.0393,0.0253,1659,-0.0504,-0.1267,1384169,-0.0281,0.0434,274,-0.025,0.0479,0.3035,0.0178,-0.0758,0
202502,05129,"searcy, ar",239974,0.0001,0.0666,52,0.0947,0,105,0.12,0.0269,8,-0.2,-0.3333,0,,,4,-0.6,-0.6,10,-0.0952,0.3571,187,0.0075,0.2233,1564,0.0442,0.1282,335567,0.0459,0.0235,62,0.0789,0.0165,0.1827,-0.0384,0.0481,0
202502,51595,"emporia, va",213375,-0.0176,0.1254,19,0.0882,0.3704,71,-0.0408,-0.014,4,-0.3333,0,0,,,8,1,1,6,0,0.1,135,-0.015,0.1609,1436,0.015,-0.1836,197610,-0.0121,-0.0137,24,0.0217,0.2368,0.2973,-0.0262,-0.0731,0
202502,26019,"benzie, mi",431750,0.0416,-0.3993,34,-0.141,0.3673,99,0.1311,0.2974,10,4,-0.1667,0,,,4,-0.6,,18,0,0.129,241,0.0585,-0.1726,1785,0.0387,-0.1767,611115,-0.029,-0.2592,51,-0.1062,0.2625,0.5224,0.0737,-0.1103,1
202502,27051,"grant, mn",247425,-0.0341,0.3979,16,0.1852,0.3333,108,0.1873,0.5448,2,-0.5,-0.5,0,,,2,-0.5,-0.5,5,0.6667,-0.4444,129,-0.0272,0.0548,1641,0.0055,0.0055,271237,-0.0473,0.4068,21,0.2424,-0.0238,0.3125,0.0903,-0.4375,0
202502,47161,"stewart, tn",315000,-0.0869,-0.2779,50,0.1786,0.3944,75,-0.1042,-0.3065,24,0.7143,2,0,,,10,0.25,1.5,16,-0.1351,1.2857,207,-0.1035,0.0683,1729,0.0095,-0.2282,408114,-0.1318,-0.3247,65,0.1017,0.5116,0.3232,-0.1172,0.126,1
202502,05141,"van buren, ar",189950,-0.0464,-0.0357,140,0.0769,0.4973,105,0.1206,0.1484,24,0.0909,-0.2941,2,,,28,0.5556,0.5556,18,-0.1463,-0.3137,132,-0.0166,-0.0135,1291,-0.059,-0.0448,274292,0.0177,-0.0546,160,0.0528,0.3403,0.125,-0.0327,-0.1477,0
202502,08103,"rio blanco, co",539417,-0.0922,0.1954,21,-0.0889,-0.0682,120,0.1881,-0.04,4,0,-0.5,0,,,0,-1,-1,5,0,-0.1667,222,-0.1714,0.3417,2145,0.0624,0.0868,1839556,0.0439,1.7149,26,-0.0556,-0.1053,0.2439,0.0217,-0.0288,0
202502,48075,"childress, tx",149250,0.0051,-0.2355,9,0,0,129,-0.0209,0.1812,2,,0,0,,,4,1,,1,0,-0.6,84,0.0681,-0.005,1900,-0.0026,-0.1683,151514,0.0065,-0.3084,10,0,-0.1739,0.1111,0,-0.1667,1
202502,37129,"new hanover, nc",534450,-0.0001,-0.0147,909,0.0437,0.2403,73,-0.096,0.2373,472,0.3882,0.2228,20,0.1111,-0.2857,246,0.0982,0.2551,464,0.153,-0.0849,292,0.0086,0.0059,1824,-0.0036,-0.0159,723505,-0.0311,-0.0138,1369,0.0822,0.1063,0.5102,0.0484,-0.1813,0
202502,27063,"jackson, mn",160000,-0.0909,0.0619,27,-0.0702,0.1778,111,0.0751,-0.022,4,1,-0.5,0,,,0,-1,,7,-0.1875,-0.1333,116,0.017,0.0913,1567,0.0021,0.0492,248896,0.016,0.0392,34,-0.0822,0.1167,0.2453,-0.0354,-0.0881,0
202502,30073,"pondera, mt",257125,-0.0817,-0.045,18,0.0588,0.44,160,0.1109,0.4181,2,0,0,0,,,2,,,1,0,-0.8333,156,-0.0134,0.2127,2042,-0.0299,0.4764,382694,0.0473,0.2923,19,0.0556,0.0556,0.0556,-0.0033,-0.4244,0
202502,51033,"caroline, va",398425,-0.0065,0.0522,89,-0.0328,0.4508,40,-0.1444,0.5385,40,0.1765,-0.1304,4,-0.8182,0,28,0.1667,1.8,63,0.1682,-0.0876,232,0.0237,0.0735,1800,0,0.0033,460870,-0.0394,0.0871,148,0.0243,0.1479,0.7062,0.1215,-0.4167,0
202502,13267,"tattnall, ga",238125,-0.0078,-0.1969,41,0.0519,0.3279,67,-0.0147,-0.1438,22,2.6667,1.75,0,,,14,0.4,0.4,14,0.1667,0.8667,145,-0.0414,-0.0724,1898,0.0266,0.0191,321552,0.0078,-0.1341,54,0.102,0.3846,0.3457,0.034,0.0998,1
202502,18049,"fulton, in",228925,-0.0838,-0.0721,36,-0.0274,0.4792,102,0.0568,0.0328,14,0.4,0.4,2,,,10,0,0.6667,14,-0.0968,0.1667,141,0.1225,-0.0678,1847,-0.0786,0.1321,337525,-0.0092,0.0471,50,-0.0481,0.3944,0.3944,-0.0303,-0.1056,0
202502,18073,"jasper, in",284925,-0.0086,-0.0289,82,0.1088,0.9176,86,0.0683,0.4333,26,0,0.0833,0,,,20,0,0.6667,25,1.6316,0.3889,166,0.0819,-0.018,1836,-0.0445,-0.1005,306712,0.0017,-0.2072,107,0.2754,0.775,0.3067,0.1775,-0.1168,0
202502,13139,"hall, ga",494084,0.0019,-0.0543,800,0.0492,0.5549,59,-0.1847,0.2717,344,0.4454,0.4333,24,0.5,-0.4,264,0.2222,0.4348,284,0.4602,0.0253,213,-0.0015,0.0133,2500,0.028,-0.0329,697029,-0.0048,-0.0039,1071,0.1256,0.3678,0.355,0.0999,-0.1834,0
202502,42073,"lawrence, pa",106237,-0.0342,-0.1761,247,0.0207,0.4006,112,0.0068,0.0668,82,0.5769,0.025,0,,,52,0.5294,1.1667,80,0.1852,-0.0123,71,-0.0449,-0.1729,1395,-0.0211,-0.0481,181460,-0.04,-0.0111,327,0.0617,0.2773,0.3245,0.045,-0.1357,1
202502,48315,"marion, tx",259500,-0.017,-0.1321,58,0.0741,0.1485,111,-0.0243,0.1276,16,1,1,0,,,16,0.3333,1.6667,6,0.3333,-0.5714,158,0.0208,-0.0543,1640,0.0099,-0.1068,321466,0.0513,-0.1539,63,0.0862,-0.0308,0.1034,0.0201,-0.1738,1
202502,30109,"wibaux, mt",105750,-0.2996,-0.4274,4,-0.1111,0,175,0.2691,2.6354,0,,,0,,,0,,,1,0,,97,-0.103,0.0321,1220,-0.1013,-0.068,134075,-0.2601,-0.244,5,0,0.25,0.25,0.0278,,1
202502,21015,"boone, ky",359950,0.0287,-0.0768,192,-0.0495,0.3521,50,0.0309,0,120,-0.0769,-0.2,4,1,,82,0.1714,0.5185,195,0.2188,0.0372,186,0.0005,0.0319,1906,-0.0278,-0.1335,452096,0.0346,0.0429,388,0.0703,0.1793,1.0156,0.2235,-0.3083,0
202502,20049,"elk, ks",67475,-0.0114,-0.5892,7,-0.2778,-0.1333,90,0.4039,0.0982,0,,-1,0,,,0,,,2,1,-0.3333,40,-0.0759,-0.6525,1802,0.1434,0.3539,88483,-0.0669,-0.949,9,-0.0556,-0.15,0.3077,0.1966,-0.0923,1
202502,54003,"berkeley, wv",344995,0.0058,0.0132,344,-0.0575,0.3871,44,-0.1386,0.2518,216,-0.0092,-0.069,26,-0.5,-0.0714,100,0.1905,0.6667,418,0.083,0.0399,191,0.0152,0.0186,1889,-0.0017,0.0665,385424,0.0038,-0.1129,761,0.0133,0.1763,1.2137,0.1575,-0.4053,0
202502,12031,"duval, fl",303495,-0.0049,-0.0586,4202,0.0552,0.454,65,-0.0915,0.3579,1742,0.0727,0.0093,94,0.0217,-0.0784,2176,0.1699,0.4392,1565,0.2136,-0.1651,193,-0.0013,-0.0252,1545,-0.0087,-0.0301,412018,0.0008,-0.0406,5764,0.095,0.2109,0.3724,0.0486,-0.2762,0
202502,48079,"cochran, tx",350000,0.5217,0.4286,1,,0,5,-0.9797,-0.98,2,,,0,,,0,,,,,,102,-0.1068,-0.1336,3438,0.7037,0.6489,350000,0.5217,0.4286,1,0,-0.6667,,,,1
202502,40035,"craig, ok",204375,-0.071,-0.4624,44,0.0476,0.0115,84,0.1395,-0.3064,14,0.75,0.75,0,,,10,0.6667,0.25,10,0.1176,-0.0952,127,-0.019,-0.2528,1696,-0.0057,-0.0379,524265,-0.0907,-0.5327,54,0.0594,0,0.2159,0.0135,-0.0255,1
202502,19017,"bremer, ia",238700,0.0515,-0.0764,37,0,0.1061,71,-0.2661,-0.0596,22,0.2222,0,0,,-1,4,-0.3333,0,28,0.3023,-0.1515,144,0.1291,0.1641,1814,0.005,-0.0464,311536,-0.0093,0.0581,65,0.1026,-0.0227,0.7671,0.1781,-0.2329,0
202502,56009,"converse, wy",396500,0.0738,0.141,35,-0.0417,-0.08,45,-0.0632,-0.2705,10,-0.375,-0.2857,0,,,0,-1,-1,1,,,179,0.0848,0.1346,2230,-0.0232,0.0596,422916,0.0633,-0.0032,35,-0.0278,-0.0667,0.029,,,0
202502,27115,"pine, mn",313900,-0.0174,-0.0967,52,-0.037,-0.0714,61,-0.2229,0.1091,18,-0.25,-0.4706,0,,,6,-0.4,-0.6667,30,0.3111,0.0536,202,0.0178,-0.112,1668,0.0352,0.0463,344793,0.0132,-0.1569,81,0.0592,-0.0417,0.5673,0.1506,0.0673,0
202502,40095,"marshall, ok",399800,-0.0745,0.0232,97,0.0486,0.1687,93,0.0598,0.0391,22,0.5714,-0.0833,0,-1,-1,12,-0.1429,-0.3333,14,-0.3571,0,194,-0.0331,-0.0985,2003,-0.0649,0.0908,552770,-0.0502,0.0765,111,-0.0264,0.1392,0.1392,-0.0879,-0.0235,0
202502,28157,"wilkinson, ms",100000,-0.0499,-0.2278,5,0.25,-0.4444,72,-0.5667,-0.3058,0,,-1,0,,,4,,,5,0.25,1,69,-0.1671,-0.299,1440,0.1161,-0.2,98900,-0.156,-0.2533,10,0.25,-0.1667,1,0,0.7222,1
202502,20185,"stafford, ks",231250,-0.0748,1.5482,11,0.1,-0.1852,116,-0.4648,0.1317,6,2,0,0,,,2,,,5,-0.1667,0.1111,112,-0.0787,0.901,1661,-0.0388,0.2536,516116,-0.3031,3.2097,16,0.0323,-0.1351,0.4545,-0.1455,0.1212,1
202502,02164,"lake and peninsula borough, ak",385000,0,0.2833,4,0,0,163,0.2074,-0.1213,0,,,0,,,0,,,,,,247,0,0.169,2531,0.492,-0.0297,1180000,0,0.1083,4,0,0,,,,0
202502,12045,"gulf, fl",679500,-0.0109,0.0808,286,0.0306,0.3717,103,-0.1178,0.3826,98,1.7222,0.5313,0,-1,-1,48,0.5,0.7143,45,0.023,-0.0326,398,0.0233,0.0098,1817,-0.0075,0.0209,975677,0.0195,0.0422,330,0.0362,0.2947,0.1556,-0.0012,-0.065,0
202502,05029,"conway, ar",203000,0.0684,-0.0708,39,-0.0824,-0.1522,61,0.0342,-0.0728,14,-0.125,-0.125,0,-1,,4,-0.5,-0.75,20,0.1818,0.625,127,0.0047,0.0847,1632,0.0116,-0.0329,257818,0.002,0.1144,58,-0.0085,0.0175,0.5,0.1118,0.2391,0
202502,18027,"daviess, in",228675,0.0076,-0.0566,62,-0.0315,0.3085,96,0.1963,0.4826,20,0.6667,-0.1667,0,,,14,-0.125,0,18,-0.0526,-0.0769,127,-0.0018,-0.0288,1592,-0.0179,-0.0022,232395,-0.0012,-0.0465,79,-0.0482,0.188,0.2927,-0.0065,-0.1222,0
202502,24019,"dorchester, md",297319,0.0288,0.0201,143,0.0142,0.2025,87,-0.0442,0.227,38,0.2667,-0.2083,0,-1,-1,28,-0.2222,-0.2222,53,0.0192,0,183,0.0284,0.014,1571,0.0024,0.0223,333096,0.0097,-0.0481,191,0.0053,0.1076,0.3719,0.0018,-0.0753,0
202502,27089,"marshall, mn",225000,0.0251,0.0004,13,-0.1613,0.1818,94,0.1364,0.1503,2,0,-0.5,0,,,2,,,7,-0.1765,0.4,101,0.381,0.1463,2327,-0.0028,0.2222,226439,0.0784,0.0998,20,-0.1489,0.25,0.5385,-0.0099,0.0839,0
202502,27009,"benton, mn",356900,0.0348,0.1332,38,0.0133,0.0133,55,-0.0354,-0.0091,26,-0.1875,0.3,0,,,10,0.6667,0,44,0.0602,0.375,210,0.0105,0.2793,1673,0.0184,-0.1203,361756,0.0569,0.058,82,0.0252,0.1399,1.1579,0.0512,0.3046,0
202502,13177,"lee, ga",338138,-0.0028,-0.0472,92,-0.0663,0.4878,75,0.0563,0.9737,36,0.2,-0.1818,0,,,26,0.3,2.25,42,0.377,9.5,161,0.0018,-0.0127,2064,-0.0024,-0.0488,342482,-0.0294,-0.0832,133,0.0392,1.0229,0.459,0.1478,0.394,0
202502,37117,"martin, nc",156225,-0.0078,0.0006,41,0.025,0.3016,100,-0.022,-0.0609,8,-0.2,-0.2,0,,-1,18,0.125,0.5,9,-0.0556,-0.6458,119,0.0476,0.1496,1492,0.0059,-0.1085,169657,0.0329,-0.0963,50,0.0204,-0.0991,0.2073,-0.0177,-0.5546,0
202502,16033,"clark, id",242450,0.2123,0.0102,3,2,2,22,-0.2182,-0.8828,4,,,0,,,0,,,1,0,,166,-0.0831,-0.0116,1899,0.7152,0.3259,254150,0.2708,0.059,4,1,3,0.3333,-0.6667,,1
202502,01053,"escambia, al",224975,0.0172,0.0688,89,0.0056,0.3798,92,0.1048,0.0054,20,-0.2308,-0.0909,0,,,24,0.0909,1.4,25,0.0889,-0.1833,112,-0.0048,-0.0601,1770,0.0087,-0.0087,239262,0.0132,-0.1226,114,0.027,0.2128,0.2753,0.021,-0.1898,0
202502,19061,"dubuque, ia",322225,0.1377,0.2514,123,-0.0577,0.0699,75,0.0455,0.1033,68,0.0625,0.0303,0,-1,,40,-0.1667,-0.1667,29,0.0545,0.234,174,0.0742,0.1734,1978,0.0294,0.0936,377743,0.0216,0.1228,150,-0.0415,0.1029,0.2367,0.0252,0.0315,0
202502,17103,"lee, il",180600,-0.1926,-0.0968,43,0.1486,0.2319,48,-0.0154,-0.3191,26,0.3,0.3,0,,,14,1.3333,0.75,21,0.0769,-0.2632,123,0.0067,0.1066,1548,-0.1119,-0.2026,226226,-0.085,-0.1172,65,0.1316,0.0238,0.4941,-0.0329,-0.332,0
202502,05057,"hempstead, ar",154750,0.1102,-0.2063,46,0.0222,1.1905,91,0.0055,0.2007,12,0,0.5,0,,,4,0,,15,0.0714,0.3636,93,-0.0141,0.15,1863,0.0224,-0.0972,185738,0.0275,-0.1046,61,0.0517,0.8769,0.3261,0.015,-0.1977,1
202502,29065,"dent, mo",201000,0.0428,-0.0843,61,-0.0827,0.4878,96,-0.1616,0.0787,16,0,0.3333,0,,,18,2,0.2857,23,-0.1176,0.0465,122,-0.0262,0.0338,1744,0.0621,-0.0102,276730,0.0323,0.0567,82,-0.0894,0.304,0.3689,-0.0146,-0.1555,0
202502,55015,"calumet, wi",407075,-0.0099,0.0116,83,-0.0879,0.1216,92,0.064,0.2979,30,-0.2105,-0.2857,0,,,14,-0.125,0.4,53,0.4133,0.1398,243,0.0491,0.0839,1741,0.0004,0.0016,452200,0.0135,0.0428,135,0.0385,0.125,0.6386,0.2265,0.0102,0
202502,47019,"carter, tn",356600,0.0414,0.0849,103,-0.0969,0.2577,87,0.1689,0.0613,36,0.0588,-0.1,0,,,34,0.2143,0.2143,48,0.0326,0.044,217,0.0427,0.1014,1535,-0.0405,-0.0777,501828,0.0413,-0.0714,150,-0.0596,0.1858,0.4634,0.0581,-0.0949,0
202502,31091,"hooker, ne",465000,0,,1,0,,125,0.2902,,0,,,0,,,0,,,,,,127,0,,3668,0,,465000,0,,1,0,-0.5,,,,0
202502,28149,"warren, ms",193375,-0.0233,0.0524,110,-0.0045,0.2235,83,-0.0934,-0.0934,24,-0.2941,-0.1429,0,,,24,0,0.2,40,0.1127,-0.233,101,-0.0043,0.0371,1968,0.0116,0.0229,233594,-0.0015,0.0803,149,0.0171,0.0532,0.3607,0.038,-0.2147,0
202502,20177,"shawnee, ks",208738,0.0572,-0.1114,147,-0.2881,-0.0954,56,0.0817,0.6917,130,0.1818,-0.3011,2,,,54,-0.2059,-0.129,185,0.2759,7.4091,121,-0.0026,0.0552,1670,0.0177,-0.1223,247482,0.0423,-0.1331,327,-0.0453,0.7554,1.2585,0.5563,1.1231,1
202502,40137,"stephens, ok",176875,0.0805,-0.0677,129,0.0574,-0.0337,59,-0.1486,-0.0249,40,-0.2593,-0.1667,0,,,30,0.3636,-0.2857,58,0.0952,-0.0336,107,0.0277,0.0825,1606,0.0078,-0.0575,378790,0.0116,-0.0353,187,0.0716,-0.0336,0.4457,0.0154,0,0
202502,48399,"runnels, tx",185000,0.0278,0.0322,45,0.1538,0.2857,106,0.0242,-0.0901,8,,1,0,,,4,-0.6,-0.3333,2,0.5,-0.6667,98,0.0451,-0.1062,1704,0,0.0822,215521,0.0564,-0.1878,47,0.175,0.2051,0.0333,0.0077,-0.0952,1
202502,51179,"stafford, va",627500,0.0024,0.0459,207,0.0429,0.7066,40,-0.2,0.7778,140,0.1864,-0.0909,8,1,-0.4286,30,-0.4231,0.0714,163,0.094,0.0482,229,0.0256,0.0006,2635,-0.0603,0.0037,667962,-0.0055,-0.0206,372,0.066,0.3221,0.7893,0.0368,-0.4958,0
202502,05095,"monroe, ar",154750,0.0334,0.1679,12,0,1.1818,65,-0.5301,-0.5865,0,-1,-1,0,,,8,,,5,0,-0.1667,77,0.119,-0.0542,2218,0.1087,0.4627,620479,2.4353,2.6076,17,0,0.5455,0.4167,0,-0.6742,1
202502,20139,"osage, ks",251250,0.0635,0.2547,23,-0.1321,0.2105,82,0.1934,0.4217,8,0,-0.3333,0,,,0,-1,-1,11,0.3125,2.5,128,-0.0213,-0.0702,1548,-0.0121,0.0803,374035,0.07,0.1856,34,0.0149,0.5814,0.4565,0.1546,0.2986,0
202502,48503,"young, tx",252450,0.002,0.0102,56,-0.0902,-0.0263,106,-0.0664,0.2711,20,0.25,-0.1667,0,,,20,0.6667,1,17,0,0.2222,155,0.0253,0.1342,1626,-0.0607,-0.0246,318493,-0.0276,-0.2264,73,-0.0581,0.0282,0.2973,0.0268,0.0605,0
202502,41047,"marion, or",529950,0.029,0.0928,585,0.0428,0.1678,73,-0.0609,0.0933,304,0.1969,0.0556,56,1.1538,0.12,210,0.05,0.0096,343,0.2428,0.1246,289,0.0261,0.0332,1879,0.0091,0.0483,615196,0.0185,0.0542,915,0.0998,0.1446,0.5868,0.0944,-0.0226,0
202502,23017,"oxford, me",457500,0.0708,0.1125,205,0.038,0.3946,101,0.0075,0.1198,76,0.3103,0.0857,0,,,52,0.5294,0.7333,26,0.1087,-0.1053,286,0.0582,0.1104,1776,0.0044,0.0272,632463,0.0486,0.066,230,0.0408,0.293,0.1244,0.0079,-0.0695,0
202502,42025,"carbon, pa",344950,0.0517,0.0214,301,-0.0066,0.2088,71,0.0108,0.2589,88,-0.0435,-0.1852,0,,-1,78,0.2581,0.625,94,0.1131,0.1333,204,0.0362,0.0554,1672,-0.0015,-0.086,406696,0.0082,-0.0744,391,0.0276,0.1884,0.3106,0.0334,-0.0207,0
202502,13315,"wilcox, ga",168125,0.0039,0.1134,9,-0.0526,0.8,195,0.1354,1,4,1,1,0,,,2,0,,4,,0.1667,105,-0.0458,0.3351,1471,-0.1335,-0.2447,253033,0.1013,0.3216,13,0.3684,0.7333,0.3889,,-0.2111,1
202502,51735,"poquoson, va",516105,0.049,0.0663,27,-0.0526,-0.0182,40,-0.2079,-0.0476,16,0.6,0,0,,,12,1,1,6,1,0.0909,231,0.0661,0.1319,2400,0.0468,0.0446,549030,0.0378,0.0791,33,0.0484,-0.0152,0.2222,0.117,0.0222,0
202502,17009,"brown, il",175100,-0.0796,0.3265,20,-0.1111,0.2903,95,0.0442,-0.087,4,0,1,0,,,0,,,7,3.6667,2.5,123,-0.0941,0.0874,1446,-0.0099,0.1868,192879,-0.0869,0.1297,26,0.1087,0.5,0.35,0.2833,0.221,1
202502,02016,"aleutians west census area, ak",642500,0,0.2876,1,0,0,253,0.1247,4.8046,0,,,0,,,0,,,,,,318,0,-0.0439,2020,0,0.3467,642500,0,0.2876,1,0,0,,,,1
202502,51760,"richmond, va",387500,0.0368,-0.0177,262,-0.0368,0.2423,46,-0.1208,0.2053,200,0.2195,0.087,4,1,-0.6,72,-0.234,-0.027,246,0.3977,-0.0734,249,0.0445,0.0505,1606,-0.0034,-0.0216,484934,0.0429,0.0191,503,0.1165,0.0646,0.9407,0.2925,-0.3206,0
202502,27055,"houston, mn",267450,0.029,0.0002,35,-0.1882,0.1695,107,-0.0023,-0.0533,8,-0.5,-0.4286,0,,,2,-0.6667,-0.5,19,0.0857,0.4074,150,0.0206,-0.0933,2070,0.0947,0.1378,424963,0.217,0.0953,50,-0.1538,0.1647,0.5507,0.139,0.0931,0
202502,19105,"jones, ia",181125,0.035,-0.237,30,0,-0.0328,80,-0.0093,0.8125,14,1.3333,-0.125,0,,,2,-0.5,-0.6667,17,0,0.4783,107,-0.0009,-0.0012,1706,-0.0676,-0.1206,229567,0.003,-0.0798,46,-0.0108,0.1084,0.5763,0,0.1992,1
202502,01105,"perry, al",152450,-0.0161,0.371,13,0,-0.3333,149,-0.0214,0.375,0,-1,-1,0,,,0,-1,,3,0,2,71,-0.0119,0.0804,2316,0,0.0747,178334,-0.0309,-0.0648,16,0.0323,-0.2381,0.2308,0,0.1795,1
202502,35006,"cibola, nm",194800,0.013,-0.1145,57,0.0367,1.1731,115,0.06,0.0132,14,0.75,2.5,0,,,6,-0.5714,,12,0.15,0.9167,116,-0.0269,0.0201,1769,0.1521,-0.0529,256022,0.0419,-0.1315,68,0.0625,1.125,0.2035,0.0201,-0.0272,1
202502,23025,"somerset, me",281100,0.0326,0.1361,137,-0.125,0.2353,94,-0.0625,-0.197,30,-0.2857,-0.25,0,,,22,0,0.1,28,0.3415,-0.0351,185,-0.0347,0.0194,1504,0.0128,-0.003,325105,0.0029,-0.0359,165,-0.0598,0.1913,0.2015,0.0701,-0.0565,0
